00000699	75.36047363	System	FangameTale AC: Initialisation du Driver...	
00000700	75.36048126	System	FangameTale AC: Protection Ring 0 Activee avec succes !	
00000701	75.61543274	System	7753437500 - STORMINI: StorAHCI - LPM: Port 01 - Port Stopped	
00000702	75.61589050	System	7753437500 - STORMINI: StorAHCI - LPM: Port 01 - Port Started	
00000703	75.69747925	System	PAC: msedgewebview2 -> msedgewebview2 Access=1FFFFF	
00000704	75.69773102	System	PAC: msedgewebview2 -> msedgewebview2 Access=1FFFFF	
00000705	75.69783020	System	PAC: msedgewebview2 -> msedgewebview2 Access=1000	
00000706	75.70152283	System	PAC: msedgewebview2 -> msedgewebview2 Access=1000	
00000707	75.70984650	System	PAC: msedgewebview2 -> msedgewebview2 Access=1000	
00000708	75.71237946	System	PAC: svchost.exe -> svchost.exe Access=1000	
00000709	75.71270752	System	PAC: svchost.exe -> svchost.exe Access=1000	
00000710	75.71290588	System	PAC: svchost.exe -> svchost.exe Access=1000	
00000711	75.71294403	System	PAC: svchost.exe -> svchost.exe Access=1000	
00000712	75.71295166	System	PAC: svchost.exe -> svchost.exe Access=1000	
00000713	75.71299744	System	PAC: svchost.exe -> svchost.exe Access=1000	
00000714	75.71300507	System	PAC: svchost.exe -> svchost.exe Access=1000	
00000715	75.71314240	System	PAC: svchost.exe -> svchost.exe Access=1000	
00000716	75.71332550	System	PAC: svchost.exe -> svchost.exe Access=1000	
00000717	75.71343231	System	PAC: lsass.exe -> svchost.exe Access=1000	
00000718	75.71984100	System	PAC: msedgewebview2 -> msedgewebview2 Access=1000	
00000719	75.76026154	System	PAC: svchost.exe -> explorer.exe Access=2000	
00000720	75.79402161	System	PAC: explorer.exe -> explorer.exe Access=1410	
00000721	75.79403687	System	PAC: explorer.exe -> explorer.exe Access=1000	
00000722	75.80052948	System	PAC: svchost.exe -> explorer.exe Access=2000	
00000723	75.80703735	System	PAC: svchost.exe -> VBoxService.ex Access=1000	
00000724	75.80785370	System	PAC: svchost.exe -> VBoxService.ex Access=1000	
00000725	75.80806732	System	PAC: svchost.exe -> VBoxService.ex Access=1000	
00000726	75.81261444	System	PAC: ctfmon.exe -> explorer.exe Access=1000	
00000727	75.81900787	System	PAC: msedgewebview2 -> msedgewebview2 Access=101451	
00000728	75.83749390	System	PAC: msedgewebview2 -> msedgewebview2 Access=1000	
00000729	75.83949280	System	PAC: msedgewebview2 -> msedgewebview2 Access=1000	
00000730	75.83958435	System	PAC: msedgewebview2 -> msedgewebview2 Access=1000	
00000731	75.83968353	System	PAC: msedgewebview2 -> msedgewebview2 Access=1000	
00000732	75.83994293	System	PAC: msedgewebview2 -> msedgewebview2 Access=1000	
00000733	75.84019470	System	PAC: msedgewebview2 -> msedgewebview2 Access=1FFFFF	
00000734	75.84020996	System	PAC: msedgewebview2 -> msedgewebview2 Access=1000	
00000735	75.84067535	System	PAC: msedgewebview2 -> msedgewebview2 Access=1FFFFF	
00000736	75.84069061	System	PAC: msedgewebview2 -> msedgewebview2 Access=1000	
00000737	75.84151459	System	PAC: msedgewebview2 -> msedgewebview2 Access=1000	
00000738	75.84160614	System	PAC: msedgewebview2 -> msedgewebview2 Access=1000	
00000739	75.84176636	System	PAC: msedgewebview2 -> msedgewebview2 Access=1000	
00000740	75.84950256	System	PAC: msedgewebview2 -> msedgewebview2 Access=1000	
00000741	75.90144348	System	PAC: msedgewebview2 -> msedgewebview2 Access=1000	
00000742	75.91875458	System	PAC: svchost.exe -> svchost.exe Access=1000	
00000743	75.91876221	System	PAC: svchost.exe -> svchost.exe Access=1000	
00000744	75.91883087	System	PAC: svchost.exe -> svchost.exe Access=1000	
00000745	75.91883850	System	PAC: svchost.exe -> svchost.exe Access=1000	
00000746	75.91888428	System	PAC: svchost.exe -> RuntimeBroker. Access=1000	
00000747	75.91889191	System	PAC: svchost.exe -> RuntimeBroker. Access=1000	
00000748	75.91893768	System	PAC: svchost.exe -> RuntimeBroker. Access=1000	
00000749	75.91893768	System	PAC: svchost.exe -> RuntimeBroker. Access=1000	
00000750	75.94094849	System	PAC: svchost.exe -> sihost.exe Access=1014C0	
00000751	75.96287537	System	PAC: svchost.exe -> explorer.exe Access=2000	
00000752	75.97602081	System	PAC: explorer.exe -> explorer.exe Access=1000	
00000753	75.98552704	System	PAC: explorer.exe -> explorer.exe Access=2000	
00000754	75.99314117	System	PAC: svchost.exe -> sihost.exe Access=1014C0	
00000755	75.99642181	System	PAC: svchost.exe -> SearchIndexer. Access=1000	
00000756	75.99696350	System	PAC: svchost.exe -> SearchIndexer. Access=1000	
00000757	75.99732208	System	PAC: svchost.exe -> SearchIndexer. Access=1000	
00000758	75.99752808	System	PAC: svchost.exe -> SearchIndexer. Access=1000	
00000759	75.99761200	System	PAC: svchost.exe -> SearchIndexer. Access=1000	
00000760	76.00785828	System	PAC: svchost.exe -> svchost.exe Access=101000	
00000761	76.00808716	System	PAC: svchost.exe -> svchost.exe Access=101000	
00000762	76.00817871	System	PAC: svchost.exe -> svchost.exe Access=101000	
00000763	76.01425171	System	PAC: ctfmon.exe -> explorer.exe Access=1000	
00000764	76.02023315	System	PAC: explorer.exe -> explorer.exe Access=2000	
00000765	76.02024078	System	PAC: explorer.exe -> TextInputHost. Access=2000	
00000766	76.02024841	System	PAC: explorer.exe -> SearchApp.exe Access=2000	
00000767	76.02024841	System	PAC: explorer.exe -> StartMenuExper Access=2000	
00000768	76.03453827	System	PAC: svchost.exe -> svchost.exe Access=101000	
00000769	76.03475189	System	PAC: svchost.exe -> svchost.exe Access=101000	
00000770	76.03482056	System	PAC: svchost.exe -> svchost.exe Access=101000	
00000771	76.04500580	System	PAC: svchost.exe -> svchost.exe Access=1000	
00000772	76.04528809	System	PAC: svchost.exe -> svchost.exe Access=1000	
00000773	76.04569244	System	PAC: svchost.exe -> svchost.exe Access=1000	
00000774	76.04594421	System	PAC: svchost.exe -> svchost.exe Access=1000	
00000775	76.04634857	System	PAC: svchost.exe -> svchost.exe Access=1000	
00000776	76.04644012	System	PAC: svchost.exe -> svchost.exe Access=1000	
00000777	76.04705811	System	PAC: svchost.exe -> svchost.exe Access=1000	
00000778	76.04712677	System	PAC: svchost.exe -> svchost.exe Access=1000	
00000779	76.04795837	System	PAC: svchost.exe -> svchost.exe Access=1000	
00000780	76.04801941	System	PAC: svchost.exe -> svchost.exe Access=1000	
00000781	76.04888153	System	PAC: svchost.exe -> svchost.exe Access=1000	
00000782	76.04892731	System	PAC: svchost.exe -> svchost.exe Access=1000	
00000783	76.04925537	System	PAC: svchost.exe -> svchost.exe Access=1000	
00000784	76.04932404	System	PAC: svchost.exe -> svchost.exe Access=1000	
00000785	76.05248260	System	PAC: svchost.exe -> svchost.exe Access=1000	
00000786	76.05255127	System	PAC: svchost.exe -> svchost.exe Access=1000	
00000787	76.05330658	System	PAC: svchost.exe -> svchost.exe Access=1000	
00000788	76.05333710	System	PAC: svchost.exe -> svchost.exe Access=1000	
00000789	76.05339050	System	PAC: svchost.exe -> svchost.exe Access=1000	
00000790	76.05349731	System	PAC: svchost.exe -> svchost.exe Access=1000	
00000791	76.05359650	System	PAC: svchost.exe -> svchost.exe Access=1000	
00000792	76.05383301	System	PAC: svchost.exe -> svchost.exe Access=1000	
00000793	76.05569458	System	PAC: svchost.exe -> svchost.exe Access=1000	
00000794	76.05826569	System	PAC: svchost.exe -> svchost.exe Access=1000	
00000795	76.06070709	System	PAC: svchost.exe -> svchost.exe Access=1000	
00000796	76.06266022	System	PAC: svchost.exe -> svchost.exe Access=1000	
00000797	76.06495667	System	PAC: svchost.exe -> svchost.exe Access=1000	
00000798	76.06629944	System	PAC: svchost.exe -> svchost.exe Access=1000	
00000799	76.06753540	System	PAC: svchost.exe -> svchost.exe Access=1000	
00000800	76.06882477	System	PAC: svchost.exe -> svchost.exe Access=1000	
00000801	76.07167053	System	PAC: svchost.exe -> svchost.exe Access=1000	
00000802	76.07207489	System	PAC: svchost.exe -> svchost.exe Access=1000	
00000803	76.07218170	System	PAC: svchost.exe -> svchost.exe Access=1000	
00000804	76.07460785	System	PAC: svchost.exe -> svchost.exe Access=1000	
00000805	76.07719421	System	PAC: svchost.exe -> svchost.exe Access=1000	
00000806	76.07729340	System	PAC: svchost.exe -> svchost.exe Access=1000	
00000807	76.07738495	System	PAC: svchost.exe -> svchost.exe Access=1000	
00000808	76.07744598	System	PAC: svchost.exe -> svchost.exe Access=1000	
00000809	76.07753754	System	PAC: svchost.exe -> svchost.exe Access=1000	
00000810	76.07781982	System	PAC: svchost.exe -> svchost.exe Access=1000	
00000811	76.07811737	System	PAC: svchost.exe -> svchost.exe Access=1000	
00000812	76.07828522	System	PAC: svchost.exe -> svchost.exe Access=1000	
00000813	76.08934784	System	PAC: svchost.exe -> svchost.exe Access=1000	
00000814	76.08935547	System	PAC: svchost.exe -> svchost.exe Access=1000	
00000815	76.08936310	System	PAC: svchost.exe -> svchost.exe Access=1000	
00000816	76.10364532	System	PAC: svchost.exe -> svchost.exe Access=1000	
00000817	76.10372925	System	PAC: svchost.exe -> svchost.exe Access=1000	
00000818	76.10396576	System	PAC: svchost.exe -> svchost.exe Access=1000	
00000819	76.10400391	System	PAC: svchost.exe -> svchost.exe Access=1000	
00000820	76.10408020	System	PAC: svchost.exe -> svchost.exe Access=1000	
00000821	76.10419464	System	PAC: svchost.exe -> svchost.exe Access=1000	
00000822	76.10426331	System	PAC: svchost.exe -> svchost.exe Access=1000	
00000823	76.10435486	System	PAC: svchost.exe -> svchost.exe Access=1000	
00000824	76.10443878	System	PAC: svchost.exe -> svchost.exe Access=1000	
00000825	76.10447693	System	PAC: svchost.exe -> svchost.exe Access=1000	
00000826	76.10452271	System	PAC: svchost.exe -> svchost.exe Access=1000	
00000827	76.10459900	System	PAC: svchost.exe -> svchost.exe Access=1000	
00000828	76.10468292	System	PAC: svchost.exe -> svchost.exe Access=1000	
00000829	76.10471344	System	PAC: svchost.exe -> svchost.exe Access=1000	
00000830	76.10495758	System	PAC: svchost.exe -> svchost.exe Access=1000	
00000831	76.10502625	System	PAC: svchost.exe -> svchost.exe Access=1000	
00000832	76.10524750	System	PAC: svchost.exe -> svchost.exe Access=1000	
00000833	76.10530853	System	PAC: svchost.exe -> svchost.exe Access=1000	
00000834	76.10535431	System	PAC: svchost.exe -> svchost.exe Access=1000	
00000835	76.10539246	System	PAC: svchost.exe -> svchost.exe Access=1000	
00000836	76.10550690	System	PAC: svchost.exe -> svchost.exe Access=1000	
00000837	76.10556793	System	PAC: svchost.exe -> svchost.exe Access=1000	
00000838	76.10560608	System	PAC: svchost.exe -> svchost.exe Access=1000	
00000839	76.10567474	System	PAC: svchost.exe -> svchost.exe Access=1000	
00000840	76.10569000	System	PAC: svchost.exe -> svchost.exe Access=1000	
00000841	76.10575104	System	PAC: svchost.exe -> svchost.exe Access=1000	
00000842	76.10578156	System	PAC: svchost.exe -> svchost.exe Access=1000	
00000843	76.10585022	System	PAC: svchost.exe -> svchost.exe Access=1000	
00000844	76.10591125	System	PAC: svchost.exe -> svchost.exe Access=1000	
00000845	76.10599518	System	PAC: svchost.exe -> svchost.exe Access=1000	
00000846	76.10633087	System	PAC: svchost.exe -> svchost.exe Access=1000	
00000847	76.10662842	System	PAC: svchost.exe -> svchost.exe Access=1000	
00000848	76.10680389	System	PAC: svchost.exe -> svchost.exe Access=1000	
00000849	76.10702515	System	PAC: svchost.exe -> svchost.exe Access=1000	
00000850	76.10716248	System	PAC: svchost.exe -> svchost.exe Access=1000	
00000851	76.10729218	System	PAC: svchost.exe -> svchost.exe Access=1000	
00000852	76.10741425	System	PAC: svchost.exe -> svchost.exe Access=1000	
00000853	76.10755157	System	PAC: svchost.exe -> svchost.exe Access=1000	
00000854	76.10773468	System	PAC: svchost.exe -> svchost.exe Access=1000	
00000855	76.10813141	System	PAC: svchost.exe -> svchost.exe Access=1000	
00000856	76.10865021	System	PAC: svchost.exe -> svchost.exe Access=1000	
00000857	76.10881805	System	PAC: svchost.exe -> svchost.exe Access=1000	
00000858	76.10926056	System	PAC: svchost.exe -> svchost.exe Access=1000	
00000859	76.11117554	System	PAC: svchost.exe -> svchost.exe Access=1000	
00000860	76.11328125	System	PAC: svchost.exe -> svchost.exe Access=1000	
00000861	76.11750031	System	PAC: svchost.exe -> svchost.exe Access=1000	
00000862	76.17217255	System	PAC: svchost.exe -> svchost.exe Access=1000	
00000863	76.21829987	System	PAC: svchost.exe -> svchost.exe Access=1000	
00000864	76.21830750	System	PAC: svchost.exe -> svchost.exe Access=40	
00000865	76.21917725	System	PAC: svchost.exe -> svchost.exe Access=1000	
00000866	76.21918488	System	PAC: svchost.exe -> svchost.exe Access=1000	
00000867	76.21925354	System	PAC: svchost.exe -> svchost.exe Access=1000	
00000868	76.21944427	System	PAC: svchost.exe -> svchost.exe Access=1000	
00000869	76.21945190	System	PAC: svchost.exe -> svchost.exe Access=1000	
00000870	76.22015381	System	PAC: svchost.exe -> StartMenuExper Access=1000	
00000871	76.22028351	System	PAC: svchost.exe -> explorer.exe Access=1000	
00000872	76.22080994	System	PAC: svchost.exe -> svchost.exe Access=1000	
00000873	76.22080994	System	PAC: svchost.exe -> explorer.exe Access=1000	
00000874	76.22349548	System	PAC: svchost.exe -> sihost.exe Access=1000	
00000875	76.22507477	System	PAC: svchost.exe -> sihost.exe Access=1000	
00000876	76.22552490	System	PAC: svchost.exe -> explorer.exe Access=2000	
00000877	76.22664642	System	PAC: lsass.exe -> sihost.exe Access=1000	
00000878	76.22673035	System	PAC: svchost.exe -> SearchIndexer. Access=1000	
00000879	76.22675323	System	PAC: lsass.exe -> sihost.exe Access=1000	
00000880	76.22685242	System	PAC: lsass.exe -> sihost.exe Access=1000	
00000881	76.22702789	System	PAC: lsass.exe -> sihost.exe Access=1000	
00000882	76.22901917	System	PAC: svchost.exe -> SearchIndexer. Access=1000	
00000883	76.23027039	System	PAC: svchost.exe -> SearchIndexer. Access=1000	
00000884	76.23054504	System	PAC: svchost.exe -> SearchIndexer. Access=1000	
00000885	76.23062134	System	PAC: svchost.exe -> SearchIndexer. Access=1000	
00000886	76.23173523	System	PAC: svchost.exe -> svchost.exe Access=1000	
00000887	76.23246765	System	PAC: svchost.exe -> svchost.exe Access=1000	
00000888	76.23333740	System	PAC: svchost.exe -> svchost.exe Access=1000	
00000889	76.23378754	System	PAC: svchost.exe -> svchost.exe Access=1000	
00000890	76.23383331	System	PAC: svchost.exe -> StartMenuExper Access=1000	
00000891	76.23386383	System	PAC: svchost.exe -> svchost.exe Access=1000	
00000892	76.23619080	System	PAC: svchost.exe -> explorer.exe Access=1000	
00000893	76.23723602	System	PAC: ctfmon.exe -> explorer.exe Access=1000	
00000894	76.23876190	System	PAC: svchost.exe -> explorer.exe Access=1000	
00000895	76.23987579	System	PAC: svchost.exe -> svchost.exe Access=1000	
00000896	76.24008179	System	PAC: svchost.exe -> svchost.exe Access=1000	
00000897	76.24028015	System	PAC: svchost.exe -> explorer.exe Access=1000	
00000898	76.24162292	System	PAC: svchost.exe -> StartMenuExper Access=1000	
00000899	76.24211884	System	PAC: svchost.exe -> svchost.exe Access=1000	
00000900	76.24337006	System	PAC: svchost.exe -> explorer.exe Access=1000	
00000901	76.24340057	System	PAC: svchost.exe -> explorer.exe Access=1000	
00000902	76.24341583	System	PAC: svchost.exe -> StartMenuExper Access=1000	
00000903	76.24368286	System	PAC: svchost.exe -> svchost.exe Access=1000	
00000904	76.24472046	System	PAC: svchost.exe -> explorer.exe Access=1000	
00000905	76.24551392	System	PAC: svchost.exe -> explorer.exe Access=1000	
00000906	76.24590302	System	PAC: svchost.exe -> explorer.exe Access=1000	
00000907	76.24617767	System	PAC: svchost.exe -> explorer.exe Access=1000	
00000908	76.24813080	System	PAC: svchost.exe -> svchost.exe Access=1000	
00000909	76.24832153	System	PAC: svchost.exe -> StartMenuExper Access=1000	
00000910	76.24895477	System	PAC: svchost.exe -> explorer.exe Access=1000	
00000911	76.24903107	System	PAC: svchost.exe -> svchost.exe Access=1000	
00000912	76.24904633	System	PAC: svchost.exe -> svchost.exe Access=1000	
00000913	76.24909973	System	PAC: svchost.exe -> RuntimeBroker. Access=1000	
00000914	76.24911499	System	PAC: svchost.exe -> explorer.exe Access=1000	
00000915	76.24940491	System	PAC: svchost.exe -> svchost.exe Access=1000	
00000916	76.24940491	System	PAC: svchost.exe -> explorer.exe Access=1000	
00000917	76.24963379	System	PAC: svchost.exe -> svchost.exe Access=1000	
00000918	76.25072479	System	PAC: svchost.exe -> StartMenuExper Access=1000	
00000919	76.25080109	System	PAC: svchost.exe -> StartMenuExper Access=1000	
00000920	76.25091553	System	PAC: svchost.exe -> explorer.exe Access=1000	
00000921	76.25119019	System	PAC: svchost.exe -> explorer.exe Access=1000	
00000922	76.25215912	System	PAC: explorer.exe -> explorer.exe Access=1000	
00000923	76.25240326	System	PAC: svchost.exe -> explorer.exe Access=1000	
00000924	76.25258636	System	PAC: svchost.exe -> svchost.exe Access=1000	
00000925	76.25291443	System	PAC: svchost.exe -> explorer.exe Access=1000	
00000926	76.25345612	System	PAC: svchost.exe -> explorer.exe Access=1000	
00000927	76.25353241	System	PAC: svchost.exe -> explorer.exe Access=1000	
00000928	76.25392914	System	PAC: svchost.exe -> explorer.exe Access=1000	
00000929	76.25505066	System	PAC: svchost.exe -> explorer.exe Access=1000	
00000930	76.25512695	System	PAC: svchost.exe -> explorer.exe Access=1000	
00000931	76.25550842	System	PAC: svchost.exe -> svchost.exe Access=1000	
00000932	76.25564575	System	PAC: svchost.exe -> explorer.exe Access=1000	
00000933	76.25593567	System	PAC: svchost.exe -> explorer.exe Access=1000	
00000934	76.25619507	System	PAC: svchost.exe -> explorer.exe Access=1000	
00000935	76.25639343	System	PAC: svchost.exe -> explorer.exe Access=1000	
00000936	76.25647736	System	PAC: svchost.exe -> explorer.exe Access=1000	
00000937	76.25653839	System	PAC: svchost.exe -> svchost.exe Access=1000	
00000938	76.25659943	System	PAC: svchost.exe -> explorer.exe Access=1000	
00000939	76.25691223	System	PAC: svchost.exe -> explorer.exe Access=1000	
00000940	76.25696564	System	PAC: svchost.exe -> explorer.exe Access=1000	
00000941	76.25707245	System	PAC: svchost.exe -> explorer.exe Access=1000	
00000942	76.25733185	System	PAC: svchost.exe -> StartMenuExper Access=1000	
00000943	76.25741577	System	PAC: svchost.exe -> explorer.exe Access=1000	
00000944	76.25804138	System	PAC: svchost.exe -> explorer.exe Access=1000	
00000945	76.26003265	System	PAC: svchost.exe -> explorer.exe Access=1000	
00000946	76.26006317	System	PAC: svchost.exe -> StartMenuExper Access=1000	
00000947	76.26020813	System	PAC: svchost.exe -> explorer.exe Access=1000	
00000948	76.26093292	System	PAC: svchost.exe -> explorer.exe Access=1000	
00000949	76.26117706	System	PAC: svchost.exe -> explorer.exe Access=1000	
00000950	76.26166534	System	PAC: svchost.exe -> explorer.exe Access=1000	
00000951	76.26175690	System	PAC: svchost.exe -> StartMenuExper Access=1000	
00000952	76.26176453	System	PAC: svchost.exe -> explorer.exe Access=1000	
00000953	76.26268768	System	PAC: svchost.exe -> explorer.exe Access=1000	
00000954	76.26322174	System	PAC: svchost.exe -> explorer.exe Access=1000	
00000955	76.26325989	System	PAC: svchost.exe -> explorer.exe Access=1000	
00000956	76.26354980	System	PAC: svchost.exe -> explorer.exe Access=1000	
00000957	76.26384735	System	PAC: svchost.exe -> explorer.exe Access=1000	
00000958	76.26417542	System	PAC: svchost.exe -> explorer.exe Access=1000	
00000959	76.26450348	System	PAC: svchost.exe -> explorer.exe Access=1000	
00000960	76.26468658	System	PAC: svchost.exe -> explorer.exe Access=1000	
00000961	76.26473999	System	PAC: svchost.exe -> explorer.exe Access=1000	
00000962	76.26480865	System	PAC: svchost.exe -> explorer.exe Access=1000	
00000963	76.26516724	System	PAC: svchost.exe -> explorer.exe Access=1000	
00000964	76.26560211	System	PAC: svchost.exe -> explorer.exe Access=1000	
00000965	76.26596069	System	PAC: svchost.exe -> explorer.exe Access=1000	
00000966	76.26619720	System	PAC: svchost.exe -> explorer.exe Access=1000	
00000967	76.26660156	System	PAC: svchost.exe -> explorer.exe Access=1000	
00000968	76.26692200	System	PAC: svchost.exe -> explorer.exe Access=1000	
00000969	76.26716614	System	PAC: svchost.exe -> explorer.exe Access=1000	
00000970	76.26739502	System	PAC: svchost.exe -> explorer.exe Access=1000	
00000971	76.26771545	System	PAC: svchost.exe -> explorer.exe Access=1000	
00000972	76.26794434	System	PAC: svchost.exe -> explorer.exe Access=1000	
00000973	76.26797485	System	PAC: explorer.exe -> explorer.exe Access=1000	
00000974	76.26836395	System	PAC: svchost.exe -> explorer.exe Access=1000	
00000975	76.26868439	System	PAC: svchost.exe -> explorer.exe Access=1000	
00000976	76.26894379	System	PAC: svchost.exe -> explorer.exe Access=1000	
00000977	76.26917267	System	PAC: svchost.exe -> explorer.exe Access=1000	
00000978	76.26949310	System	PAC: svchost.exe -> explorer.exe Access=1000	
00000979	76.26973724	System	PAC: svchost.exe -> explorer.exe Access=1000	
00000980	76.27005768	System	PAC: svchost.exe -> explorer.exe Access=1000	
00000981	76.27030945	System	PAC: svchost.exe -> explorer.exe Access=1000	
00000982	76.27062988	System	PAC: svchost.exe -> explorer.exe Access=1000	
00000983	76.27085876	System	PAC: svchost.exe -> explorer.exe Access=1000	
00000984	76.27117920	System	PAC: svchost.exe -> explorer.exe Access=1000	
00000985	76.27149200	System	PAC: svchost.exe -> explorer.exe Access=1000	
00000986	76.27175903	System	PAC: svchost.exe -> explorer.exe Access=1000	
00000987	76.27198792	System	PAC: svchost.exe -> explorer.exe Access=1000	
00000988	76.27227783	System	PAC: svchost.exe -> explorer.exe Access=1000	
00000989	76.27275848	System	PAC: svchost.exe -> explorer.exe Access=1000	
00000990	76.27309418	System	PAC: svchost.exe -> explorer.exe Access=1000	
00000991	76.27327728	System	PAC: explorer.exe -> explorer.exe Access=2000	
00000992	76.27332306	System	PAC: svchost.exe -> explorer.exe Access=1000	
00000993	76.27355194	System	PAC: svchost.exe -> explorer.exe Access=1000	
00000994	76.27397156	System	PAC: svchost.exe -> explorer.exe Access=1000	
00000995	76.27436066	System	PAC: svchost.exe -> explorer.exe Access=1000	
00000996	76.27463531	System	PAC: svchost.exe -> explorer.exe Access=1000	
00000997	76.27954865	System	PAC: svchost.exe -> explorer.exe Access=1000	
00000998	76.28154755	System	PAC: svchost.exe -> explorer.exe Access=1000	
00000999	76.28179169	System	PAC: svchost.exe -> explorer.exe Access=1000	
00001000	76.28202820	System	PAC: svchost.exe -> explorer.exe Access=1000	
00001001	76.28226471	System	PAC: svchost.exe -> explorer.exe Access=1000	
00001002	76.28249359	System	PAC: svchost.exe -> explorer.exe Access=1000	
00001003	76.28272247	System	PAC: svchost.exe -> explorer.exe Access=1000	
00001004	76.28294373	System	PAC: svchost.exe -> explorer.exe Access=1000	
00001005	76.28324890	System	PAC: svchost.exe -> explorer.exe Access=1000	
00001006	76.28353119	System	PAC: svchost.exe -> explorer.exe Access=1000	
00001007	76.28378296	System	PAC: svchost.exe -> explorer.exe Access=1000	
00001008	76.28401947	System	PAC: svchost.exe -> explorer.exe Access=1000	
00001009	76.28411865	System	PAC: svchost.exe -> svchost.exe Access=1000	
00001010	76.28430176	System	PAC: svchost.exe -> explorer.exe Access=1000	
00001011	76.28454590	System	PAC: svchost.exe -> explorer.exe Access=1000	
00001012	76.28478241	System	PAC: svchost.exe -> explorer.exe Access=1000	
00001013	76.28485107	System	PAC: svchost.exe -> svchost.exe Access=1000	
00001014	76.28508759	System	PAC: svchost.exe -> explorer.exe Access=1000	
00001015	76.28532410	System	PAC: svchost.exe -> explorer.exe Access=1000	
00001016	76.28558350	System	PAC: svchost.exe -> explorer.exe Access=1000	
00001017	76.28581238	System	PAC: svchost.exe -> explorer.exe Access=1000	
00001018	76.28603363	System	PAC: svchost.exe -> explorer.exe Access=1000	
00001019	76.28626251	System	PAC: svchost.exe -> explorer.exe Access=1000	
00001020	76.28649139	System	PAC: svchost.exe -> explorer.exe Access=1000	
00001021	76.28674316	System	PAC: svchost.exe -> explorer.exe Access=1000	
00001022	76.28707123	System	PAC: svchost.exe -> explorer.exe Access=1000	
00001023	76.28730011	System	PAC: svchost.exe -> explorer.exe Access=1000	
00001024	76.28752899	System	PAC: svchost.exe -> explorer.exe Access=1000	
00001025	76.28775024	System	PAC: svchost.exe -> explorer.exe Access=1000	
00001026	76.28799438	System	PAC: svchost.exe -> svchost.exe Access=1000	
00001027	76.28936005	System	PAC: svchost.exe -> explorer.exe Access=1000	
00001028	76.28963470	System	PAC: svchost.exe -> explorer.exe Access=1000	
00001029	76.28991699	System	PAC: svchost.exe -> explorer.exe Access=1000	
00001030	76.29125214	System	PAC: svchost.exe -> explorer.exe Access=1000	
00001031	76.29148865	System	PAC: svchost.exe -> explorer.exe Access=1000	
00001032	76.29190063	System	PAC: svchost.exe -> explorer.exe Access=1000	
00001033	76.29213715	System	PAC: svchost.exe -> explorer.exe Access=1000	
00001034	76.29225159	System	PAC: svchost.exe -> explorer.exe Access=1000	
00001035	76.29236603	System	PAC: svchost.exe -> explorer.exe Access=1000	
00001036	76.29262543	System	PAC: svchost.exe -> explorer.exe Access=1000	
00001037	76.29289246	System	PAC: svchost.exe -> explorer.exe Access=1000	
00001038	76.29312897	System	PAC: svchost.exe -> explorer.exe Access=1000	
00001039	76.29321289	System	PAC: svchost.exe -> explorer.exe Access=1000	
00001040	76.29337311	System	PAC: svchost.exe -> explorer.exe Access=1000	
00001041	76.29345703	System	PAC: svchost.exe -> explorer.exe Access=1000	
00001042	76.29360199	System	PAC: svchost.exe -> explorer.exe Access=1000	
00001043	76.29382324	System	PAC: svchost.exe -> explorer.exe Access=1000	
00001044	76.29489899	System	PAC: svchost.exe -> explorer.exe Access=1000	
00001045	76.29513550	System	PAC: svchost.exe -> explorer.exe Access=1000	
00001046	76.29537964	System	PAC: svchost.exe -> explorer.exe Access=1000	
00001047	76.29538727	System	PAC: svchost.exe -> explorer.exe Access=1000	
00001048	76.29539490	System	PAC: svchost.exe -> explorer.exe Access=1000	
00001049	76.29539490	System	PAC: svchost.exe -> explorer.exe Access=1000	
00001050	76.29540253	System	PAC: svchost.exe -> explorer.exe Access=1000	
00001051	76.29540253	System	PAC: svchost.exe -> explorer.exe Access=1000	
00001052	76.29541016	System	PAC: svchost.exe -> explorer.exe Access=1000	
00001053	76.29541016	System	PAC: svchost.exe -> explorer.exe Access=1000	
00001054	76.29541779	System	PAC: svchost.exe -> explorer.exe Access=1000	
00001055	76.29542542	System	PAC: svchost.exe -> explorer.exe Access=1000	
00001056	76.29546356	System	PAC: svchost.exe -> explorer.exe Access=1000	
00001057	76.29547119	System	PAC: svchost.exe -> explorer.exe Access=1000	
00001058	76.29547119	System	PAC: svchost.exe -> explorer.exe Access=1000	
00001059	76.29547882	System	PAC: svchost.exe -> explorer.exe Access=1000	
00001060	76.29547882	System	PAC: svchost.exe -> explorer.exe Access=1000	
00001061	76.29547882	System	PAC: svchost.exe -> explorer.exe Access=1000	
00001062	76.29548645	System	PAC: svchost.exe -> explorer.exe Access=1000	
00001063	76.29550171	System	PAC: svchost.exe -> explorer.exe Access=1000	
00001064	76.29550171	System	PAC: svchost.exe -> explorer.exe Access=1000	
00001065	76.29550934	System	PAC: svchost.exe -> explorer.exe Access=1000	
00001066	76.29551697	System	PAC: svchost.exe -> explorer.exe Access=1000	
00001067	76.29551697	System	PAC: svchost.exe -> explorer.exe Access=1000	
00001068	76.29551697	System	PAC: svchost.exe -> explorer.exe Access=1000	
00001069	76.29552460	System	PAC: svchost.exe -> explorer.exe Access=1000	
00001070	76.29552460	System	PAC: svchost.exe -> explorer.exe Access=1000	
00001071	76.29553223	System	PAC: svchost.exe -> explorer.exe Access=1000	
00001072	76.29553223	System	PAC: svchost.exe -> explorer.exe Access=1000	
00001073	76.29553986	System	PAC: svchost.exe -> explorer.exe Access=1000	
00001074	76.29554749	System	PAC: svchost.exe -> explorer.exe Access=1000	
00001075	76.29554749	System	PAC: svchost.exe -> explorer.exe Access=1000	
00001076	76.29555511	System	PAC: svchost.exe -> explorer.exe Access=1000	
00001077	76.29555511	System	PAC: svchost.exe -> explorer.exe Access=1000	
00001078	76.29555511	System	PAC: svchost.exe -> explorer.exe Access=1000	
00001079	76.29556274	System	PAC: svchost.exe -> explorer.exe Access=1000	
00001080	76.29556274	System	PAC: svchost.exe -> explorer.exe Access=1000	
00001081	76.29557037	System	PAC: svchost.exe -> explorer.exe Access=1000	
00001082	76.29557037	System	PAC: svchost.exe -> explorer.exe Access=1000	
00001083	76.29557800	System	PAC: svchost.exe -> explorer.exe Access=1000	
00001084	76.29558563	System	PAC: svchost.exe -> explorer.exe Access=1000	
00001085	76.29558563	System	PAC: svchost.exe -> explorer.exe Access=1000	
00001086	76.29559326	System	PAC: svchost.exe -> explorer.exe Access=1000	
00001087	76.29559326	System	PAC: svchost.exe -> explorer.exe Access=1000	
00001088	76.29559326	System	PAC: svchost.exe -> explorer.exe Access=1000	
00001089	76.29560089	System	PAC: svchost.exe -> explorer.exe Access=1000	
00001090	76.29560852	System	PAC: svchost.exe -> explorer.exe Access=1000	
00001091	76.29561615	System	PAC: svchost.exe -> explorer.exe Access=1000	
00001092	76.29561615	System	PAC: svchost.exe -> explorer.exe Access=1000	
00001093	76.29562378	System	PAC: svchost.exe -> explorer.exe Access=1000	
00001094	76.29563141	System	PAC: svchost.exe -> explorer.exe Access=1000	
00001095	76.29563141	System	PAC: svchost.exe -> explorer.exe Access=1000	
00001096	76.29563141	System	PAC: svchost.exe -> explorer.exe Access=1000	
00001097	76.29563904	System	PAC: svchost.exe -> explorer.exe Access=1000	
00001098	76.29563904	System	PAC: svchost.exe -> explorer.exe Access=1000	
00001099	76.29564667	System	PAC: svchost.exe -> explorer.exe Access=1000	
00001100	76.29564667	System	PAC: svchost.exe -> explorer.exe Access=1000	
00001101	76.29565430	System	PAC: svchost.exe -> explorer.exe Access=1000	
00001102	76.29566193	System	PAC: svchost.exe -> explorer.exe Access=1000	
00001103	76.29566193	System	PAC: svchost.exe -> explorer.exe Access=1000	
00001104	76.29566956	System	PAC: svchost.exe -> explorer.exe Access=1000	
00001105	76.29567719	System	PAC: svchost.exe -> explorer.exe Access=1000	
00001106	76.29567719	System	PAC: svchost.exe -> explorer.exe Access=1000	
00001107	76.29567719	System	PAC: svchost.exe -> explorer.exe Access=1000	
00001108	76.29567719	System	PAC: svchost.exe -> explorer.exe Access=1000	
00001109	76.29568481	System	PAC: svchost.exe -> explorer.exe Access=1000	
00001110	76.29569244	System	PAC: svchost.exe -> explorer.exe Access=1000	
00001111	76.29570007	System	PAC: svchost.exe -> explorer.exe Access=1000	
00001112	76.29570007	System	PAC: svchost.exe -> explorer.exe Access=1000	
00001113	76.29570770	System	PAC: svchost.exe -> explorer.exe Access=1000	
00001114	76.29570770	System	PAC: svchost.exe -> explorer.exe Access=1000	
00001115	76.29571533	System	PAC: svchost.exe -> explorer.exe Access=1000	
00001116	76.29571533	System	PAC: svchost.exe -> explorer.exe Access=1000	
00001117	76.29571533	System	PAC: svchost.exe -> explorer.exe Access=1000	
00001118	76.29572296	System	PAC: svchost.exe -> explorer.exe Access=1000	
00001119	76.29572296	System	PAC: svchost.exe -> explorer.exe Access=1000	
00001120	76.29573059	System	PAC: svchost.exe -> explorer.exe Access=1000	
00001121	76.29573822	System	PAC: svchost.exe -> explorer.exe Access=1000	
00001122	76.29573822	System	PAC: svchost.exe -> explorer.exe Access=1000	
00001123	76.29574585	System	PAC: svchost.exe -> explorer.exe Access=1000	
00001124	76.29574585	System	PAC: svchost.exe -> explorer.exe Access=1000	
00001125	76.29575348	System	PAC: svchost.exe -> explorer.exe Access=1000	
00001126	76.29575348	System	PAC: svchost.exe -> explorer.exe Access=1000	
00001127	76.29575348	System	PAC: svchost.exe -> explorer.exe Access=1000	
00001128	76.29576111	System	PAC: svchost.exe -> explorer.exe Access=1000	
00001129	76.29576111	System	PAC: svchost.exe -> explorer.exe Access=1000	
00001130	76.29576874	System	PAC: svchost.exe -> explorer.exe Access=1000	
00001131	76.29577637	System	PAC: svchost.exe -> explorer.exe Access=1000	
00001132	76.29577637	System	PAC: svchost.exe -> explorer.exe Access=1000	
00001133	76.29578400	System	PAC: svchost.exe -> explorer.exe Access=1000	
00001134	76.29595184	System	PAC: svchost.exe -> explorer.exe Access=1000	
00001135	76.29595184	System	PAC: svchost.exe -> explorer.exe Access=1000	
00001136	76.29595947	System	PAC: svchost.exe -> explorer.exe Access=1000	
00001137	76.29596710	System	PAC: svchost.exe -> explorer.exe Access=1000	
00001138	76.29596710	System	PAC: svchost.exe -> explorer.exe Access=1000	
00001139	76.29597473	System	PAC: svchost.exe -> explorer.exe Access=1000	
00001140	76.29598236	System	PAC: svchost.exe -> explorer.exe Access=1000	
00001141	76.29598999	System	PAC: svchost.exe -> explorer.exe Access=1000	
00001142	76.29598999	System	PAC: svchost.exe -> explorer.exe Access=1000	
00001143	76.29598999	System	PAC: svchost.exe -> explorer.exe Access=1000	
00001144	76.29599762	System	PAC: svchost.exe -> explorer.exe Access=1000	
00001145	76.29599762	System	PAC: svchost.exe -> explorer.exe Access=1000	
00001146	76.29600525	System	PAC: svchost.exe -> explorer.exe Access=1000	
00001147	76.30437469	System	PAC: sihost.exe -> sihost.exe Access=1000	
00001148	76.30438995	System	PAC: sihost.exe -> sihost.exe Access=1000	
00001149	76.30606842	System	PAC: svchost.exe -> explorer.exe Access=1000	
00001150	76.30607605	System	PAC: svchost.exe -> explorer.exe Access=1000	
00001151	76.30608368	System	PAC: svchost.exe -> explorer.exe Access=1000	
00001152	76.30608368	System	PAC: svchost.exe -> explorer.exe Access=1000	
00001153	76.30608368	System	PAC: svchost.exe -> explorer.exe Access=1000	
00001154	76.30609131	System	PAC: svchost.exe -> explorer.exe Access=1000	
00001155	76.30609131	System	PAC: svchost.exe -> explorer.exe Access=1000	
00001156	76.30609894	System	PAC: svchost.exe -> explorer.exe Access=1000	
00001157	76.30609894	System	PAC: svchost.exe -> explorer.exe Access=1000	
00001158	76.30610657	System	PAC: svchost.exe -> explorer.exe Access=1000	
00001159	76.30611420	System	PAC: svchost.exe -> explorer.exe Access=1000	
00001160	76.30611420	System	PAC: svchost.exe -> explorer.exe Access=1000	
00001161	76.30612183	System	PAC: svchost.exe -> explorer.exe Access=1000	
00001162	76.30612183	System	PAC: svchost.exe -> explorer.exe Access=1000	
00001163	76.30612183	System	PAC: svchost.exe -> explorer.exe Access=1000	
00001164	76.30612183	System	PAC: svchost.exe -> explorer.exe Access=1000	
00001165	76.30612946	System	PAC: svchost.exe -> explorer.exe Access=1000	
00001166	76.30613708	System	PAC: svchost.exe -> explorer.exe Access=1000	
00001167	76.30613708	System	PAC: svchost.exe -> explorer.exe Access=1000	
00001168	76.30614471	System	PAC: svchost.exe -> explorer.exe Access=1000	
00001169	76.30614471	System	PAC: svchost.exe -> explorer.exe Access=1000	
00001170	76.30615234	System	PAC: svchost.exe -> explorer.exe Access=1000	
00001171	76.30615234	System	PAC: svchost.exe -> explorer.exe Access=1000	
00001172	76.30615997	System	PAC: svchost.exe -> explorer.exe Access=1000	
00001173	76.30615997	System	PAC: svchost.exe -> explorer.exe Access=1000	
00001174	76.30615997	System	PAC: svchost.exe -> explorer.exe Access=1000	
00001175	76.30616760	System	PAC: svchost.exe -> explorer.exe Access=1000	
00001176	76.30616760	System	PAC: svchost.exe -> explorer.exe Access=1000	
00001177	76.30617523	System	PAC: svchost.exe -> explorer.exe Access=1000	
00001178	76.30617523	System	PAC: svchost.exe -> explorer.exe Access=1000	
00001179	76.30618286	System	PAC: svchost.exe -> explorer.exe Access=1000	
00001180	76.30618286	System	PAC: svchost.exe -> explorer.exe Access=1000	
00001181	76.30619049	System	PAC: svchost.exe -> explorer.exe Access=1000	
00001182	76.30619049	System	PAC: svchost.exe -> explorer.exe Access=1000	
00001183	76.30619812	System	PAC: svchost.exe -> explorer.exe Access=1000	
00001184	76.30619812	System	PAC: svchost.exe -> explorer.exe Access=1000	
00001185	76.30619812	System	PAC: svchost.exe -> explorer.exe Access=1000	
00001186	76.30620575	System	PAC: svchost.exe -> explorer.exe Access=1000	
00001187	76.30620575	System	PAC: svchost.exe -> explorer.exe Access=1000	
00001188	76.30621338	System	PAC: svchost.exe -> explorer.exe Access=1000	
00001189	76.30621338	System	PAC: svchost.exe -> explorer.exe Access=1000	
00001190	76.30622101	System	PAC: svchost.exe -> explorer.exe Access=1000	
00001191	76.30622101	System	PAC: svchost.exe -> explorer.exe Access=1000	
00001192	76.30622864	System	PAC: svchost.exe -> explorer.exe Access=1000	
00001193	76.30622864	System	PAC: svchost.exe -> explorer.exe Access=1000	
00001194	76.30622864	System	PAC: svchost.exe -> explorer.exe Access=1000	
00001195	76.30623627	System	PAC: svchost.exe -> explorer.exe Access=1000	
00001196	76.30623627	System	PAC: svchost.exe -> explorer.exe Access=1000	
00001197	76.30623627	System	PAC: svchost.exe -> explorer.exe Access=1000	
00001198	76.30623627	System	PAC: svchost.exe -> explorer.exe Access=1000	
00001199	76.30624390	System	PAC: svchost.exe -> explorer.exe Access=1000	
00001200	76.30624390	System	PAC: svchost.exe -> explorer.exe Access=1000	
00001201	76.30625153	System	PAC: svchost.exe -> explorer.exe Access=1000	
00001202	76.30625153	System	PAC: svchost.exe -> explorer.exe Access=1000	
00001203	76.30625153	System	PAC: svchost.exe -> explorer.exe Access=1000	
00001204	76.30625916	System	PAC: svchost.exe -> explorer.exe Access=1000	
00001205	76.30625916	System	PAC: svchost.exe -> explorer.exe Access=1000	
00001206	76.30626678	System	PAC: svchost.exe -> explorer.exe Access=1000	
00001207	76.30626678	System	PAC: svchost.exe -> explorer.exe Access=1000	
00001208	76.30627441	System	PAC: svchost.exe -> explorer.exe Access=1000	
00001209	76.30627441	System	PAC: svchost.exe -> explorer.exe Access=1000	
00001210	76.30628204	System	PAC: svchost.exe -> explorer.exe Access=1000	
00001211	76.30628204	System	PAC: svchost.exe -> explorer.exe Access=1000	
00001212	76.30628204	System	PAC: svchost.exe -> explorer.exe Access=1000	
00001213	76.30628204	System	PAC: svchost.exe -> explorer.exe Access=1000	
00001214	76.30628204	System	PAC: svchost.exe -> explorer.exe Access=1000	
00001215	76.30628967	System	PAC: svchost.exe -> explorer.exe Access=1000	
00001216	76.30628967	System	PAC: svchost.exe -> explorer.exe Access=1000	
00001217	76.30629730	System	PAC: svchost.exe -> explorer.exe Access=1000	
00001218	76.30629730	System	PAC: svchost.exe -> explorer.exe Access=1000	
00001219	76.30630493	System	PAC: svchost.exe -> explorer.exe Access=1000	
00001220	76.30630493	System	PAC: svchost.exe -> explorer.exe Access=1000	
00001221	76.30631256	System	PAC: svchost.exe -> explorer.exe Access=1000	
00001222	76.30631256	System	PAC: svchost.exe -> explorer.exe Access=1000	
00001223	76.30631256	System	PAC: svchost.exe -> explorer.exe Access=1000	
00001224	76.30632019	System	PAC: svchost.exe -> explorer.exe Access=1000	
00001225	76.30632019	System	PAC: svchost.exe -> explorer.exe Access=1000	
00001226	76.30632019	System	PAC: svchost.exe -> explorer.exe Access=1000	
00001227	76.30632019	System	PAC: svchost.exe -> explorer.exe Access=1000	
00001228	76.30632782	System	PAC: svchost.exe -> explorer.exe Access=1000	
00001229	76.30632782	System	PAC: svchost.exe -> explorer.exe Access=1000	
00001230	76.30633545	System	PAC: svchost.exe -> explorer.exe Access=1000	
00001231	76.30633545	System	PAC: svchost.exe -> explorer.exe Access=1000	
00001232	76.30633545	System	PAC: svchost.exe -> explorer.exe Access=1000	
00001233	76.30634308	System	PAC: svchost.exe -> explorer.exe Access=1000	
00001234	76.30634308	System	PAC: svchost.exe -> explorer.exe Access=1000	
00001235	76.30635071	System	PAC: svchost.exe -> explorer.exe Access=1000	
00001236	76.30635071	System	PAC: svchost.exe -> explorer.exe Access=1000	
00001237	76.30635834	System	PAC: svchost.exe -> explorer.exe Access=1000	
00001238	76.30635834	System	PAC: svchost.exe -> explorer.exe Access=1000	
00001239	76.30635834	System	PAC: svchost.exe -> explorer.exe Access=1000	
00001240	76.30635834	System	PAC: svchost.exe -> explorer.exe Access=1000	
00001241	76.30635834	System	PAC: svchost.exe -> explorer.exe Access=1000	
00001242	76.30636597	System	PAC: svchost.exe -> explorer.exe Access=1000	
00001243	76.30636597	System	PAC: svchost.exe -> explorer.exe Access=1000	
00001244	76.30637360	System	PAC: svchost.exe -> explorer.exe Access=1000	
00001245	76.30637360	System	PAC: svchost.exe -> explorer.exe Access=1000	
00001246	76.30638123	System	PAC: svchost.exe -> explorer.exe Access=1000	
00001247	76.30638123	System	PAC: svchost.exe -> explorer.exe Access=1000	
00001248	76.30638885	System	PAC: svchost.exe -> explorer.exe Access=1000	
00001249	76.30638885	System	PAC: svchost.exe -> explorer.exe Access=1000	
00001250	76.30642700	System	PAC: svchost.exe -> explorer.exe Access=1000	
00001251	76.30657196	System	PAC: svchost.exe -> explorer.exe Access=1000	
00001252	76.30657959	System	PAC: svchost.exe -> explorer.exe Access=1000	
00001253	76.30658722	System	PAC: svchost.exe -> explorer.exe Access=1000	
00001254	76.30658722	System	PAC: svchost.exe -> explorer.exe Access=1000	
00001255	76.30726624	System	PAC: svchost.exe -> explorer.exe Access=1000	
00001256	76.30727386	System	PAC: svchost.exe -> explorer.exe Access=1000	
00001257	76.30727386	System	PAC: svchost.exe -> explorer.exe Access=1000	
00001258	76.30727386	System	PAC: svchost.exe -> explorer.exe Access=1000	
00001259	76.30870056	System	PAC: svchost.exe -> explorer.exe Access=1000	
00001260	76.31317902	System	PAC: svchost.exe -> sihost.exe Access=1014C0	
00001261	76.31493378	System	PAC: svchost.exe -> sihost.exe Access=1410	
00001262	76.31793213	System	PAC: MsMpEng.exe -> M365Copilot.ex Access=3600	
00001263	76.31821442	System	PAC: MsMpEng.exe -> M365Copilot.ex Access=1000	
00001264	76.31833649	System	PAC: svchost.exe -> M365Copilot.ex Access=1FFFFF	
00001265	76.31909180	System	PAC: csrss.exe -> M365Copilot.ex Access=1FFFFF	
00001266	76.31926727	System	PAC: svchost.exe -> M365Copilot.ex Access=1FFFFF	
00001267	76.31932831	System	PAC: svchost.exe -> M365Copilot.ex Access=1501	
00001268	76.36246490	System	PAC: svchost.exe -> M365Copilot.ex Access=1101	
00001269	76.36406708	System	PAC: svchost.exe -> sihost.exe Access=1440	
00001270	76.36411285	System	PAC: svchost.exe -> M365Copilot.ex Access=1FFFFF	
00001271	76.36412811	System	PAC: svchost.exe -> M365Copilot.ex Access=1000	
00001272	76.36473083	System	PAC: svchost.exe -> M365Copilot.ex Access=1FFFFF	
00001273	76.36476898	System	PAC: sihost.exe -> M365Copilot.ex Access=1FFFFF	
00001274	76.36566162	System	PAC: csrss.exe -> M365Copilot.ex Access=1FFFFF	
00001275	76.36966705	System	PAC: MsMpEng.exe -> msedgewebview2 Access=1000	
00001276	76.36967468	System	PAC: MsMpEng.exe -> msedgewebview2 Access=1000	
00001277	76.36968231	System	PAC: MsMpEng.exe -> msedgewebview2 Access=1000	
00001278	76.36968994	System	PAC: MsMpEng.exe -> msedgewebview2 Access=101000	
00001279	76.36970520	System	PAC: MsMpEng.exe -> msedgewebview2 Access=1000	
00001280	76.36970520	System	PAC: MsMpEng.exe -> msedgewebview2 Access=1000	
00001281	76.36970520	System	PAC: MsMpEng.exe -> msedgewebview2 Access=1000	
00001282	76.36976624	System	7760937500 - STORMINI: StorAHCI - LPM: SystemIoBusNumber:0 Port:00 - IDLE	
00001283	76.36990356	System	PAC: MsMpEng.exe -> svchost.exe Access=1000	
00001284	76.36991882	System	PAC: MsMpEng.exe -> svchost.exe Access=1000	
00001285	76.36992645	System	PAC: MsMpEng.exe -> svchost.exe Access=1000	
00001286	76.38682556	System	PAC: explorer.exe -> explorer.exe Access=2000	
00001287	76.38682556	System	PAC: explorer.exe -> TextInputHost. Access=2000	
00001288	76.38683319	System	PAC: explorer.exe -> SearchApp.exe Access=2000	
00001289	76.38683319	System	PAC: explorer.exe -> StartMenuExper Access=2000	
00001290	76.38945007	System	PAC: svchost.exe -> explorer.exe Access=1000	
00001291	76.40061951	System	PAC: explorer.exe -> explorer.exe Access=1000	
00001292	76.42768860	System	PAC: svchost.exe -> M365Copilot.ex Access=1000	
00001293	76.42769623	System	PAC: svchost.exe -> M365Copilot.ex Access=100000	
00001294	76.43103027	System	PAC: svchost.exe -> M365Copilot.ex Access=1000	
00001295	76.43206024	System	PAC: svchost.exe -> M365Copilot.ex Access=1000	
00001296	76.43360901	System	PAC: svchost.exe -> M365Copilot.ex Access=1000	
00001297	76.43489075	System	PAC: svchost.exe -> M365Copilot.ex Access=1000	
00001298	76.43867493	System	7761562500 - STORMINI: StorAHCI - LPM: SystemIoBusNumber:0 Port:00 - ACTIVE	
00001299	76.43867493	System	7761562500 - STORMINI: StorAHCI - LPM: SystemIoBusNumber:0 Port:00 - Transit into Slumber from Partial - Canceled	
00001300	76.44120026	System	PAC: lsass.exe -> M365Copilot.ex Access=1000	
00001301	76.45475769	System	PAC: SearchIndexer. -> M365Copilot.ex Access=1000	
00001302	76.45503998	System	PAC: SearchIndexer. -> M365Copilot.ex Access=1000	
00001303	76.45623779	System	PAC: SearchIndexer. -> M365Copilot.ex Access=1000	
00001304	76.46665955	System	PAC: svchost.exe -> M365Copilot.ex Access=1478	
00001305	76.46689606	System	PAC: svchost.exe -> M365Copilot.ex Access=1400	
00001306	76.48012543	System	PAC: M365Copilot.ex -> explorer.exe Access=1000	
00001307	76.48671722	System	PAC: sihost.exe -> M365Copilot.ex Access=101000	
00001308	76.48671722	System	PAC: sihost.exe -> M365Copilot.ex Access=1000	
00001309	76.48677063	System	PAC: sihost.exe -> M365Copilot.ex Access=101000	
00001310	76.48677063	System	PAC: sihost.exe -> M365Copilot.ex Access=1000	
00001311	76.48680115	System	PAC: sihost.exe -> M365Copilot.ex Access=101000	
00001312	76.48680878	System	PAC: sihost.exe -> M365Copilot.ex Access=1000	
00001313	76.48703003	System	PAC: M365Copilot.ex -> M365Copilot.ex Access=1000	
00001314	76.48746490	System	PAC: sihost.exe -> M365Copilot.ex Access=101000	
00001315	76.48747253	System	PAC: sihost.exe -> M365Copilot.ex Access=1000	
00001316	76.48750305	System	PAC: sihost.exe -> M365Copilot.ex Access=101000	
00001317	76.48751068	System	PAC: sihost.exe -> M365Copilot.ex Access=1000	
00001318	76.49636078	System	PAC: svchost.exe -> M365Copilot.ex Access=101000	
00001319	76.49772644	System	PAC: SearchIndexer. -> M365Copilot.ex Access=1000	
00001320	76.49783325	System	PAC: SearchIndexer. -> M365Copilot.ex Access=1000	
00001321	76.49886322	System	PAC: SearchIndexer. -> M365Copilot.ex Access=1000	
00001322	76.50363922	System	PAC: svchost.exe -> M365Copilot.ex Access=101000	
00001323	76.50811005	System	PAC: svchost.exe -> M365Copilot.ex Access=101000	
00001324	76.50992584	System	PAC: lsass.exe -> M365Copilot.ex Access=1000	
00001325	76.50995636	System	PAC: lsass.exe -> M365Copilot.ex Access=1478	
00001326	76.51683807	System	PAC: M365Copilot.ex -> M365Copilot.ex Access=1400	
00001327	76.51686859	System	PAC: M365Copilot.ex -> M365Copilot.ex Access=1400	
00001328	76.52948761	System	PAC: SearchIndexer. -> M365Copilot.ex Access=1000	
00001329	76.52960205	System	PAC: SearchIndexer. -> M365Copilot.ex Access=1000	
00001330	76.53074646	System	PAC: SearchIndexer. -> M365Copilot.ex Access=1000	
00001331	76.53636932	2368	[ConsumerHandoffRouter] App.cpp checkpoint, launchInfo.type=Normal	
00001332	76.53667450	2368	[ConsumerHandoffRouter] EvaluateAndRouteForBoot ENTRY	
00001333	76.53703308	2368	[ConsumerHandoffRouter] gateOn=false	
00001334	76.53836823	2368	[ConsumerHandoffRouter] activeAccount type=None, otherCached count=0, allTypes=, hasLoginName=false	
00001335	76.53855133	2368	[ConsumerHandoffRouter] decision=stay, reason=gate off	
00001336	76.54160309	System	PAC: svchost.exe -> M365Copilot.ex Access=101000	
00001337	76.54229736	System	PAC: M365Copilot.ex -> M365Copilot.ex Access=1000	
00001338	76.54365540	System	PAC: RuntimeBroker. -> M365Copilot.ex Access=1000	
00001339	76.54537201	System	PAC: svchost.exe -> M365Copilot.ex Access=101000	
00001340	76.54589844	System	PAC: RuntimeBroker. -> M365Copilot.ex Access=1000	
00001341	76.54664612	System	PAC: svchost.exe -> M365Copilot.ex Access=101000	
00001342	76.54759979	System	PAC: svchost.exe -> M365Copilot.ex Access=101000	
00001343	76.54760742	System	PAC: svchost.exe -> M365Copilot.ex Access=1000	
00001344	76.54763794	System	PAC: svchost.exe -> M365Copilot.ex Access=101000	
00001345	76.54765320	System	PAC: svchost.exe -> M365Copilot.ex Access=1000	
00001346	76.54798889	System	PAC: svchost.exe -> svchost.exe Access=1000	
00001347	76.54799652	System	PAC: svchost.exe -> svchost.exe Access=40	
00001348	76.54814148	System	PAC: svchost.exe -> svchost.exe Access=1000	
00001349	76.54814911	System	PAC: svchost.exe -> svchost.exe Access=40	
00001350	76.54986572	System	PAC: sihost.exe -> M365Copilot.ex Access=101000	
00001351	76.54986572	System	PAC: sihost.exe -> M365Copilot.ex Access=1000	
00001352	76.55153656	System	PAC: svchost.exe -> M365Copilot.ex Access=1000	
00001353	76.55236816	System	PAC: svchost.exe -> M365Copilot.ex Access=1000	
00001354	76.55558777	System	PAC: svchost.exe -> M365Copilot.ex Access=101000	
00001355	76.55559540	System	PAC: svchost.exe -> M365Copilot.ex Access=1000	
00001356	76.55570984	System	PAC: svchost.exe -> svchost.exe Access=1000	
00001357	76.55570984	System	PAC: svchost.exe -> svchost.exe Access=40	
00001358	76.55591583	System	PAC: svchost.exe -> M365Copilot.ex Access=101000	
00001359	76.55593872	System	PAC: svchost.exe -> M365Copilot.ex Access=1000	
00001360	76.55632019	System	PAC: svchost.exe -> svchost.exe Access=1000	
00001361	76.55632782	System	PAC: svchost.exe -> svchost.exe Access=40	
00001362	76.55697632	System	PAC: svchost.exe -> M365Copilot.ex Access=101000	
00001363	76.55698395	System	PAC: svchost.exe -> M365Copilot.ex Access=1000	
00001364	76.55717468	System	PAC: svchost.exe -> svchost.exe Access=1000	
00001365	76.55718231	System	PAC: svchost.exe -> svchost.exe Access=40	
00001366	76.55741119	System	PAC: svchost.exe -> M365Copilot.ex Access=101000	
00001367	76.55741882	System	PAC: svchost.exe -> M365Copilot.ex Access=1000	
00001368	76.55753326	System	PAC: svchost.exe -> svchost.exe Access=1000	
00001369	76.55754089	System	PAC: svchost.exe -> svchost.exe Access=40	
00001370	76.55992126	System	PAC: explorer.exe -> M365Copilot.ex Access=1000	
00001371	76.56034851	System	PAC: explorer.exe -> M365Copilot.ex Access=1000	
00001372	76.56053162	System	PAC: MsMpEng.exe -> svchost.exe Access=1000	
00001373	76.56073761	System	PAC: services.exe -> svchost.exe Access=1FFFFF	
00001374	76.56108856	System	PAC: MsMpEng.exe -> services.exe Access=1000	
00001375	76.56110382	System	PAC: csrss.exe -> svchost.exe Access=1FFFFF	
00001376	76.56163025	System	PAC: svchost.exe -> svchost.exe Access=1101	
00001377	76.56171417	System	PAC: svchost.exe -> M365Copilot.ex Access=101000	
00001378	76.56172943	System	PAC: svchost.exe -> M365Copilot.ex Access=1000	
00001379	76.56182861	System	PAC: svchost.exe -> M365Copilot.ex Access=101000	
00001380	76.56183624	System	PAC: svchost.exe -> svchost.exe Access=1000	
00001381	76.56184387	System	PAC: svchost.exe -> svchost.exe Access=40	
00001382	76.56184387	System	PAC: svchost.exe -> M365Copilot.ex Access=1000	
00001383	76.56196594	System	PAC: svchost.exe -> svchost.exe Access=1000	
00001384	76.56197357	System	PAC: svchost.exe -> svchost.exe Access=40	
00001385	76.56217957	System	PAC: svchost.exe -> svchost.exe Access=1000	
00001386	76.56226349	System	PAC: svchost.exe -> svchost.exe Access=1000	
00001387	76.56352997	System	PAC: csrss.exe -> svchost.exe Access=1FFFFF	
00001388	76.56396484	System	PAC: svchost.exe -> M365Copilot.ex Access=1000	
00001389	76.56396484	System	PAC: svchost.exe -> M365Copilot.ex Access=1000	
00001390	76.56399536	System	PAC: svchost.exe -> M365Copilot.ex Access=101000	
00001391	76.56400299	System	PAC: svchost.exe -> M365Copilot.ex Access=101000	
00001392	76.56400299	System	PAC: svchost.exe -> M365Copilot.ex Access=1000	
00001393	76.56400299	System	PAC: svchost.exe -> M365Copilot.ex Access=1000	
00001394	76.56794739	System	PAC: svchost.exe -> M365Copilot.ex Access=1000	
00001395	76.56856537	System	PAC: svchost.exe -> M365Copilot.ex Access=1000	
00001396	76.57161713	System	PAC: svchost.exe -> svchost.exe Access=1000	
00001397	76.57164001	System	PAC: svchost.exe -> svchost.exe Access=1000	
00001398	76.57225800	System	PAC: svchost.exe -> M365Copilot.ex Access=101000	
00001399	76.57226562	System	PAC: svchost.exe -> M365Copilot.ex Access=1000	
00001400	76.57266998	System	PAC: svchost.exe -> svchost.exe Access=1000	
00001401	76.57268524	System	PAC: svchost.exe -> svchost.exe Access=100000	
00001402	76.57289886	System	PAC: svchost.exe -> svchost.exe Access=1000	
00001403	76.57289886	System	PAC: svchost.exe -> svchost.exe Access=40	
00001404	76.57331085	System	PAC: svchost.exe -> M365Copilot.ex Access=101000	
00001405	76.57332611	System	PAC: svchost.exe -> M365Copilot.ex Access=1000	
00001406	76.57344055	System	PAC: svchost.exe -> svchost.exe Access=1000	
00001407	76.57344055	System	PAC: svchost.exe -> svchost.exe Access=40	
00001408	76.57361603	System	PAC: services.exe -> svchost.exe Access=1000	
00001409	76.57375336	System	PAC: services.exe -> svchost.exe Access=1000	
00001410	76.57376099	System	PAC: services.exe -> svchost.exe Access=1FFFFF	
00001411	76.57424927	System	PAC: services.exe -> svchost.exe Access=1000	
00001412	76.57479858	System	PAC: svchost.exe -> M365Copilot.ex Access=101000	
00001413	76.57480621	System	PAC: svchost.exe -> M365Copilot.ex Access=1000	
00001414	76.57492828	System	PAC: svchost.exe -> svchost.exe Access=1000	
00001415	76.57492828	System	PAC: svchost.exe -> svchost.exe Access=40	
00001416	76.57780457	System	PAC: svchost.exe -> M365Copilot.ex Access=101000	
00001417	76.57781982	System	PAC: svchost.exe -> M365Copilot.ex Access=1000	
00001418	76.57793427	System	PAC: svchost.exe -> svchost.exe Access=1000	
00001419	76.57794189	System	PAC: svchost.exe -> svchost.exe Access=40	
00001420	76.58055115	System	PAC: svchost.exe -> M365Copilot.ex Access=101000	
00001421	76.58056641	System	PAC: svchost.exe -> M365Copilot.ex Access=1000	
00001422	76.58067322	System	PAC: svchost.exe -> svchost.exe Access=1000	
00001423	76.58068085	System	PAC: svchost.exe -> svchost.exe Access=40	
00001424	76.58208466	System	PAC: svchost.exe -> svchost.exe Access=1000	
00001425	76.58235168	System	PAC: services.exe -> svchost.exe Access=1FFFFF	
00001426	76.58257294	System	PAC: svchost.exe -> M365Copilot.ex Access=1000	
00001427	76.58261108	System	PAC: svchost.exe -> M365Copilot.ex Access=101000	
00001428	76.58261871	System	PAC: svchost.exe -> M365Copilot.ex Access=1000	
00001429	76.59033966	System	PAC: svchost.exe -> M365Copilot.ex Access=1000	
00001430	76.59037781	System	PAC: svchost.exe -> M365Copilot.ex Access=101000	
00001431	76.59037781	System	PAC: svchost.exe -> M365Copilot.ex Access=1000	
00001432	76.59073639	System	PAC: M365Copilot.ex -> M365Copilot.ex Access=1000	
00001433	76.59607697	System	PAC: explorer.exe -> M365Copilot.ex Access=1000	
00001434	76.59797668	System	PAC: ctfmon.exe -> M365Copilot.ex Access=1000	
00001435	76.59860229	System	PAC: ctfmon.exe -> M365Copilot.ex Access=1000	
00001436	76.60293579	System	PAC: explorer.exe -> M365Copilot.ex Access=1000	
00001437	76.60593414	System	PAC: SearchIndexer. -> M365Copilot.ex Access=1000	
00001438	76.60604095	System	PAC: SearchIndexer. -> M365Copilot.ex Access=1000	
00001439	76.60693359	System	PAC: SearchIndexer. -> M365Copilot.ex Access=1000	
00001440	76.61603546	System	7763437500 - STORMINI: StorAHCI - LPM: Port 01 - Port Stopped	
00001441	76.61721802	System	7763437500 - STORMINI: StorAHCI - LPM: Port 01 - Port Started	
00001442	76.62790680	System	PAC: svchost.exe -> M365Copilot.ex Access=1000	
00001443	76.62805939	System	PAC: svchost.exe -> M365Copilot.ex Access=1000	
00001444	76.68589783	System	PAC: svchost.exe -> M365Copilot.ex Access=40	
00001445	76.68605804	System	PAC: svchost.exe -> M365Copilot.ex Access=40	
00001446	76.68933868	System	PAC: svchost.exe -> M365Copilot.ex Access=40	
00001447	76.69014740	System	PAC: svchost.exe -> M365Copilot.ex Access=40	
00001448	76.72473907	System	PAC: explorer.exe -> M365Copilot.ex Access=1000	
00001449	76.76837921	System	PAC: M365Copilot.ex -> M365Copilot.ex Access=1000	
00001450	76.81430054	System	PAC: M365Copilot.ex -> M365Copilot.ex Access=1000	
00001451	76.81714630	System	PAC: MsMpEng.exe -> M365Copilot.ex Access=101000	
00001452	76.81724548	System	PAC: svchost.exe -> VBoxService.ex Access=1000	
00001453	76.81729126	System	PAC: svchost.exe -> VBoxService.ex Access=1000	
00001454	76.81740570	System	PAC: svchost.exe -> VBoxService.ex Access=1000	
00001455	76.82578278	System	PAC: svchost.exe -> M365Copilot.ex Access=1000	
00001456	76.85858917	System	PAC: explorer.exe -> M365Copilot.ex Access=1000	
00001457	76.90194702	System	PAC: VBoxService.ex -> winlogon.exe Access=1400	
00001458	76.90195465	System	PAC: VBoxService.ex -> lsass.exe Access=1400	
00001459	76.90196228	System	PAC: VBoxService.ex -> svchost.exe Access=1400	
00001460	76.90196991	System	PAC: VBoxService.ex -> fontdrvhost.ex Access=1400	
00001461	76.90197754	System	PAC: VBoxService.ex -> fontdrvhost.ex Access=1400	
00001462	76.90198517	System	PAC: VBoxService.ex -> svchost.exe Access=1400	
00001463	76.90198517	System	PAC: VBoxService.ex -> svchost.exe Access=1400	
00001464	76.90199280	System	PAC: VBoxService.ex -> dwm.exe Access=1400	
00001465	76.90200043	System	PAC: VBoxService.ex -> svchost.exe Access=1400	
00001466	76.90200043	System	PAC: VBoxService.ex -> svchost.exe Access=1400	
00001467	76.90200043	System	PAC: VBoxService.ex -> svchost.exe Access=1400	
00001468	76.90200806	System	PAC: VBoxService.ex -> svchost.exe Access=1400	
00001469	76.90201569	System	PAC: VBoxService.ex -> svchost.exe Access=1400	
00001470	76.90201569	System	PAC: VBoxService.ex -> svchost.exe Access=1400	
00001471	76.90202332	System	PAC: VBoxService.ex -> svchost.exe Access=1400	
00001472	76.90202332	System	PAC: VBoxService.ex -> svchost.exe Access=1400	
00001473	76.90203094	System	PAC: VBoxService.ex -> svchost.exe Access=1400	
00001474	76.90203857	System	PAC: VBoxService.ex -> svchost.exe Access=1400	
00001475	76.90203857	System	PAC: VBoxService.ex -> svchost.exe Access=1400	
00001476	76.90203857	System	PAC: VBoxService.ex -> svchost.exe Access=1400	
00001477	76.90204620	System	PAC: VBoxService.ex -> VBoxService.ex Access=1400	
00001478	76.90204620	System	PAC: VBoxService.ex -> svchost.exe Access=1400	
00001479	76.90205383	System	PAC: VBoxService.ex -> svchost.exe Access=1400	
00001480	76.90205383	System	PAC: VBoxService.ex -> svchost.exe Access=1400	
00001481	76.90206146	System	PAC: VBoxService.ex -> svchost.exe Access=1400	
00001482	76.90206909	System	PAC: VBoxService.ex -> svchost.exe Access=1400	
00001483	76.90206909	System	PAC: VBoxService.ex -> svchost.exe Access=1400	
00001484	76.90207672	System	PAC: VBoxService.ex -> svchost.exe Access=1400	
00001485	76.90207672	System	PAC: VBoxService.ex -> svchost.exe Access=1400	
00001486	76.90207672	System	PAC: VBoxService.ex -> svchost.exe Access=1400	
00001487	76.90208435	System	PAC: VBoxService.ex -> svchost.exe Access=1400	
00001488	76.90209198	System	PAC: VBoxService.ex -> svchost.exe Access=1400	
00001489	76.90209198	System	PAC: VBoxService.ex -> svchost.exe Access=1400	
00001490	76.90209961	System	PAC: VBoxService.ex -> svchost.exe Access=1400	
00001491	76.90209961	System	PAC: VBoxService.ex -> svchost.exe Access=1400	
00001492	76.90210724	System	PAC: VBoxService.ex -> svchost.exe Access=1400	
00001493	76.90211487	System	PAC: VBoxService.ex -> svchost.exe Access=1400	
00001494	76.90211487	System	PAC: VBoxService.ex -> spoolsv.exe Access=1400	
00001495	76.90211487	System	PAC: VBoxService.ex -> svchost.exe Access=1400	
00001496	76.90212250	System	PAC: VBoxService.ex -> svchost.exe Access=1400	
00001497	76.90212250	System	PAC: VBoxService.ex -> svchost.exe Access=1400	
00001498	76.90213013	System	PAC: VBoxService.ex -> svchost.exe Access=1400	
00001499	76.90213776	System	PAC: VBoxService.ex -> svchost.exe Access=1400	
00001500	76.90213776	System	PAC: VBoxService.ex -> svchost.exe Access=1400	
00001501	76.90214539	System	PAC: VBoxService.ex -> svchost.exe Access=1400	
00001502	76.90215302	System	PAC: VBoxService.ex -> svchost.exe Access=1400	
00001503	76.90215302	System	PAC: VBoxService.ex -> wallpaperservi Access=1400	
00001504	76.90215302	System	PAC: VBoxService.ex -> svchost.exe Access=1400	
00001505	76.90216064	System	PAC: VBoxService.ex -> svchost.exe Access=1400	
00001506	76.90216827	System	PAC: VBoxService.ex -> svchost.exe Access=1400	
00001507	76.90216827	System	PAC: VBoxService.ex -> svchost.exe Access=1400	
00001508	76.90217590	System	PAC: VBoxService.ex -> svchost.exe Access=1400	
00001509	76.90218353	System	PAC: VBoxService.ex -> svchost.exe Access=1400	
00001510	76.90219116	System	PAC: VBoxService.ex -> dllhost.exe Access=1400	
00001511	76.90219116	System	PAC: VBoxService.ex -> WmiPrvSE.exe Access=1400	
00001512	76.90219879	System	PAC: VBoxService.ex -> svchost.exe Access=1400	
00001513	76.90219879	System	PAC: VBoxService.ex -> sihost.exe Access=1400	
00001514	76.90219879	System	PAC: VBoxService.ex -> svchost.exe Access=1400	
00001515	76.90220642	System	PAC: VBoxService.ex -> svchost.exe Access=1400	
00001516	76.90221405	System	PAC: VBoxService.ex -> MicrosoftEdgeU Access=1400	
00001517	76.90221405	System	PAC: VBoxService.ex -> svchost.exe Access=1400	
00001518	76.90225220	System	PAC: VBoxService.ex -> svchost.exe Access=1400	
00001519	76.90225983	System	PAC: VBoxService.ex -> ctfmon.exe Access=1400	
00001520	76.90226746	System	PAC: VBoxService.ex -> taskhostw.exe Access=1400	
00001521	76.90227509	System	PAC: VBoxService.ex -> svchost.exe Access=1400	
00001522	76.90227509	System	PAC: VBoxService.ex -> explorer.exe Access=1400	
00001523	76.90227509	System	PAC: VBoxService.ex -> svchost.exe Access=1400	
00001524	76.90228271	System	PAC: VBoxService.ex -> svchost.exe Access=1400	
00001525	76.90229034	System	PAC: VBoxService.ex -> svchost.exe Access=1400	
00001526	76.90229797	System	PAC: VBoxService.ex -> svchost.exe Access=1400	
00001527	76.90229797	System	PAC: VBoxService.ex -> StartMenuExper Access=1400	
00001528	76.90230560	System	PAC: VBoxService.ex -> RuntimeBroker. Access=1400	
00001529	76.90231323	System	PAC: VBoxService.ex -> svchost.exe Access=1400	
00001530	76.90231323	System	PAC: VBoxService.ex -> SearchApp.exe Access=1400	
00001531	76.90231323	System	PAC: VBoxService.ex -> SearchIndexer. Access=1400	
00001532	76.90232086	System	PAC: VBoxService.ex -> RuntimeBroker. Access=1400	
00001533	76.90232849	System	PAC: VBoxService.ex -> svchost.exe Access=1400	
00001534	76.90233612	System	PAC: VBoxService.ex -> RuntimeBroker. Access=1400	
00001535	76.90234375	System	PAC: VBoxService.ex -> TextInputHost. Access=1400	
00001536	76.90234375	System	PAC: VBoxService.ex -> SecurityHealth Access=1400	
00001537	76.90235138	System	PAC: VBoxService.ex -> VBoxTray.exe Access=1400	
00001538	76.90235901	System	PAC: VBoxService.ex -> OneDrive.exe Access=1400	
00001539	76.90235901	System	PAC: VBoxService.ex -> svchost.exe Access=1400	
00001540	76.90235901	System	PAC: VBoxService.ex -> RuntimeBroker. Access=1400	
00001541	76.90235901	System	PAC: VBoxService.ex -> svchost.exe Access=1400	
00001542	76.90236664	System	PAC: VBoxService.ex -> dllhost.exe Access=1400	
00001543	76.90237427	System	PAC: VBoxService.ex -> audiodg.exe Access=1400	
00001544	76.90238190	System	PAC: VBoxService.ex -> cmd.exe Access=1400	
00001545	76.90238190	System	PAC: VBoxService.ex -> conhost.exe Access=1400	
00001546	76.90238953	System	PAC: VBoxService.ex -> svchost.exe Access=1400	
00001547	76.90239716	System	PAC: VBoxService.ex -> svchost.exe Access=1400	
00001548	76.90239716	System	PAC: VBoxService.ex -> svchost.exe Access=1400	
00001549	76.90239716	System	PAC: VBoxService.ex -> backgroundTask Access=1400	
00001550	76.90240479	System	PAC: VBoxService.ex -> PhoneExperienc Access=1400	
00001551	76.90240479	System	PAC: VBoxService.ex -> FangameTale.ex Access=1400	
00001552	76.90241241	System	PAC: VBoxService.ex -> rundll32.exe Access=1400	
00001553	76.90242004	System	PAC: VBoxService.ex -> UserOOBEBroker Access=1400	
00001554	76.90242004	System	PAC: VBoxService.ex -> smartscreen.ex Access=1400	
00001555	76.90242767	System	PAC: VBoxService.ex -> Dbgview.exe Access=1400	
00001556	76.90243530	System	PAC: VBoxService.ex -> M365Copilot.ex Access=1400	
00001557	76.90267181	System	PAC: svchost.exe -> VBoxService.ex Access=1000	
00001558	76.90290833	System	PAC: svchost.exe -> VBoxService.ex Access=1000	
00001559	76.99092102	System	PAC: explorer.exe -> explorer.exe Access=1FFFFF	
00001560	76.99327087	System	PAC: smartscreen.ex -> explorer.exe Access=1400	
00001561	77.21078491	System	PAC: explorer.exe -> M365Copilot.ex Access=1000	
00001562	77.24743652	System	PAC: svchost.exe -> M365Copilot.ex Access=101000	
00001563	77.24745178	System	PAC: svchost.exe -> M365Copilot.ex Access=1000	
00001564	77.24765778	System	PAC: svchost.exe -> M365Copilot.ex Access=101000	
00001565	77.24766541	System	PAC: svchost.exe -> M365Copilot.ex Access=1000	
00001566	77.24796295	System	PAC: svchost.exe -> svchost.exe Access=1000	
00001567	77.24797821	System	PAC: svchost.exe -> svchost.exe Access=40	
00001568	77.24803925	System	PAC: svchost.exe -> svchost.exe Access=1000	
00001569	77.24804688	System	PAC: svchost.exe -> svchost.exe Access=40	
00001570	77.25077820	System	PAC: svchost.exe -> M365Copilot.ex Access=1000	
00001571	77.25083160	System	PAC: svchost.exe -> M365Copilot.ex Access=1000	
00001572	77.25302887	System	PAC: svchost.exe -> M365Copilot.ex Access=101000	
00001573	77.25304413	System	PAC: svchost.exe -> M365Copilot.ex Access=1000	
00001574	77.25315094	System	PAC: svchost.exe -> svchost.exe Access=1000	
00001575	77.25315857	System	PAC: svchost.exe -> svchost.exe Access=40	
00001576	77.25319672	System	PAC: svchost.exe -> M365Copilot.ex Access=101000	
00001577	77.25320435	System	PAC: svchost.exe -> M365Copilot.ex Access=1000	
00001578	77.25361633	System	PAC: svchost.exe -> svchost.exe Access=1000	
00001579	77.25361633	System	PAC: svchost.exe -> svchost.exe Access=40	
00001580	77.25395203	System	PAC: svchost.exe -> M365Copilot.ex Access=101000	
00001581	77.25396729	System	PAC: svchost.exe -> M365Copilot.ex Access=1000	
00001582	77.25408173	System	PAC: svchost.exe -> svchost.exe Access=1000	
00001583	77.25408936	System	PAC: svchost.exe -> svchost.exe Access=40	
00001584	77.25447845	System	PAC: svchost.exe -> M365Copilot.ex Access=101000	
00001585	77.25448608	System	PAC: svchost.exe -> M365Copilot.ex Access=1000	
00001586	77.25460052	System	PAC: svchost.exe -> svchost.exe Access=1000	
00001587	77.25460052	System	PAC: svchost.exe -> svchost.exe Access=40	
00001588	77.25717926	System	PAC: svchost.exe -> M365Copilot.ex Access=101000	
00001589	77.25718689	System	PAC: svchost.exe -> M365Copilot.ex Access=1000	
00001590	77.25734711	System	PAC: svchost.exe -> M365Copilot.ex Access=101000	
00001591	77.25736237	System	PAC: svchost.exe -> M365Copilot.ex Access=1000	
00001592	77.25747681	System	PAC: svchost.exe -> svchost.exe Access=1000	
00001593	77.25748444	System	PAC: svchost.exe -> svchost.exe Access=40	
00001594	77.25756073	System	PAC: svchost.exe -> svchost.exe Access=1000	
00001595	77.25756073	System	PAC: svchost.exe -> svchost.exe Access=40	
00001596	77.26007080	System	PAC: svchost.exe -> M365Copilot.ex Access=101000	
00001597	77.26007843	System	PAC: svchost.exe -> M365Copilot.ex Access=1000	
00001598	77.26019287	System	PAC: svchost.exe -> svchost.exe Access=1000	
00001599	77.26020050	System	PAC: svchost.exe -> svchost.exe Access=40	
00001600	77.26029968	System	PAC: M365Copilot.ex -> explorer.exe Access=40	
00001601	77.26036835	System	PAC: M365Copilot.ex -> explorer.exe Access=40	
00001602	77.26051331	System	PAC: svchost.exe -> M365Copilot.ex Access=1000	
00001603	77.26053619	System	PAC: svchost.exe -> M365Copilot.ex Access=101000	
00001604	77.26055145	System	PAC: svchost.exe -> M365Copilot.ex Access=1000	
00001605	77.26126862	System	PAC: M365Copilot.ex -> explorer.exe Access=40	
00001606	77.26241302	System	PAC: M365Copilot.ex -> explorer.exe Access=40	
00001607	77.26245117	System	PAC: M365Copilot.ex -> explorer.exe Access=40	
00001608	77.26254272	System	PAC: svchost.exe -> M365Copilot.ex Access=1000	
00001609	77.26345825	System	PAC: M365Copilot.ex -> explorer.exe Access=40	
00001610	77.26374054	System	PAC: svchost.exe -> M365Copilot.ex Access=1000	
00001611	77.26413727	System	PAC: svchost.exe -> M365Copilot.ex Access=101000	
00001612	77.26415253	System	PAC: svchost.exe -> M365Copilot.ex Access=1000	
00001613	77.26447296	System	PAC: svchost.exe -> svchost.exe Access=1000	
00001614	77.26448059	System	PAC: svchost.exe -> svchost.exe Access=40	
00001615	77.26456451	System	PAC: M365Copilot.ex -> explorer.exe Access=40	
00001616	77.26560974	System	PAC: svchost.exe -> M365Copilot.ex Access=101000	
00001617	77.26561737	System	PAC: svchost.exe -> M365Copilot.ex Access=1000	
00001618	77.26573181	System	PAC: svchost.exe -> svchost.exe Access=1000	
00001619	77.26573181	System	PAC: svchost.exe -> svchost.exe Access=40	
00001620	77.26684570	System	PAC: svchost.exe -> M365Copilot.ex Access=101000	
00001621	77.26685333	System	PAC: svchost.exe -> M365Copilot.ex Access=1000	
00001622	77.26696014	System	PAC: svchost.exe -> svchost.exe Access=1000	
00001623	77.26696777	System	PAC: svchost.exe -> svchost.exe Access=40	
00001624	77.26839447	System	PAC: svchost.exe -> M365Copilot.ex Access=101000	
00001625	77.26840973	System	PAC: svchost.exe -> M365Copilot.ex Access=1000	
00001626	77.26851654	System	PAC: svchost.exe -> svchost.exe Access=1000	
00001627	77.26851654	System	PAC: svchost.exe -> M365Copilot.ex Access=101000	
00001628	77.26851654	System	PAC: svchost.exe -> svchost.exe Access=40	
00001629	77.26853180	System	PAC: svchost.exe -> M365Copilot.ex Access=1000	
00001630	77.26890564	System	PAC: svchost.exe -> svchost.exe Access=1000	
00001631	77.26891327	System	PAC: svchost.exe -> svchost.exe Access=40	
00001632	77.28447723	System	PAC: svchost.exe -> M365Copilot.ex Access=1000	
00001633	77.28452301	System	PAC: svchost.exe -> M365Copilot.ex Access=101000	
00001634	77.28453827	System	PAC: svchost.exe -> M365Copilot.ex Access=1000	
00001635	77.28578186	System	PAC: explorer.exe -> explorer.exe Access=1000	
00001636	77.28687286	System	PAC: explorer.exe -> explorer.exe Access=1000	
00001637	77.28688049	System	PAC: explorer.exe -> explorer.exe Access=1000	
00001638	77.31982422	System	PAC: explorer.exe -> M365Copilot.ex Access=1000	
00001639	77.34481812	System	PAC: lsass.exe -> M365Copilot.ex Access=1000	
00001640	77.35144043	System	PAC: MsMpEng.exe -> msedgewebview2 Access=1000	
00001641	77.35157776	System	PAC: M365Copilot.ex -> msedgewebview2 Access=1FFFFF	
00001642	77.35192871	System	PAC: csrss.exe -> msedgewebview2 Access=1FFFFF	
00001643	77.36186218	System	PAC: lsass.exe -> msedgewebview2 Access=1000	
00001644	77.36265564	System	PAC: msedgewebview2 -> msedgewebview2 Access=1F3FFF	
00001645	77.36491394	System	PAC: MsMpEng.exe -> msedgewebview2 Access=1000	
00001646	77.36505890	System	PAC: msedgewebview2 -> msedgewebview2 Access=1FFFFF	
00001647	77.36534882	System	PAC: csrss.exe -> msedgewebview2 Access=1FFFFF	
00001648	77.37303162	System	PAC: msedgewebview2 -> msedgewebview2 Access=1451	
00001649	77.37307739	System	PAC: msedgewebview2 -> msedgewebview2 Access=1F3FFF	
00001650	77.38225555	System	PAC: MsMpEng.exe -> M365Copilot.ex Access=1000	
00001651	77.38244629	System	PAC: MsMpEng.exe -> M365Copilot.ex Access=1000	
00001652	77.38246918	System	PAC: MsMpEng.exe -> M365Copilot.ex Access=101000	
00001653	77.38249969	System	PAC: MsMpEng.exe -> M365Copilot.ex Access=1000	
00001654	77.38251495	System	PAC: MsMpEng.exe -> M365Copilot.ex Access=1000	
00001655	77.38968658	System	PAC: svchost.exe -> msedgewebview2 Access=1478	
00001656	77.38988495	System	PAC: svchost.exe -> msedgewebview2 Access=1400	
00001657	77.41321564	System	PAC: explorer.exe -> msedgewebview2 Access=1000	
00001658	77.41976166	System	PAC: svchost.exe -> msedgewebview2 Access=1478	
00001659	77.41997528	System	PAC: svchost.exe -> msedgewebview2 Access=1400	
00001660	77.42906952	System	PAC: explorer.exe -> msedgewebview2 Access=1000	
00001661	77.44429016	System	PAC: lsass.exe -> svchost.exe Access=1000	
00001662	77.46522522	System	7771875000 - STORMINI: StorAHCI - LPM: SystemIoBusNumber:0 Port:00 - IDLE	
00001663	77.47654724	System	PAC: explorer.exe -> msedgewebview2 Access=1000	
00001664	77.48038483	System	PAC: svchost.exe -> msedgewebview2 Access=40	
00001665	77.48056030	System	PAC: svchost.exe -> msedgewebview2 Access=40	
00001666	77.51457977	System	PAC: explorer.exe -> msedgewebview2 Access=1000	
00001667	77.51910400	System	PAC: msedgewebview2 -> msedgewebview2 Access=1000	
00001668	77.53105164	System	PAC: ctfmon.exe -> msedgewebview2 Access=1000	
00001669	77.54068756	System	PAC: ctfmon.exe -> msedgewebview2 Access=1000	
00001670	77.54998016	System	PAC: msedgewebview2 -> msedgewebview2 Access=1000	
00001671	77.55295563	System	PAC: svchost.exe -> msedgewebview2 Access=1000	
00001672	77.55297089	System	PAC: svchost.exe -> msedgewebview2 Access=100000	
00001673	77.55622864	System	PAC: MsMpEng.exe -> FangameTale.ex Access=3600	
00001674	77.55646515	System	PAC: MsMpEng.exe -> FangameTale.ex Access=1000	
00001675	77.55661011	System	PAC: explorer.exe -> FangameTale.ex Access=1FFFFF	
00001676	77.55677795	System	PAC: csrss.exe -> FangameTale.ex Access=1FFFFF	
00001677	77.56690216	System	PAC: svchost.exe -> explorer.exe Access=1440	
00001678	77.56690216	System	PAC: svchost.exe -> FangameTale.ex Access=1FFFFF	
00001679	77.56691742	System	PAC: svchost.exe -> FangameTale.ex Access=1000	
00001680	77.56724548	System	PAC: msedgewebview2 -> msedgewebview2 Access=1000	
00001681	77.56787109	System	PAC: svchost.exe -> FangameTale.ex Access=1FFFFF	
00001682	77.56937408	System	PAC: MsMpEng.exe -> FangameTale.ex Access=1000	
00001683	77.56938934	System	PAC: MsMpEng.exe -> FangameTale.ex Access=1000	
00001684	77.57032013	System	PAC: svchost.exe -> msedgewebview2 Access=1000	
00001685	77.57080841	System	PAC: svchost.exe -> msedgewebview2 Access=1000	
00001686	77.57143402	System	PAC: MsMpEng.exe -> FangameTale.ex Access=1410	
00001687	77.58258820	System	PAC: MsMpEng.exe -> msedgewebview2 Access=1000	
00001688	77.58274078	System	PAC: msedgewebview2 -> msedgewebview2 Access=1FFFFF	
00001689	77.58289337	System	PAC: csrss.exe -> msedgewebview2 Access=1FFFFF	
00001690	77.58417511	System	PAC: msedgewebview2 -> msedgewebview2 Access=1FFFFF	
00001691	77.58460999	System	PAC: msedgewebview2 -> msedgewebview2 Access=1FFFFF	
00001692	77.58898163	System	PAC: MsMpEng.exe -> msedgewebview2 Access=1000	
00001693	77.58901978	System	PAC: msedgewebview2 -> msedgewebview2 Access=1FFFFF	
00001694	77.58921051	System	PAC: csrss.exe -> msedgewebview2 Access=1FFFFF	
00001695	77.59001160	System	7773125000 - STORMINI: StorAHCI - LPM: SystemIoBusNumber:0 Port:00 - ACTIVE	
00001696	77.59001160	System	7773125000 - STORMINI: StorAHCI - LPM: SystemIoBusNumber:0 Port:00 - Transit into Slumber from Partial - Canceled	
00001697	77.59047699	System	PAC: msedgewebview2 -> msedgewebview2 Access=1FFFFF	
00001698	77.59220123	System	PAC: msedgewebview2 -> msedgewebview2 Access=1F1C51	
00001699	77.59568024	System	PAC: MsMpEng.exe -> FangameTale.ex Access=101000	
00001700	77.59804535	System	PAC: MsMpEng.exe -> FangameTale.ex Access=1000	
00001701	77.59808350	System	PAC: lsass.exe -> msedgewebview2 Access=1000	
00001702	77.59811401	System	PAC: lsass.exe -> msedgewebview2 Access=1478	
00001703	77.59813690	System	PAC: msedgewebview2 -> msedgewebview2 Access=1F1C51	
00001704	77.60205078	System	PAC: MsMpEng.exe -> FangameTale.ex Access=1000	
00001705	77.60481262	System	PAC: svchost.exe -> msedgewebview2 Access=40	
00001706	77.60861206	System	PAC: msedgewebview2 -> msedgewebview2 Access=1000	
00001707	77.62597656	System	PAC: msedgewebview2 -> msedgewebview2 Access=1FFFFF	
00001708	77.62608337	System	PAC: MsMpEng.exe -> msedgewebview2 Access=1000	
00001709	77.62610626	System	PAC: csrss.exe -> msedgewebview2 Access=1FFFFF	
00001710	77.62668610	System	PAC: msedgewebview2 -> msedgewebview2 Access=1FFFFF	
00001711	77.62776947	System	PAC: msedgewebview2 -> msedgewebview2 Access=1FFFFF	
00001712	77.62902069	System	PAC: svchost.exe -> msedgewebview2 Access=1000	
00001713	77.62917328	System	PAC: svchost.exe -> msedgewebview2 Access=1000	
00001714	77.63160706	System	7773593750 - STORMINI: StorAHCI - LPM: Port 01 - Port Stopped	
00001715	77.63211823	System	7773593750 - STORMINI: StorAHCI - LPM: Port 01 - Port Started	
00001716	77.63871002	System	PAC: M365Copilot.ex -> msedgewebview2 Access=40	
00001717	77.63958740	System	PAC: svchost.exe -> msedgewebview2 Access=1000	
00001718	77.64015961	System	PAC: msedgewebview2 -> msedgewebview2 Access=101401	
00001719	77.64016724	System	PAC: msedgewebview2 -> msedgewebview2 Access=1000	
00001720	77.64202118	System	PAC: msedgewebview2 -> msedgewebview2 Access=1FFFFF	
00001721	77.64252472	System	PAC: msedgewebview2 -> msedgewebview2 Access=1FFFFF	
00001722	77.64252472	System	PAC: msedgewebview2 -> msedgewebview2 Access=1FFFFF	
00001723	77.64252472	System	PAC: msedgewebview2 -> msedgewebview2 Access=1FFFFF	
00001724	77.64253998	System	PAC: msedgewebview2 -> msedgewebview2 Access=1000	
00001725	77.64274597	System	PAC: msedgewebview2 -> msedgewebview2 Access=1FFFFF	
00001726	77.64275360	System	PAC: msedgewebview2 -> msedgewebview2 Access=1000	
00001727	77.64299774	System	PAC: msedgewebview2 -> msedgewebview2 Access=101401	
00001728	77.64300537	System	PAC: msedgewebview2 -> msedgewebview2 Access=1000	
00001729	77.64447021	System	PAC: msedgewebview2 -> msedgewebview2 Access=1F1C51	
00001730	77.64587402	System	PAC: msedgewebview2 -> msedgewebview2 Access=1000	
00001731	77.64752197	System	PAC: msedgewebview2 -> msedgewebview2 Access=1400	
00001732	77.64760590	System	PAC: msedgewebview2 -> msedgewebview2 Access=1400	
00001733	77.65012360	System	PAC: msedgewebview2 -> msedgewebview2 Access=1FFFFF	
00001734	77.65017700	System	PAC: msedgewebview2 -> msedgewebview2 Access=1FFFFF	
00001735	77.65019226	System	PAC: msedgewebview2 -> msedgewebview2 Access=1FFFFF	
00001736	77.65019226	System	PAC: msedgewebview2 -> msedgewebview2 Access=1000	
00001737	77.65167999	System	PAC: msedgewebview2 -> msedgewebview2 Access=1FFFFF	
00001738	77.65168762	System	PAC: msedgewebview2 -> msedgewebview2 Access=1000	
00001739	77.65192413	System	PAC: msedgewebview2 -> msedgewebview2 Access=101401	
00001740	77.65193176	System	PAC: msedgewebview2 -> msedgewebview2 Access=1000	
00001741	77.65332794	System	PAC: svchost.exe -> msedgewebview2 Access=101000	
00001742	77.65334320	System	PAC: svchost.exe -> msedgewebview2 Access=1000	
00001743	77.65338135	System	PAC: svchost.exe -> msedgewebview2 Access=101000	
00001744	77.65339661	System	PAC: svchost.exe -> msedgewebview2 Access=1000	
00001745	77.65341187	System	PAC: svchost.exe -> msedgewebview2 Access=101000	
00001746	77.65342712	System	PAC: svchost.exe -> msedgewebview2 Access=1000	
00001747	77.65459442	System	PAC: svchost.exe -> msedgewebview2 Access=1478	
00001748	77.65475464	System	PAC: svchost.exe -> msedgewebview2 Access=1400	
00001749	77.65481567	System	PAC: svchost.exe -> svchost.exe Access=1000	
00001750	77.65482330	System	PAC: svchost.exe -> svchost.exe Access=40	
00001751	77.65574646	System	PAC: svchost.exe -> svchost.exe Access=1000	
00001752	77.65575409	System	PAC: svchost.exe -> svchost.exe Access=40	
00001753	77.65647125	System	PAC: svchost.exe -> svchost.exe Access=1000	
00001754	77.65647888	System	PAC: svchost.exe -> svchost.exe Access=40	
00001755	77.65936279	System	PAC: svchost.exe -> msedgewebview2 Access=101000	
00001756	77.65937042	System	PAC: svchost.exe -> msedgewebview2 Access=1000	
00001757	77.65949249	System	PAC: svchost.exe -> msedgewebview2 Access=101000	
00001758	77.65950775	System	PAC: svchost.exe -> msedgewebview2 Access=1000	
00001759	77.65968323	System	PAC: svchost.exe -> svchost.exe Access=1000	
00001760	77.65969086	System	PAC: svchost.exe -> svchost.exe Access=40	
00001761	77.65990448	System	PAC: svchost.exe -> msedgewebview2 Access=101000	
00001762	77.65991974	System	PAC: svchost.exe -> msedgewebview2 Access=1000	
00001763	77.66002655	System	PAC: svchost.exe -> svchost.exe Access=1000	
00001764	77.66003418	System	PAC: svchost.exe -> svchost.exe Access=40	
00001765	77.66011810	System	PAC: svchost.exe -> svchost.exe Access=1000	
00001766	77.66012573	System	PAC: svchost.exe -> svchost.exe Access=40	
00001767	77.66069031	System	PAC: svchost.exe -> msedgewebview2 Access=101000	
00001768	77.66070557	System	PAC: svchost.exe -> msedgewebview2 Access=1000	
00001769	77.66151428	System	PAC: svchost.exe -> msedgewebview2 Access=101000	
00001770	77.66152954	System	PAC: svchost.exe -> msedgewebview2 Access=1000	
00001771	77.66162872	System	PAC: svchost.exe -> svchost.exe Access=1000	
00001772	77.66162872	System	PAC: svchost.exe -> svchost.exe Access=40	
00001773	77.66265869	System	PAC: svchost.exe -> msedgewebview2 Access=101000	
00001774	77.66267395	System	PAC: svchost.exe -> msedgewebview2 Access=1000	
00001775	77.66281891	System	PAC: svchost.exe -> svchost.exe Access=1000	
00001776	77.66281891	System	PAC: svchost.exe -> svchost.exe Access=40	
00001777	77.66448975	System	PAC: MsMpEng.exe -> FangameTale.ex Access=1000	
00001778	77.67064667	System	PAC: svchost.exe -> msedgewebview2 Access=101000	
00001779	77.67070770	System	PAC: svchost.exe -> msedgewebview2 Access=1000	
00001780	77.67430115	System	PAC: svchost.exe -> svchost.exe Access=1000	
00001781	77.67436218	System	PAC: svchost.exe -> svchost.exe Access=40	
00001782	77.67652893	System	PAC: svchost.exe -> msedgewebview2 Access=1000	
00001783	77.67669678	System	PAC: svchost.exe -> msedgewebview2 Access=100000	
00001784	77.67812347	System	PAC: svchost.exe -> msedgewebview2 Access=101000	
00001785	77.67821503	System	PAC: svchost.exe -> msedgewebview2 Access=1000	
00001786	77.67822266	System	PAC: svchost.exe -> msedgewebview2 Access=40	
00001787	77.68254089	System	PAC: svchost.exe -> svchost.exe Access=1000	
00001788	77.68254852	System	PAC: svchost.exe -> svchost.exe Access=40	
00001789	77.68411255	System	PAC: svchost.exe -> msedgewebview2 Access=101000	
00001790	77.68412018	System	PAC: svchost.exe -> msedgewebview2 Access=1000	
00001791	77.68480682	System	PAC: svchost.exe -> svchost.exe Access=1000	
00001792	77.68481445	System	PAC: svchost.exe -> svchost.exe Access=40	
00001793	77.68810272	System	PAC: svchost.exe -> msedgewebview2 Access=101000	
00001794	77.68816376	System	PAC: svchost.exe -> msedgewebview2 Access=1000	
00001795	77.68856049	System	PAC: svchost.exe -> svchost.exe Access=1000	
00001796	77.68856812	System	PAC: svchost.exe -> svchost.exe Access=40	
00001797	77.68881989	System	PAC: svchost.exe -> svchost.exe Access=1000	
00001798	77.68882751	System	PAC: svchost.exe -> svchost.exe Access=40	
00001799	77.69019318	System	PAC: svchost.exe -> msedgewebview2 Access=1000	
00001800	77.69020844	System	PAC: svchost.exe -> msedgewebview2 Access=1000	
00001801	77.69025421	System	PAC: svchost.exe -> msedgewebview2 Access=101000	
00001802	77.69026184	System	PAC: svchost.exe -> msedgewebview2 Access=1000	
00001803	77.69114685	System	PAC: svchost.exe -> msedgewebview2 Access=101000	
00001804	77.69116211	System	PAC: svchost.exe -> msedgewebview2 Access=1000	
00001805	77.69127655	System	PAC: svchost.exe -> svchost.exe Access=1000	
00001806	77.69128418	System	PAC: svchost.exe -> svchost.exe Access=40	
00001807	77.69248962	System	PAC: svchost.exe -> msedgewebview2 Access=101000	
00001808	77.69256592	System	PAC: svchost.exe -> msedgewebview2 Access=1000	
00001809	77.69329834	System	PAC: svchost.exe -> svchost.exe Access=1000	
00001810	77.69330597	System	PAC: svchost.exe -> svchost.exe Access=40	
00001811	77.69421387	System	PAC: svchost.exe -> msedgewebview2 Access=101000	
00001812	77.69422913	System	PAC: svchost.exe -> msedgewebview2 Access=1000	
00001813	77.69438934	System	PAC: svchost.exe -> msedgewebview2 Access=101000	
00001814	77.69439697	System	PAC: svchost.exe -> msedgewebview2 Access=1000	
00001815	77.69449615	System	PAC: svchost.exe -> svchost.exe Access=1000	
00001816	77.69449615	System	PAC: svchost.exe -> svchost.exe Access=40	
00001817	77.69462585	System	PAC: svchost.exe -> svchost.exe Access=1000	
00001818	77.69463348	System	PAC: svchost.exe -> svchost.exe Access=40	
00001819	77.69707489	System	PAC: svchost.exe -> msedgewebview2 Access=101000	
00001820	77.69711304	System	PAC: svchost.exe -> msedgewebview2 Access=1000	
00001821	77.69795990	System	PAC: svchost.exe -> msedgewebview2 Access=101000	
00001822	77.69796753	System	PAC: svchost.exe -> msedgewebview2 Access=1000	
00001823	77.69804382	System	PAC: svchost.exe -> svchost.exe Access=1000	
00001824	77.69805145	System	PAC: svchost.exe -> svchost.exe Access=40	
00001825	77.69820404	System	PAC: svchost.exe -> svchost.exe Access=1000	
00001826	77.69821167	System	PAC: svchost.exe -> svchost.exe Access=40	
00001827	77.69828796	System	PAC: svchost.exe -> msedgewebview2 Access=101000	
00001828	77.69833374	System	PAC: svchost.exe -> msedgewebview2 Access=1000	
00001829	77.69851685	System	PAC: svchost.exe -> svchost.exe Access=1000	
00001830	77.69852448	System	PAC: svchost.exe -> svchost.exe Access=40	
00001831	77.70051575	System	PAC: svchost.exe -> msedgewebview2 Access=101000	
00001832	77.70053101	System	PAC: svchost.exe -> msedgewebview2 Access=1000	
00001833	77.70078278	System	PAC: svchost.exe -> svchost.exe Access=1000	
00001834	77.70079041	System	PAC: svchost.exe -> svchost.exe Access=40	
00001835	77.70087433	System	PAC: svchost.exe -> msedgewebview2 Access=101000	
00001836	77.70103455	System	PAC: svchost.exe -> svchost.exe Access=1000	
00001837	77.70104218	System	PAC: svchost.exe -> svchost.exe Access=1000	
00001838	77.70106506	System	PAC: svchost.exe -> svchost.exe Access=1000	
00001839	77.70106506	System	PAC: svchost.exe -> svchost.exe Access=1000	
00001840	77.70107269	System	PAC: svchost.exe -> RuntimeBroker. Access=1000	
00001841	77.70108032	System	PAC: svchost.exe -> RuntimeBroker. Access=1000	
00001842	77.70108795	System	PAC: svchost.exe -> RuntimeBroker. Access=1000	
00001843	77.70108795	System	PAC: svchost.exe -> RuntimeBroker. Access=1000	
00001844	77.70948029	System	PAC: svchost.exe -> FangameTale-Wi Access=1FFFFF	
00001845	77.71107483	System	PAC: svchost.exe -> msedgewebview2 Access=1000	
00001846	77.71108246	System	PAC: svchost.exe -> msedgewebview2 Access=1000	
00001847	77.71113586	System	PAC: svchost.exe -> msedgewebview2 Access=101000	
00001848	77.71114349	System	PAC: svchost.exe -> msedgewebview2 Access=1000	
00001849	77.71199036	System	PAC: MsMpEng.exe -> FangameTale-Wi Access=3600	
00001850	77.71224213	System	PAC: MsMpEng.exe -> FangameTale-Wi Access=1000	
00001851	77.71236420	System	PAC: explorer.exe -> msedgewebview2 Access=1000	
00001852	77.71265411	System	PAC: FangameTale.ex -> FangameTale-Wi Access=1FFFFF	
00001853	77.71354675	System	PAC: MsMpEng.exe -> FangameTale.ex Access=1410	
00001854	77.71517181	System	PAC: csrss.exe -> FangameTale-Wi Access=1FFFFF	
00001855	77.71536255	System	PAC: csrss.exe -> FangameTale-Wi Access=1FFFFF	
00001856	77.71907806	System	PAC: MsMpEng.exe -> FangameTale-Wi Access=1000	
00001857	77.71909332	System	PAC: MsMpEng.exe -> FangameTale-Wi Access=1000	
00001858	77.72042084	System	PAC: MsMpEng.exe -> FangameTale-Wi Access=1410	
00001859	77.77494812	System	PAC: MsMpEng.exe -> msedgewebview2 Access=1000	
00001860	77.77510834	System	PAC: msedgewebview2 -> msedgewebview2 Access=1FFFFF	
00001861	77.77540588	System	PAC: csrss.exe -> msedgewebview2 Access=1FFFFF	
00001862	77.77578735	System	PAC: msedgewebview2 -> msedgewebview2 Access=1FFFFF	
00001863	77.77625275	System	PAC: msedgewebview2 -> msedgewebview2 Access=1FFFFF	
00001864	77.78109741	System	PAC: msedgewebview2 -> msedgewebview2 Access=1F1C51	
00001865	77.78520203	3576	RecursiveDirectoryCreate( C:\Users\Kauchen\AppData\Local\Packages\Microsoft.MicrosoftOfficeHub_8wekyb3d8bbwe\LocalState\EBWebView directory exists )	
00001866	77.78601837	System	PAC: msedgewebview2 -> msedgewebview2 Access=101451	
00001867	77.78607178	System	PAC: msedgewebview2 -> msedgewebview2 Access=1000	
00001868	77.78622437	System	PAC: msedgewebview2 -> msedgewebview2 Access=1FFFFF	
00001869	77.78623199	System	PAC: msedgewebview2 -> msedgewebview2 Access=1000	
00001870	77.78636169	System	PAC: msedgewebview2 -> msedgewebview2 Access=101401	
00001871	77.78636932	System	PAC: msedgewebview2 -> msedgewebview2 Access=1000	
00001872	77.78900146	System	PAC: msedgewebview2 -> msedgewebview2 Access=1FFFFF	
00001873	77.78903961	System	PAC: msedgewebview2 -> msedgewebview2 Access=1FFFFF	
00001874	77.78903961	System	PAC: msedgewebview2 -> msedgewebview2 Access=1000	
00001875	77.78917694	System	PAC: msedgewebview2 -> msedgewebview2 Access=1FFFFF	
00001876	77.80379486	System	PAC: svchost.exe -> msedgewebview2 Access=1478	
00001877	77.80392456	System	PAC: svchost.exe -> msedgewebview2 Access=1400	
00001878	77.81231689	System	PAC: lsass.exe -> FangameTale-Wi Access=1000	
00001879	77.81256104	System	PAC: lsass.exe -> FangameTale-Wi Access=1478	
00001880	77.81401062	System	PAC: msedgewebview2 -> msedgewebview2 Access=101451	
00001881	77.81574249	System	PAC: svchost.exe -> FangameTale-Wi Access=1478	
00001882	77.81583405	System	PAC: svchost.exe -> FangameTale-Wi Access=1400	
00001883	77.82323456	System	PAC: svchost.exe -> VBoxService.ex Access=1000	
00001884	77.82326508	System	PAC: svchost.exe -> VBoxService.ex Access=1000	
00001885	77.82334900	System	PAC: svchost.exe -> VBoxService.ex Access=1000	
00001886	77.82385254	System	PAC: msedgewebview2 -> msedgewebview2 Access=1000	
00001887	77.83012390	System	PAC: msedgewebview2 -> msedgewebview2 Access=1FFFFF	
00001888	77.83074951	System	PAC: explorer.exe -> msedgewebview2 Access=1000	
00001889	77.84525299	System	PAC: MsMpEng.exe -> FangameTale-Wi Access=101000	
00001890	77.84658813	System	PAC: M365Copilot.ex -> msedgewebview2 Access=3640	
00001891	77.84659576	System	PAC: M365Copilot.ex -> msedgewebview2 Access=3640	
00001892	77.85248566	System	PAC: msedgewebview2 -> msedgewebview2 Access=101401	
00001893	77.85249329	System	PAC: msedgewebview2 -> msedgewebview2 Access=1000	
00001894	77.85334778	System	PAC: msedgewebview2 -> msedgewebview2 Access=1FFFFF	
00001895	77.87892914	System	PAC: MsMpEng.exe -> msedgewebview2 Access=101000	
00001896	77.87896729	System	PAC: MsMpEng.exe -> msedgewebview2 Access=101000	
00001897	77.89698792	2368	Warning: AddWebResourceRequestedFilter without SourceKind parameter is deprecated! It does not behave as expected for iframes.Please use AddWebResourceRequestedFilterWithRequestSourceKinds instead. For more information, please see https://go.microsoft.com/fwlink/?linkid=2286319	
00001898	77.93984222	2368	Warning: AddWebResourceRequestedFilter without SourceKind parameter is deprecated! It does not behave as expected for iframes.Please use AddWebResourceRequestedFilterWithRequestSourceKinds instead. For more information, please see https://go.microsoft.com/fwlink/?linkid=2286319	
00001899	77.96709442	2368	Warning: AddWebResourceRequestedFilter without SourceKind parameter is deprecated! It does not behave as expected for iframes.Please use AddWebResourceRequestedFilterWithRequestSourceKinds instead. For more information, please see https://go.microsoft.com/fwlink/?linkid=2286319	
00001900	77.99446106	8936	Shutdown handler: initialize.	
00001901	78.00718689	System	PAC: MsMpEng.exe -> FangameTale-Wi Access=1410	
00001902	78.00888824	System	PAC: svchost.exe -> FangameTale-Wi Access=1000	
00001903	78.00902557	System	PAC: svchost.exe -> FangameTale-Wi Access=1000	
00001904	78.01205444	System	PAC: csrss.exe -> FangameTale-Wi Access=1FFFFF	
00001905	78.01264191	System	PAC: MsMpEng.exe -> FangameTale-Wi Access=1410	
00001906	78.02708435	2368	Warning: AddWebResourceRequestedFilter without SourceKind parameter is deprecated! It does not behave as expected for iframes.Please use AddWebResourceRequestedFilterWithRequestSourceKinds instead. For more information, please see https://go.microsoft.com/fwlink/?linkid=2286319	
00001907	78.08668518	System	PAC: MsMpEng.exe -> msedgewebview2 Access=101000	
00001908	78.09197235	System	PAC: ctfmon.exe -> FangameTale-Wi Access=1000	
00001909	78.09675598	System	PAC: ctfmon.exe -> FangameTale-Wi Access=1000	
00001910	78.10293579	System	PAC: MsMpEng.exe -> msedgewebview2 Access=101000	
00001911	78.11426544	2368	Warning: AddWebResourceRequestedFilter without SourceKind parameter is deprecated! It does not behave as expected for iframes.Please use AddWebResourceRequestedFilterWithRequestSourceKinds instead. For more information, please see https://go.microsoft.com/fwlink/?linkid=2286319	
00001912	78.11484528	2368	Warning: AddWebResourceRequestedFilter without SourceKind parameter is deprecated! It does not behave as expected for iframes.Please use AddWebResourceRequestedFilterWithRequestSourceKinds instead. For more information, please see https://go.microsoft.com/fwlink/?linkid=2286319	
00001913	78.11499786	2368	Warning: AddWebResourceRequestedFilter without SourceKind parameter is deprecated! It does not behave as expected for iframes.Please use AddWebResourceRequestedFilterWithRequestSourceKinds instead. For more information, please see https://go.microsoft.com/fwlink/?linkid=2286319	
00001914	78.11521149	2368	Warning: AddWebResourceRequestedFilter without SourceKind parameter is deprecated! It does not behave as expected for iframes.Please use AddWebResourceRequestedFilterWithRequestSourceKinds instead. For more information, please see https://go.microsoft.com/fwlink/?linkid=2286319	
00001915	78.11708832	2368	TestingSimulation: Feature gate disabled, skipping initialization	
00001916	78.12286377	System	PAC: svchost.exe -> M365Copilot.ex Access=101000	
00001917	78.13348389	System	PAC: MsMpEng.exe -> msedgewebview2 Access=101000	
00001918	78.13671875	System	PAC: svchost.exe -> M365Copilot.ex Access=101000	
00001919	78.13673401	System	PAC: svchost.exe -> M365Copilot.ex Access=1000	
00001920	78.13706207	System	PAC: svchost.exe -> M365Copilot.ex Access=101000	
00001921	78.13709259	System	PAC: svchost.exe -> M365Copilot.ex Access=1000	
00001922	78.13718414	System	PAC: svchost.exe -> svchost.exe Access=1000	
00001923	78.13719940	System	PAC: svchost.exe -> svchost.exe Access=40	
00001924	78.13720703	System	PAC: svchost.exe -> svchost.exe Access=1000	
00001925	78.13721466	System	PAC: svchost.exe -> svchost.exe Access=40	
00001926	78.13965607	System	PAC: svchost.exe -> M365Copilot.ex Access=1000	
00001927	78.14018250	System	PAC: svchost.exe -> M365Copilot.ex Access=1000	
00001928	78.14129639	System	PAC: svchost.exe -> M365Copilot.ex Access=101000	
00001929	78.14131165	System	PAC: svchost.exe -> M365Copilot.ex Access=1000	
00001930	78.14154816	System	PAC: svchost.exe -> svchost.exe Access=1000	
00001931	78.14155579	System	PAC: svchost.exe -> svchost.exe Access=40	
00001932	78.14215088	System	PAC: svchost.exe -> M365Copilot.ex Access=101000	
00001933	78.14216614	System	PAC: svchost.exe -> M365Copilot.ex Access=1000	
00001934	78.14235687	System	PAC: svchost.exe -> svchost.exe Access=1000	
00001935	78.14236450	System	PAC: svchost.exe -> svchost.exe Access=40	
00001936	78.14288330	System	PAC: svchost.exe -> M365Copilot.ex Access=101000	
00001937	78.14289856	System	PAC: svchost.exe -> M365Copilot.ex Access=1000	
00001938	78.14318848	System	PAC: svchost.exe -> svchost.exe Access=1000	
00001939	78.14319611	System	PAC: svchost.exe -> svchost.exe Access=40	
00001940	78.14341736	System	PAC: svchost.exe -> M365Copilot.ex Access=101000	
00001941	78.14343262	System	PAC: svchost.exe -> M365Copilot.ex Access=1000	
00001942	78.14353943	System	PAC: svchost.exe -> svchost.exe Access=1000	
00001943	78.14354706	System	PAC: svchost.exe -> svchost.exe Access=40	
00001944	78.14653778	System	PAC: svchost.exe -> M365Copilot.ex Access=101000	
00001945	78.14655304	System	PAC: svchost.exe -> M365Copilot.ex Access=1000	
00001946	78.14665985	System	PAC: svchost.exe -> svchost.exe Access=1000	
00001947	78.14665985	System	PAC: svchost.exe -> svchost.exe Access=40	
00001948	78.14678192	System	PAC: svchost.exe -> M365Copilot.ex Access=101000	
00001949	78.14679718	System	PAC: svchost.exe -> M365Copilot.ex Access=1000	
00001950	78.14706421	System	PAC: svchost.exe -> svchost.exe Access=1000	
00001951	78.14707184	System	PAC: svchost.exe -> svchost.exe Access=40	
00001952	78.15035248	System	PAC: svchost.exe -> M365Copilot.ex Access=1000	
00001953	78.15037537	System	PAC: svchost.exe -> M365Copilot.ex Access=101000	
00001954	78.15039062	System	PAC: svchost.exe -> M365Copilot.ex Access=1000	
00001955	78.15119171	System	PAC: svchost.exe -> M365Copilot.ex Access=1000	
00001956	78.15122223	System	PAC: svchost.exe -> M365Copilot.ex Access=101000	
00001957	78.15122986	System	PAC: svchost.exe -> M365Copilot.ex Access=1000	
00001958	78.15489960	System	PAC: svchost.exe -> M365Copilot.ex Access=1000	
00001959	78.15809631	System	PAC: svchost.exe -> M365Copilot.ex Access=1000	
00001960	78.15888214	System	PAC: svchost.exe -> M365Copilot.ex Access=101000	
00001961	78.15895081	System	PAC: svchost.exe -> M365Copilot.ex Access=1000	
00001962	78.15945435	System	PAC: svchost.exe -> svchost.exe Access=1000	
00001963	78.15946198	System	PAC: svchost.exe -> svchost.exe Access=40	
00001964	78.16303253	System	PAC: svchost.exe -> M365Copilot.ex Access=101000	
00001965	78.16304779	System	PAC: svchost.exe -> M365Copilot.ex Access=1000	
00001966	78.16316223	System	PAC: svchost.exe -> svchost.exe Access=1000	
00001967	78.16316986	System	PAC: svchost.exe -> svchost.exe Access=40	
00001968	78.16339874	System	PAC: svchost.exe -> M365Copilot.ex Access=101000	
00001969	78.16346741	System	PAC: svchost.exe -> M365Copilot.ex Access=1000	
00001970	78.16410828	System	PAC: svchost.exe -> svchost.exe Access=1000	
00001971	78.16411591	System	PAC: svchost.exe -> svchost.exe Access=40	
00001972	78.16516113	System	PAC: svchost.exe -> M365Copilot.ex Access=101000	
00001973	78.16517639	System	PAC: svchost.exe -> M365Copilot.ex Access=1000	
00001974	78.16558075	System	PAC: svchost.exe -> svchost.exe Access=1000	
00001975	78.16559601	System	PAC: svchost.exe -> svchost.exe Access=40	
00001976	78.16822815	System	PAC: svchost.exe -> M365Copilot.ex Access=101000	
00001977	78.16824341	System	PAC: svchost.exe -> M365Copilot.ex Access=1000	
00001978	78.16847229	System	PAC: svchost.exe -> svchost.exe Access=1000	
00001979	78.16847992	System	PAC: svchost.exe -> svchost.exe Access=40	
00001980	78.17222595	System	PAC: svchost.exe -> M365Copilot.ex Access=1000	
00001981	78.17224884	System	PAC: svchost.exe -> M365Copilot.ex Access=101000	
00001982	78.17226410	System	PAC: svchost.exe -> M365Copilot.ex Access=1000	
00001983	78.18146515	System	PAC: svchost.exe -> M365Copilot.ex Access=1000	
00001984	78.18164062	System	PAC: svchost.exe -> M365Copilot.ex Access=101000	
00001985	78.18164825	System	PAC: svchost.exe -> M365Copilot.ex Access=1000	
00001986	78.20525360	System	PAC: svchost.exe -> Dbgview.exe Access=2000	
00001987	78.28793335	System	PAC: MsMpEng.exe -> msedgewebview2 Access=101000	
00001988	78.39610291	System	PAC: MsMpEng.exe -> msedgewebview2 Access=1000	
00001989	78.39620209	System	PAC: MsMpEng.exe -> msedgewebview2 Access=1000	
00001990	78.39620972	System	PAC: MsMpEng.exe -> msedgewebview2 Access=101000	
00001991	78.39727020	System	PAC: MsMpEng.exe -> FangameTale-Wi Access=1000	
00001992	78.39729309	System	PAC: MsMpEng.exe -> FangameTale-Wi Access=1000	
00001993	78.39730072	System	PAC: MsMpEng.exe -> FangameTale-Wi Access=101000	
00001994	78.41154480	System	PAC: MsMpEng.exe -> FangameTale.ex Access=1000	
00001995	78.41188812	System	PAC: svchost.exe -> MsMpEng.exe Access=1000	
00001996	78.41188812	System	PAC: svchost.exe -> svchost.exe Access=40	
00001997	78.49084473	System	PAC: svchost.exe -> Dbgview.exe Access=2000	
00001998	78.50328064	System	PAC: explorer.exe -> Dbgview.exe Access=1000	
00001999	78.50335693	System	PAC: explorer.exe -> Dbgview.exe Access=1000	
00002000	78.51097107	System	PAC: explorer.exe -> Dbgview.exe Access=1000	
00002001	78.52886200	System	PAC: explorer.exe -> explorer.exe Access=2000	
00002002	78.52886963	System	PAC: explorer.exe -> TextInputHost. Access=2000	
00002003	78.52887726	System	PAC: explorer.exe -> SearchApp.exe Access=2000	
00002004	78.52887726	System	PAC: explorer.exe -> StartMenuExper Access=2000	
00002005	78.53266907	System	PAC: explorer.exe -> Dbgview.exe Access=1000	
00002006	78.55386353	System	PAC: ctfmon.exe -> Dbgview.exe Access=1000	
00002007	78.59390259	2368	HandleSISInteractionRequiredAsync: Starting SIS interaction required handling	
00002008	78.59407806	2368	ReadDiscoveredAccountsFromOneAuth: Found 0 accounts	
00002009	78.59408569	2368	HandleSISInteractionRequiredAsync: No accounts found after discovery	
00002010	78.60002899	System	7783281250 - STORMINI: StorAHCI - LPM: SystemIoBusNumber:0 Port:00 - IDLE	
00002011	78.63247681	System	7783593750 - STORMINI: StorAHCI - LPM: Port 01 - Port Stopped	
00002012	78.63299561	System	7783593750 - STORMINI: StorAHCI - LPM: Port 01 - Port Started	
00002013	78.63373566	System	7783593750 - STORMINI: StorAHCI - LPM: SystemIoBusNumber:0 Port:00 - ACTIVE	
00002014	78.63374329	System	7783593750 - STORMINI: StorAHCI - LPM: SystemIoBusNumber:0 Port:00 - Transit into Slumber from Partial - Canceled	
00002015	78.69920349	System	PAC: msedgewebview2 -> msedgewebview2 Access=1FFFFF	
00002016	78.69927216	System	PAC: msedgewebview2 -> msedgewebview2 Access=1FFFFF	
00002017	78.69936371	System	PAC: M365Copilot.ex -> msedgewebview2 Access=1FFFFF	
00002018	78.75467682	System	PAC: explorer.exe -> FangameTale-Wi Access=1000	
00002019	78.76323700	System	PAC: explorer.exe -> FangameTale-Wi Access=1000	
00002020	78.76889038	System	PAC: svchost.exe -> FangameTale-Wi Access=1000	
00002021	78.76890564	System	PAC: svchost.exe -> FangameTale-Wi Access=100000	
00002022	78.77020264	2368	SystemManufacturers OS Version: 	
00002023	78.79547882	System	PAC: explorer.exe -> FangameTale-Wi Access=1000	
00002024	78.80580139	System	PAC: explorer.exe -> FangameTale-Wi Access=1000	
00002025	78.80758667	System	PAC: explorer.exe -> FangameTale-Wi Access=1000	
00002026	78.81203461	System	PAC: explorer.exe -> FangameTale-Wi Access=1000	
00002027	78.81387329	System	PAC: explorer.exe -> FangameTale-Wi Access=1000	
00002028	78.81389618	System	PAC: explorer.exe -> FangameTale-Wi Access=1000	
00002029	78.81426239	System	PAC: explorer.exe -> FangameTale-Wi Access=1410	
00002030	78.81661224	System	PAC: explorer.exe -> FangameTale-Wi Access=2000	
00002031	78.82143402	System	PAC: explorer.exe -> FangameTale-Wi Access=1000	
00002032	78.82144165	System	PAC: explorer.exe -> FangameTale-Wi Access=1000	
00002033	78.82855988	System	PAC: explorer.exe -> FangameTale-Wi Access=1000	
00002034	78.82855988	System	PAC: explorer.exe -> FangameTale-Wi Access=1000	
00002035	78.83042908	System	PAC: explorer.exe -> FangameTale-Wi Access=1000	
00002036	78.83043671	System	PAC: explorer.exe -> FangameTale-Wi Access=1000	
00002037	78.83044434	System	PAC: explorer.exe -> FangameTale-Wi Access=1000	
00002038	78.83046722	System	PAC: explorer.exe -> FangameTale-Wi Access=1000	
00002039	78.83046722	System	PAC: explorer.exe -> FangameTale-Wi Access=1000	
00002040	78.83087158	System	PAC: explorer.exe -> FangameTale-Wi Access=1410	
00002041	78.83227539	System	PAC: explorer.exe -> FangameTale-Wi Access=1000	
00002042	78.83229065	System	PAC: explorer.exe -> FangameTale-Wi Access=1000	
00002043	78.83229065	System	PAC: explorer.exe -> FangameTale-Wi Access=1000	
00002044	78.83485413	System	PAC: svchost.exe -> VBoxService.ex Access=1000	
00002045	78.83488464	System	PAC: svchost.exe -> VBoxService.ex Access=1000	
00002046	78.83498383	System	PAC: svchost.exe -> VBoxService.ex Access=1000	
00002047	78.84204865	System	PAC: explorer.exe -> explorer.exe Access=1000	
00002048	78.84605408	System	PAC: explorer.exe -> explorer.exe Access=1000	
00002049	78.84899139	System	PAC: explorer.exe -> explorer.exe Access=1000	
00002050	78.85073853	System	PAC: explorer.exe -> explorer.exe Access=1000	
00002051	78.85279083	System	PAC: explorer.exe -> Dbgview.exe Access=1000	
00002052	78.85282898	System	PAC: explorer.exe -> FangameTale-Wi Access=1000	
00002053	78.85376740	System	PAC: explorer.exe -> explorer.exe Access=1000	
00002054	78.85679626	System	PAC: explorer.exe -> cmd.exe Access=1000	
00002055	78.85916138	System	PAC: explorer.exe -> explorer.exe Access=1000	
00002056	78.86259460	System	PAC: explorer.exe -> explorer.exe Access=1000	
00002057	78.86457062	System	PAC: explorer.exe -> explorer.exe Access=1000	
00002058	78.88059235	System	PAC: explorer.exe -> explorer.exe Access=1000	
00002059	78.88165283	System	PAC: explorer.exe -> explorer.exe Access=1000	
00002060	78.88280487	System	PAC: explorer.exe -> explorer.exe Access=1000	
00002061	78.88584137	System	PAC: explorer.exe -> explorer.exe Access=1000	
00002062	78.88600922	System	PAC: explorer.exe -> Dbgview.exe Access=1000	
00002063	78.88603210	System	PAC: explorer.exe -> FangameTale-Wi Access=1000	
00002064	78.88604736	System	PAC: explorer.exe -> explorer.exe Access=1000	
00002065	78.88614655	System	PAC: explorer.exe -> cmd.exe Access=1000	
00002066	78.88617706	System	PAC: explorer.exe -> explorer.exe Access=1000	
00002067	78.88618469	System	PAC: explorer.exe -> explorer.exe Access=1000	
00002068	78.88619232	System	PAC: explorer.exe -> explorer.exe Access=1000	
00002069	78.90796661	System	PAC: explorer.exe -> explorer.exe Access=2000	
00002070	78.90797424	System	PAC: explorer.exe -> TextInputHost. Access=2000	
00002071	78.90798187	System	PAC: explorer.exe -> SearchApp.exe Access=2000	
00002072	78.90798950	System	PAC: explorer.exe -> StartMenuExper Access=2000	
00002073	78.90798950	System	PAC: explorer.exe -> FangameTale-Wi Access=2000	
00002074	78.93421936	System	PAC: explorer.exe -> Dbgview.exe Access=1000	
00002075	78.95510101	2368	10	
00002077	79.04593658	System	PAC: svchost.exe -> SecurityHealth Access=1000	
00002078	79.04634094	System	PAC: svchost.exe -> SecurityHealth Access=1000	
00002079	79.04645538	System	PAC: svchost.exe -> SecurityHealth Access=1000	
00002080	79.04652405	System	PAC: svchost.exe -> SecurityHealth Access=1000	
00002081	79.04676056	System	PAC: svchost.exe -> SecurityHealth Access=1000	
00002082	79.04684448	System	PAC: svchost.exe -> SecurityHealth Access=1000	
00002083	79.04709625	System	PAC: svchost.exe -> SecurityHealth Access=1000	
00002084	79.04715729	System	PAC: svchost.exe -> SecurityHealth Access=1000	
00002085	79.04724121	System	PAC: svchost.exe -> SecurityHealth Access=1000	
00002086	79.04761505	System	PAC: svchost.exe -> SecurityHealth Access=1000	
00002087	79.04802704	System	PAC: svchost.exe -> SecurityHealth Access=1000	
00002088	79.04813385	System	PAC: svchost.exe -> SecurityHealth Access=1000	
00002089	79.04821014	System	PAC: svchost.exe -> SecurityHealth Access=1000	
00002090	79.04837036	System	PAC: svchost.exe -> SecurityHealth Access=1000	
00002091	79.04843140	System	PAC: svchost.exe -> SecurityHealth Access=1000	
00002092	79.04850006	System	PAC: svchost.exe -> SecurityHealth Access=1000	
00002093	79.04855347	System	PAC: svchost.exe -> SecurityHealth Access=1000	
00002094	79.04863739	System	PAC: svchost.exe -> SecurityHealth Access=1000	
00002095	79.04902649	System	PAC: svchost.exe -> SecurityHealth Access=1000	
00002096	79.04943085	System	PAC: svchost.exe -> SecurityHealth Access=1000	
00002097	79.04978180	System	PAC: svchost.exe -> SecurityHealth Access=1000	
00002098	79.04986572	System	PAC: svchost.exe -> SecurityHealth Access=1000	
00002099	79.04993439	System	PAC: svchost.exe -> SecurityHealth Access=1000	
00002100	79.04998779	System	PAC: svchost.exe -> SecurityHealth Access=1000	
00002101	79.05013275	System	PAC: svchost.exe -> SecurityHealth Access=1000	
00002102	79.05021667	System	PAC: svchost.exe -> SecurityHealth Access=1000	
00002103	79.05029297	System	PAC: svchost.exe -> SecurityHealth Access=1000	
00002104	79.05045319	System	PAC: svchost.exe -> SecurityHealth Access=1000	
00002105	79.05078125	System	PAC: svchost.exe -> SecurityHealth Access=1000	
00002106	79.05093384	System	PAC: svchost.exe -> SecurityHealth Access=1000	
00002107	79.05161285	System	PAC: svchost.exe -> SecurityHealth Access=1000	
00002108	79.05335236	System	PAC: svchost.exe -> SecurityHealth Access=1000	
00002109	79.05371857	System	PAC: svchost.exe -> SecurityHealth Access=1000	
00002110	79.05490875	System	PAC: svchost.exe -> SecurityHealth Access=1000	
00002111	79.05502319	System	PAC: svchost.exe -> SecurityHealth Access=1000	
00002112	79.05510712	System	PAC: svchost.exe -> SecurityHealth Access=1000	
00002113	79.05522919	System	PAC: svchost.exe -> SecurityHealth Access=1000	
00002114	79.05554199	System	PAC: svchost.exe -> SecurityHealth Access=1000	
00002115	79.05734253	System	PAC: svchost.exe -> SecurityHealth Access=1000	
00002116	79.05771637	System	PAC: svchost.exe -> SecurityHealth Access=1000	
00002117	79.05809021	System	PAC: svchost.exe -> SecurityHealth Access=1000	
00002118	79.05819702	System	PAC: svchost.exe -> SecurityHealth Access=1000	
00002119	79.05828094	System	PAC: svchost.exe -> SecurityHealth Access=1000	
00002120	79.05835724	System	PAC: svchost.exe -> SecurityHealth Access=1000	
00002121	79.05860138	System	PAC: svchost.exe -> SecurityHealth Access=1000	
00002122	79.05969238	System	PAC: svchost.exe -> SecurityHealth Access=1000	
00002123	79.06048584	System	PAC: svchost.exe -> SecurityHealth Access=1000	
00002124	79.06137085	System	PAC: svchost.exe -> SecurityHealth Access=1000	
00002125	79.06148529	System	PAC: svchost.exe -> SecurityHealth Access=1000	
00002126	79.06156921	System	PAC: svchost.exe -> SecurityHealth Access=1000	
00002127	79.06164551	System	PAC: svchost.exe -> SecurityHealth Access=1000	
00002128	79.10011292	System	PAC: M365Copilot.ex -> msedgewebview2 Access=1410	
00002129	79.10012817	System	PAC: M365Copilot.ex -> msedgewebview2 Access=1410	
00002130	79.10013580	System	PAC: M365Copilot.ex -> msedgewebview2 Access=1410	
00002131	79.10013580	System	PAC: M365Copilot.ex -> msedgewebview2 Access=1410	
00002132	79.10014343	System	PAC: M365Copilot.ex -> msedgewebview2 Access=1410	
00002133	79.11910248	System	PAC: MsMpEng.exe -> FangameTale-Wi Access=1410	
00002134	79.12486267	System	PAC: MsMpEng.exe -> FangameTale-Wi Access=1410	
00002135	79.15049744	System	PAC: MsMpEng.exe -> FangameTale-Wi Access=1410	
00002136	79.15377045	System	PAC: MsMpEng.exe -> FangameTale-Wi Access=1410	
00002137	79.16571808	System	PAC: services.exe -> svchost.exe Access=1FFFFF	
00002138	79.16572571	System	PAC: MsMpEng.exe -> svchost.exe Access=1000	
00002139	79.16587067	System	PAC: csrss.exe -> svchost.exe Access=1FFFFF	
00002140	79.16605377	System	PAC: svchost.exe -> svchost.exe Access=1101	
00002141	79.16627502	System	PAC: MsMpEng.exe -> services.exe Access=1000	
00002142	79.16639709	System	PAC: svchost.exe -> svchost.exe Access=1000	
00002143	79.16647339	System	PAC: svchost.exe -> svchost.exe Access=1000	
00002144	79.16757965	System	PAC: csrss.exe -> svchost.exe Access=1FFFFF	
00002145	79.16973877	System	PAC: svchost.exe -> FangameTale-Wi Access=40	
00002146	79.17102051	System	PAC: svchost.exe -> FangameTale-Wi Access=40	
00002147	79.17600250	System	PAC: svchost.exe -> M365Copilot.ex Access=1000	
00002148	79.17687988	System	PAC: svchost.exe -> svchost.exe Access=1000	
00002149	79.17690277	System	PAC: svchost.exe -> svchost.exe Access=1000	
00002150	79.18207550	System	PAC: svchost.exe -> SearchApp.exe Access=1000	
00002151	79.18416595	System	PAC: svchost.exe -> svchost.exe Access=1000	
00002152	79.18432617	System	PAC: svchost.exe -> svchost.exe Access=1000	
00002153	79.18473053	System	PAC: svchost.exe -> svchost.exe Access=1000	
00002154	79.18474579	System	PAC: svchost.exe -> svchost.exe Access=100000	
00002155	79.18585968	System	PAC: services.exe -> svchost.exe Access=1000	
00002156	79.18602753	System	PAC: services.exe -> svchost.exe Access=1000	
00002157	79.18603516	System	PAC: services.exe -> svchost.exe Access=1FFFFF	
00002158	79.18628693	System	PAC: M365Copilot.ex -> M365Copilot.ex Access=1000	
00002159	79.18661499	System	PAC: services.exe -> svchost.exe Access=1000	
00002160	79.18752289	System	PAC: lsass.exe -> M365Copilot.ex Access=1000	
00002161	79.18801880	System	PAC: lsass.exe -> M365Copilot.ex Access=1000	
00002162	79.18824768	System	PAC: lsass.exe -> M365Copilot.ex Access=1000	
00002163	79.18836212	System	PAC: lsass.exe -> M365Copilot.ex Access=1000	
00002164	79.19131470	System	PAC: svchost.exe -> M365Copilot.ex Access=1000	
00002165	79.19265747	System	PAC: svchost.exe -> M365Copilot.ex Access=1000	
00002166	79.19268036	System	PAC: svchost.exe -> SearchApp.exe Access=1000	
00002167	79.19351959	System	PAC: svchost.exe -> M365Copilot.ex Access=1000	
00002168	79.19537354	System	PAC: lsass.exe -> svchost.exe Access=1000	
00002169	79.19583130	System	PAC: svchost.exe -> M365Copilot.ex Access=1000	
00002170	79.19684601	System	PAC: svchost.exe -> M365Copilot.ex Access=1000	
00002171	79.19819641	System	PAC: svchost.exe -> M365Copilot.ex Access=1000	
00002172	79.19877625	System	PAC: svchost.exe -> M365Copilot.ex Access=1000	
00002173	79.20079041	System	PAC: svchost.exe -> M365Copilot.ex Access=1000	
00002174	79.20098877	System	PAC: svchost.exe -> SearchApp.exe Access=1000	
00002175	79.20111084	System	PAC: svchost.exe -> svchost.exe Access=1000	
00002176	79.20130920	System	PAC: svchost.exe -> M365Copilot.ex Access=1000	
00002177	79.20136261	System	PAC: services.exe -> svchost.exe Access=1FFFFF	
00002178	79.20242310	System	PAC: sihost.exe -> SearchApp.exe Access=101000	
00002179	79.20296478	System	PAC: svchost.exe -> FangameTale-Wi Access=1000	
00002180	79.20351410	System	PAC: svchost.exe -> FangameTale-Wi Access=1000	
00002181	79.20445251	System	PAC: svchost.exe -> SearchApp.exe Access=101000	
00002182	79.20494080	System	PAC: svchost.exe -> M365Copilot.ex Access=1000	
00002183	79.20544434	System	PAC: svchost.exe -> M365Copilot.ex Access=1000	
00002184	79.20607758	System	PAC: svchost.exe -> SearchApp.exe Access=1000	
00002185	79.20655823	System	PAC: svchost.exe -> SearchApp.exe Access=1000	
00002186	79.20662689	System	PAC: svchost.exe -> M365Copilot.ex Access=1000	
00002187	79.20674896	System	PAC: svchost.exe -> SearchApp.exe Access=1000	
00002188	79.20706940	System	PAC: svchost.exe -> SearchApp.exe Access=1000	
00002189	79.20722961	System	PAC: svchost.exe -> SearchApp.exe Access=1000	
00002190	79.20880890	System	PAC: svchost.exe -> SearchApp.exe Access=1000	
00002191	79.21697235	System	PAC: svchost.exe -> SearchApp.exe Access=1000	
00002192	79.23534393	System	PAC: explorer.exe -> explorer.exe Access=1000	
00002193	79.24114227	System	PAC: explorer.exe -> explorer.exe Access=1000	
00002194	79.24471283	System	PAC: explorer.exe -> explorer.exe Access=1000	
00002195	79.24646759	System	PAC: M365Copilot.ex -> M365Copilot.ex Access=1000	
00002196	79.24866486	System	PAC: explorer.exe -> explorer.exe Access=1000	
00002197	79.25009155	System	PAC: svchost.exe -> EpicWebHelper. Access=1FFFFF	
00002198	79.25272369	System	PAC: MsMpEng.exe -> EpicWebHelper. Access=3600	
00002199	79.25276947	System	PAC: explorer.exe -> Dbgview.exe Access=1000	
00002200	79.25293732	System	PAC: MsMpEng.exe -> EpicWebHelper. Access=1000	
00002201	79.25312805	System	PAC: FangameTale-Wi -> EpicWebHelper. Access=1FFFFF	
00002202	79.25399780	System	PAC: csrss.exe -> EpicWebHelper. Access=1FFFFF	
00002203	79.25450897	System	PAC: MsMpEng.exe -> FangameTale-Wi Access=1410	
00002204	79.25485992	System	PAC: FangameTale-Wi -> EpicWebHelper. Access=1FFFFF	
00002205	79.25499725	System	PAC: FangameTale-Wi -> EpicWebHelper. Access=1FFFFF	
00002206	79.25500488	System	PAC: FangameTale-Wi -> EpicWebHelper. Access=1FFFFF	
00002207	79.25505829	System	PAC: FangameTale-Wi -> EpicWebHelper. Access=1FFFFF	
00002208	79.25507355	System	PAC: FangameTale-Wi -> EpicWebHelper. Access=1FFFFF	
00002209	79.25522614	System	PAC: MsMpEng.exe -> EpicWebHelper. Access=1000	
00002210	79.25524139	System	PAC: MsMpEng.exe -> EpicWebHelper. Access=1000	
00002211	79.25608063	System	PAC: explorer.exe -> Dbgview.exe Access=1000	
00002212	79.25640106	System	PAC: MsMpEng.exe -> FangameTale.ex Access=1410	
00002213	79.25804138	System	PAC: MsMpEng.exe -> EpicWebHelper. Access=1410	
00002214	79.25865936	System	PAC: explorer.exe -> FangameTale-Wi Access=1000	
00002215	79.26103973	System	PAC: RuntimeBroker. -> SearchApp.exe Access=1000	
00002216	79.26126099	System	PAC: RuntimeBroker. -> SearchApp.exe Access=1000	
00002217	79.26222229	System	PAC: explorer.exe -> explorer.exe Access=1000	
00002218	79.26840973	System	PAC: explorer.exe -> cmd.exe Access=1000	
00002219	79.27178192	System	PAC: RuntimeBroker. -> SearchApp.exe Access=1000	
00002220	79.27179718	System	PAC: RuntimeBroker. -> SearchApp.exe Access=1000	
00002221	79.27516937	System	PAC: explorer.exe -> explorer.exe Access=1000	
00002222	79.27531433	System	PAC: svchost.exe -> svchost.exe Access=40	
00002223	79.27545929	System	PAC: svchost.exe -> svchost.exe Access=1000	
00002224	79.27546692	System	PAC: svchost.exe -> svchost.exe Access=40	
00002225	79.28195953	System	PAC: svchost.exe -> WmiPrvSE.exe Access=1000	
00002226	79.28198242	System	PAC: explorer.exe -> explorer.exe Access=1000	
00002227	79.28198242	System	PAC: svchost.exe -> WmiPrvSE.exe Access=1000	
00002228	79.28205109	System	PAC: svchost.exe -> WmiPrvSE.exe Access=1000	
00002229	79.28208923	System	PAC: svchost.exe -> WmiPrvSE.exe Access=1000	
00002230	79.28224182	System	PAC: svchost.exe -> WmiPrvSE.exe Access=1000	
00002231	79.28230286	System	PAC: svchost.exe -> WmiPrvSE.exe Access=1000	
00002232	79.28382874	System	PAC: MsMpEng.exe -> EpicWebHelper. Access=1410	
00002233	79.28605652	System	PAC: MsMpEng.exe -> EpicWebHelper. Access=1410	
00002234	79.28710938	System	PAC: RuntimeBroker. -> SearchApp.exe Access=1000	
00002235	79.28788757	System	PAC: explorer.exe -> explorer.exe Access=1000	
00002236	79.29621887	System	PAC: explorer.exe -> FangameTale-Wi Access=1000	
00002237	79.29769897	System	PAC: svchost.exe -> svchost.exe Access=40	
00002238	79.29778290	System	PAC: svchost.exe -> svchost.exe Access=1000	
00002239	79.29779816	System	PAC: svchost.exe -> svchost.exe Access=40	
00002240	79.30967712	System	PAC: explorer.exe -> explorer.exe Access=1000	
00002241	79.31743622	System	PAC: explorer.exe -> explorer.exe Access=1000	
00002242	79.31889343	System	PAC: explorer.exe -> explorer.exe Access=1000	
00002243	79.31903076	System	PAC: explorer.exe -> explorer.exe Access=1000	
00002244	79.31905365	System	PAC: explorer.exe -> Dbgview.exe Access=1000	
00002245	79.31906891	System	PAC: explorer.exe -> Dbgview.exe Access=1000	
00002246	79.31906891	System	PAC: explorer.exe -> FangameTale-Wi Access=1000	
00002247	79.31909180	System	PAC: explorer.exe -> explorer.exe Access=1000	
00002248	79.32204437	System	PAC: MsMpEng.exe -> EpicWebHelper. Access=1410	
00002249	79.32353210	System	PAC: explorer.exe -> cmd.exe Access=1000	
00002250	79.32538605	System	PAC: MsMpEng.exe -> EpicWebHelper. Access=1410	
00002251	79.33036804	System	PAC: MsMpEng.exe -> FangameTale-Wi Access=1410	
00002252	79.33281708	System	PAC: MsMpEng.exe -> FangameTale-Wi Access=1410	
00002253	79.33311462	System	PAC: explorer.exe -> explorer.exe Access=1000	
00002254	79.33410645	System	PAC: MsMpEng.exe -> FangameTale-Wi Access=1410	
00002255	79.33625031	System	PAC: svchost.exe -> EpicWebHelper. Access=1000	
00002256	79.33642578	System	PAC: svchost.exe -> EpicWebHelper. Access=1000	
00002257	79.33751678	System	PAC: svchost.exe -> FangameTale-Wi Access=101000	
00002258	79.33776093	System	PAC: svchost.exe -> FangameTale-Wi Access=101000	
00002259	79.33776855	System	PAC: svchost.exe -> FangameTale-Wi Access=1000	
00002260	79.33827209	System	PAC: explorer.exe -> explorer.exe Access=1000	
00002261	79.33939362	System	PAC: explorer.exe -> explorer.exe Access=1000	
00002262	79.34626007	System	PAC: svchost.exe -> FangameTale-Wi Access=1000	
00002263	79.34712982	System	PAC: svchost.exe -> FangameTale-Wi Access=1000	
00002264	79.35266876	System	PAC: explorer.exe -> M365Copilot.ex Access=1000	
00002265	79.35276794	System	PAC: svchost.exe -> FangameTale-Wi Access=1000	
00002266	79.36037445	System	PAC: audiodg.exe -> FangameTale-Wi Access=3000	
00002267	79.36089325	System	PAC: explorer.exe -> explorer.exe Access=1000	
00002268	79.36852264	System	PAC: explorer.exe -> explorer.exe Access=1000	
00002269	79.37595367	System	PAC: explorer.exe -> explorer.exe Access=1000	
00002270	79.38016510	System	PAC: audiodg.exe -> FangameTale-Wi Access=2000	
00002271	79.38146973	System	PAC: explorer.exe -> explorer.exe Access=1000	
00002272	79.38549042	System	PAC: explorer.exe -> Dbgview.exe Access=1000	
00002273	79.39044189	System	PAC: explorer.exe -> Dbgview.exe Access=1000	
00002274	79.39385986	System	PAC: explorer.exe -> FangameTale-Wi Access=1000	
00002275	79.40099335	System	PAC: explorer.exe -> explorer.exe Access=1000	
00002276	79.40499115	System	PAC: explorer.exe -> cmd.exe Access=1000	
00002277	79.41542053	System	PAC: explorer.exe -> explorer.exe Access=1000	
00002278	79.41880035	System	PAC: explorer.exe -> explorer.exe Access=1000	
00002279	79.42096710	System	PAC: M365Copilot.ex -> M365Copilot.ex Access=1000	
00002280	79.42238617	System	PAC: MsMpEng.exe -> FangameTale-Wi Access=1000	
00002281	79.42332458	System	PAC: MsMpEng.exe -> FangameTale-Wi Access=1000	
00002282	79.42346191	System	PAC: svchost.exe -> MsMpEng.exe Access=1000	
00002283	79.42347717	System	PAC: svchost.exe -> svchost.exe Access=40	
00002284	79.42848969	System	PAC: explorer.exe -> explorer.exe Access=1000	
00002285	79.42900848	System	PAC: svchost.exe -> WmiPrvSE.exe Access=1000	
00002286	79.42904663	System	PAC: svchost.exe -> WmiPrvSE.exe Access=1000	
00002287	79.42929077	System	PAC: svchost.exe -> WmiPrvSE.exe Access=1000	
00002288	79.42957306	System	PAC: svchost.exe -> WmiPrvSE.exe Access=1000	
00002289	79.42986298	System	PAC: svchost.exe -> WmiPrvSE.exe Access=1000	
00002290	79.42992401	System	PAC: svchost.exe -> WmiPrvSE.exe Access=1000	
00002291	79.43414307	System	PAC: explorer.exe -> FangameTale-Wi Access=1000	
00002292	79.49212646	System	PAC: FangameTale-Wi -> EpicWebHelper. Access=1FFFFF	
00002293	79.49215698	System	PAC: FangameTale-Wi -> EpicWebHelper. Access=101451	
00002294	79.49216461	System	PAC: FangameTale-Wi -> EpicWebHelper. Access=1FFFFF	
00002295	79.49216461	System	PAC: FangameTale-Wi -> EpicWebHelper. Access=1FFFFF	
00002296	79.50280762	System	PAC: svchost.exe -> svchost.exe Access=1000	
00002297	79.50498199	System	PAC: svchost.exe -> M365Copilot.ex Access=101000	
00002298	79.50498962	System	PAC: svchost.exe -> M365Copilot.ex Access=1000	
00002299	79.50507355	System	PAC: svchost.exe -> svchost.exe Access=1000	
00002300	79.50533295	System	PAC: svchost.exe -> svchost.exe Access=1000	
00002301	79.50534058	System	PAC: svchost.exe -> svchost.exe Access=40	
00002302	79.50554657	System	PAC: svchost.exe -> M365Copilot.ex Access=101000	
00002303	79.50572205	System	PAC: svchost.exe -> M365Copilot.ex Access=1000	
00002304	79.50640869	System	PAC: svchost.exe -> svchost.exe Access=1000	
00002305	79.50641632	System	PAC: svchost.exe -> svchost.exe Access=40	
00002306	79.51046753	System	PAC: svchost.exe -> M365Copilot.ex Access=1000	
00002307	79.51129913	System	PAC: svchost.exe -> M365Copilot.ex Access=1000	
00002308	79.51377869	System	PAC: svchost.exe -> EpicWebHelper. Access=1000	
00002309	79.51380157	System	PAC: svchost.exe -> EpicWebHelper. Access=1000	
00002310	79.51847076	System	PAC: svchost.exe -> M365Copilot.ex Access=101000	
00002311	79.51848602	System	PAC: svchost.exe -> M365Copilot.ex Access=1000	
00002312	79.51873016	System	PAC: svchost.exe -> svchost.exe Access=1000	
00002313	79.51873779	System	PAC: svchost.exe -> svchost.exe Access=40	
00002314	79.52067566	System	PAC: svchost.exe -> M365Copilot.ex Access=101000	
00002315	79.52068329	System	PAC: svchost.exe -> M365Copilot.ex Access=1000	
00002316	79.52079773	System	PAC: svchost.exe -> svchost.exe Access=1000	
00002317	79.52080536	System	PAC: svchost.exe -> svchost.exe Access=40	
00002318	79.52138519	System	PAC: svchost.exe -> M365Copilot.ex Access=101000	
00002319	79.52140045	System	PAC: svchost.exe -> M365Copilot.ex Access=1000	
00002320	79.52154541	System	PAC: svchost.exe -> svchost.exe Access=1000	
00002321	79.52154541	System	PAC: svchost.exe -> svchost.exe Access=40	
00002322	79.52426910	System	PAC: svchost.exe -> M365Copilot.ex Access=101000	
00002323	79.52428436	System	PAC: svchost.exe -> M365Copilot.ex Access=1000	
00002324	79.52448273	System	PAC: svchost.exe -> svchost.exe Access=1000	
00002325	79.52448273	System	PAC: svchost.exe -> svchost.exe Access=40	
00002326	79.52487946	System	PAC: svchost.exe -> M365Copilot.ex Access=101000	
00002327	79.52489471	System	PAC: svchost.exe -> M365Copilot.ex Access=1000	
00002328	79.52508545	System	PAC: svchost.exe -> svchost.exe Access=1000	
00002329	79.52521515	System	PAC: svchost.exe -> svchost.exe Access=1000	
00002330	79.52522278	System	PAC: svchost.exe -> svchost.exe Access=40	
00002331	79.52577972	System	PAC: svchost.exe -> svchost.exe Access=1000	
00002332	79.52677155	System	PAC: svchost.exe -> M365Copilot.ex Access=1000	
00002333	79.52680206	System	PAC: svchost.exe -> M365Copilot.ex Access=101000	
00002334	79.52680969	System	PAC: svchost.exe -> M365Copilot.ex Access=1000	
00002335	79.52785492	System	PAC: svchost.exe -> M365Copilot.ex Access=101000	
00002336	79.52786255	System	PAC: svchost.exe -> M365Copilot.ex Access=1000	
00002337	79.52912140	System	PAC: svchost.exe -> svchost.exe Access=1000	
00002338	79.52912903	System	PAC: svchost.exe -> svchost.exe Access=40	
00002339	79.52994537	System	PAC: svchost.exe -> svchost.exe Access=1000	
00002340	79.53083038	System	PAC: svchost.exe -> svchost.exe Access=1000	
00002341	79.53244781	System	PAC: svchost.exe -> M365Copilot.ex Access=1000	
00002342	79.53310394	System	PAC: svchost.exe -> M365Copilot.ex Access=101000	
00002343	79.53311157	System	PAC: svchost.exe -> M365Copilot.ex Access=1000	
00002344	79.53324890	System	PAC: svchost.exe -> svchost.exe Access=1000	
00002345	79.53325653	System	PAC: svchost.exe -> svchost.exe Access=40	
00002346	79.53519440	System	PAC: svchost.exe -> M365Copilot.ex Access=101000	
00002347	79.53520966	System	PAC: svchost.exe -> M365Copilot.ex Access=1000	
00002348	79.53550720	System	PAC: svchost.exe -> svchost.exe Access=1000	
00002349	79.53551483	System	PAC: svchost.exe -> svchost.exe Access=40	
00002350	79.53604126	System	PAC: svchost.exe -> svchost.exe Access=1000	
00002351	79.53652954	System	PAC: svchost.exe -> svchost.exe Access=1000	
00002352	79.53762054	System	PAC: svchost.exe -> M365Copilot.ex Access=1000	
00002353	79.53767395	System	PAC: svchost.exe -> M365Copilot.ex Access=101000	
00002354	79.53768921	System	PAC: svchost.exe -> M365Copilot.ex Access=1000	
00002355	79.53779602	System	PAC: svchost.exe -> svchost.exe Access=1000	
00002356	79.53780365	System	PAC: svchost.exe -> svchost.exe Access=40	
00002357	79.53967285	System	PAC: svchost.exe -> svchost.exe Access=1000	
00002358	79.54016113	System	PAC: svchost.exe -> svchost.exe Access=1000	
00002359	79.54024506	System	PAC: svchost.exe -> M365Copilot.ex Access=101000	
00002360	79.54026031	System	PAC: svchost.exe -> M365Copilot.ex Access=1000	
00002361	79.54043579	System	PAC: svchost.exe -> svchost.exe Access=1000	
00002362	79.54044342	System	PAC: svchost.exe -> svchost.exe Access=40	
00002363	79.54126740	System	PAC: svchost.exe -> M365Copilot.ex Access=101000	
00002364	79.54128265	System	PAC: svchost.exe -> M365Copilot.ex Access=1000	
00002365	79.54138947	System	PAC: svchost.exe -> svchost.exe Access=1000	
00002366	79.54139709	System	PAC: svchost.exe -> svchost.exe Access=40	
00002367	79.54608154	System	PAC: svchost.exe -> M365Copilot.ex Access=101000	
00002368	79.54608917	System	PAC: svchost.exe -> M365Copilot.ex Access=1000	
00002369	79.54628754	System	PAC: svchost.exe -> svchost.exe Access=1000	
00002370	79.54628754	System	PAC: svchost.exe -> svchost.exe Access=40	
00002371	79.54660797	System	PAC: svchost.exe -> svchost.exe Access=1000	
00002372	79.54760742	System	PAC: svchost.exe -> svchost.exe Access=1000	
00002373	79.55284882	System	PAC: svchost.exe -> svchost.exe Access=1000	
00002374	79.55364227	System	PAC: svchost.exe -> svchost.exe Access=1000	
00002375	79.55410767	System	PAC: svchost.exe -> M365Copilot.ex Access=1000	
00002376	79.55413055	System	PAC: svchost.exe -> M365Copilot.ex Access=101000	
00002377	79.55414581	System	PAC: svchost.exe -> M365Copilot.ex Access=1000	
00002378	79.55742645	System	PAC: svchost.exe -> svchost.exe Access=1000	
00002379	79.55841064	System	PAC: svchost.exe -> svchost.exe Access=1000	
00002380	79.57142639	System	PAC: svchost.exe -> svchost.exe Access=1000	
00002381	79.57212830	System	PAC: svchost.exe -> svchost.exe Access=1000	
00002382	79.57670593	System	PAC: svchost.exe -> svchost.exe Access=1000	
00002383	79.57788849	System	PAC: svchost.exe -> svchost.exe Access=1000	
00002384	79.58034515	System	PAC: svchost.exe -> svchost.exe Access=1000	
00002385	79.58081818	System	PAC: svchost.exe -> svchost.exe Access=1000	
00002386	79.58676147	System	PAC: svchost.exe -> svchost.exe Access=1000	
00002387	79.58719635	System	PAC: svchost.exe -> svchost.exe Access=1000	
00002388	79.59038544	System	PAC: svchost.exe -> svchost.exe Access=1000	
00002389	79.59156799	System	PAC: svchost.exe -> svchost.exe Access=1000	
00002390	79.59755707	System	PAC: svchost.exe -> svchost.exe Access=1000	
00002391	79.59839630	System	PAC: svchost.exe -> svchost.exe Access=1000	
00002392	79.60408783	System	PAC: svchost.exe -> svchost.exe Access=1000	
00002393	79.60447693	System	PAC: svchost.exe -> svchost.exe Access=1000	
00002394	79.61931610	System	PAC: RuntimeBroker. -> SearchApp.exe Access=1000	
00002395	79.62313080	System	PAC: RuntimeBroker. -> SearchApp.exe Access=1000	
00002396	79.62621307	System	PAC: RuntimeBroker. -> SearchApp.exe Access=1000	
00002397	79.62628174	System	PAC: RuntimeBroker. -> SearchApp.exe Access=1000	
00002398	79.63105774	System	PAC: RuntimeBroker. -> SearchApp.exe Access=1000	
00002399	79.63111115	System	PAC: RuntimeBroker. -> SearchApp.exe Access=1000	
00002400	79.63499451	System	PAC: RuntimeBroker. -> SearchApp.exe Access=1000	
00002401	79.63513184	System	PAC: RuntimeBroker. -> SearchApp.exe Access=1000	
00002402	79.63625336	System	PAC: RuntimeBroker. -> SearchApp.exe Access=1000	
00002403	79.63630676	System	PAC: RuntimeBroker. -> SearchApp.exe Access=1000	
00002404	79.63760376	System	PAC: RuntimeBroker. -> SearchApp.exe Access=1000	
00002405	79.63765717	System	PAC: RuntimeBroker. -> SearchApp.exe Access=1000	
00002406	79.63993073	System	PAC: RuntimeBroker. -> SearchApp.exe Access=1000	
00002407	79.63998413	System	PAC: RuntimeBroker. -> SearchApp.exe Access=1000	
00002408	79.64856720	System	7793750000 - STORMINI: StorAHCI - LPM: SystemIoBusNumber:0 Port:00 - IDLE	
00002409	79.64952087	System	PAC: RuntimeBroker. -> SearchApp.exe Access=1000	
00002410	79.64955139	System	7793750000 - STORMINI: StorAHCI - LPM: Port 01 - Port Stopped	
00002411	79.64957428	System	PAC: RuntimeBroker. -> SearchApp.exe Access=1000	
00002412	79.65044403	System	7793750000 - STORMINI: StorAHCI - LPM: Port 01 - Port Started	
00002413	79.65481567	System	PAC: RuntimeBroker. -> SearchApp.exe Access=1000	
00002414	79.65486908	System	PAC: RuntimeBroker. -> SearchApp.exe Access=1000	
00002415	79.65611267	System	PAC: RuntimeBroker. -> SearchApp.exe Access=1000	
00002416	79.65617371	System	PAC: RuntimeBroker. -> SearchApp.exe Access=1000	
00002417	79.65757751	System	PAC: RuntimeBroker. -> SearchApp.exe Access=1000	
00002418	79.65763855	System	PAC: RuntimeBroker. -> SearchApp.exe Access=1000	
00002419	79.66071320	System	PAC: RuntimeBroker. -> SearchApp.exe Access=1000	
00002420	79.66079712	System	PAC: RuntimeBroker. -> SearchApp.exe Access=1000	
00002421	79.66624451	System	PAC: RuntimeBroker. -> SearchApp.exe Access=1000	
00002422	79.66631317	System	PAC: RuntimeBroker. -> SearchApp.exe Access=1000	
00002423	79.66952515	System	PAC: RuntimeBroker. -> SearchApp.exe Access=1000	
00002424	79.66957855	System	PAC: RuntimeBroker. -> SearchApp.exe Access=1000	
00002425	79.67221069	System	PAC: RuntimeBroker. -> SearchApp.exe Access=1000	
00002426	79.67229462	System	PAC: RuntimeBroker. -> SearchApp.exe Access=1000	
00002427	79.67319489	System	7794062500 - STORMINI: StorAHCI - LPM: SystemIoBusNumber:0 Port:00 - ACTIVE	
00002428	79.67320251	System	7794062500 - STORMINI: StorAHCI - LPM: SystemIoBusNumber:0 Port:00 - Transit into Slumber from Partial - Canceled	
00002429	79.67476654	System	PAC: RuntimeBroker. -> SearchApp.exe Access=1000	
00002430	79.67481232	System	PAC: RuntimeBroker. -> SearchApp.exe Access=1000	
00002431	79.67664337	System	PAC: RuntimeBroker. -> SearchApp.exe Access=1000	
00002432	79.67668915	System	PAC: RuntimeBroker. -> SearchApp.exe Access=1000	
00002433	79.67747498	System	PAC: RuntimeBroker. -> SearchApp.exe Access=1000	
00002434	79.67756653	System	PAC: RuntimeBroker. -> SearchApp.exe Access=1000	
00002435	79.67961884	System	PAC: RuntimeBroker. -> SearchApp.exe Access=1000	
00002436	79.67967987	System	PAC: RuntimeBroker. -> SearchApp.exe Access=1000	
00002437	79.68085480	System	PAC: RuntimeBroker. -> SearchApp.exe Access=1000	
00002438	79.68093109	System	PAC: RuntimeBroker. -> SearchApp.exe Access=1000	
00002439	79.69441223	System	PAC: RuntimeBroker. -> SearchApp.exe Access=1000	
00002440	79.69447327	System	PAC: RuntimeBroker. -> SearchApp.exe Access=1000	
00002441	79.69499207	System	PAC: RuntimeBroker. -> SearchApp.exe Access=1000	
00002442	79.69504547	System	PAC: RuntimeBroker. -> SearchApp.exe Access=1000	
00002443	79.69911957	System	PAC: RuntimeBroker. -> SearchApp.exe Access=1000	
00002444	79.69927979	System	PAC: RuntimeBroker. -> SearchApp.exe Access=1000	
00002445	79.70073700	System	PAC: RuntimeBroker. -> SearchApp.exe Access=1000	
00002446	79.70080566	System	PAC: RuntimeBroker. -> SearchApp.exe Access=1000	
00002447	79.71258545	System	PAC: RuntimeBroker. -> SearchApp.exe Access=1000	
00002448	79.71272278	System	PAC: RuntimeBroker. -> SearchApp.exe Access=1000	
00002449	79.71761322	System	PAC: svchost.exe -> svchost.exe Access=40	
00002450	79.71784210	System	PAC: RuntimeBroker. -> SearchApp.exe Access=1000	
00002451	79.71791077	System	PAC: RuntimeBroker. -> SearchApp.exe Access=1000	
00002452	79.71806335	System	PAC: svchost.exe -> svchost.exe Access=1000	
00002453	79.71807098	System	PAC: svchost.exe -> svchost.exe Access=40	
00002454	79.72075653	System	PAC: RuntimeBroker. -> SearchApp.exe Access=1000	
00002455	79.72080994	System	PAC: RuntimeBroker. -> SearchApp.exe Access=1000	
00002456	79.72206116	System	PAC: RuntimeBroker. -> SearchApp.exe Access=1000	
00002457	79.72211456	System	PAC: RuntimeBroker. -> SearchApp.exe Access=1000	
00002458	79.72544098	System	PAC: svchost.exe -> WmiPrvSE.exe Access=1000	
00002459	79.72550201	System	PAC: svchost.exe -> WmiPrvSE.exe Access=1000	
00002460	79.72558594	System	PAC: svchost.exe -> WmiPrvSE.exe Access=1000	
00002461	79.72562408	System	PAC: svchost.exe -> WmiPrvSE.exe Access=1000	
00002462	79.72597504	System	PAC: svchost.exe -> WmiPrvSE.exe Access=1000	
00002463	79.72634888	System	PAC: svchost.exe -> WmiPrvSE.exe Access=1000	
00002464	79.72834015	System	PAC: RuntimeBroker. -> SearchApp.exe Access=1000	
00002465	79.72840881	System	PAC: RuntimeBroker. -> SearchApp.exe Access=1000	
00002466	79.73077393	System	PAC: RuntimeBroker. -> SearchApp.exe Access=1000	
00002467	79.73081970	System	PAC: RuntimeBroker. -> SearchApp.exe Access=1000	
00002468	79.73212433	System	PAC: RuntimeBroker. -> SearchApp.exe Access=1000	
00002469	79.73217010	System	PAC: RuntimeBroker. -> SearchApp.exe Access=1000	
00002470	79.73378754	System	PAC: RuntimeBroker. -> SearchApp.exe Access=1000	
00002471	79.73384857	System	PAC: RuntimeBroker. -> SearchApp.exe Access=1000	
00002472	79.73580170	System	PAC: RuntimeBroker. -> SearchApp.exe Access=1000	
00002473	79.73585510	System	PAC: RuntimeBroker. -> SearchApp.exe Access=1000	
00002474	79.73731232	System	PAC: RuntimeBroker. -> SearchApp.exe Access=1000	
00002475	79.73736572	System	PAC: RuntimeBroker. -> SearchApp.exe Access=1000	
00002476	79.74225616	System	PAC: RuntimeBroker. -> SearchApp.exe Access=1000	
00002477	79.74230194	System	PAC: RuntimeBroker. -> SearchApp.exe Access=1000	
00002478	79.74501801	System	PAC: RuntimeBroker. -> SearchApp.exe Access=1000	
00002479	79.74507904	System	PAC: RuntimeBroker. -> SearchApp.exe Access=1000	
00002480	79.74697113	System	PAC: svchost.exe -> svchost.exe Access=40	
00002481	79.74702454	System	PAC: svchost.exe -> svchost.exe Access=1000	
00002482	79.74703217	System	PAC: svchost.exe -> svchost.exe Access=40	
00002483	79.74948120	System	PAC: RuntimeBroker. -> SearchApp.exe Access=1000	
00002484	79.74958801	System	PAC: RuntimeBroker. -> SearchApp.exe Access=1000	
00002485	79.75147247	System	PAC: RuntimeBroker. -> SearchApp.exe Access=1000	
00002486	79.75166321	System	PAC: RuntimeBroker. -> SearchApp.exe Access=1000	
00002487	79.75314331	System	PAC: RuntimeBroker. -> SearchApp.exe Access=1000	
00002488	79.75321960	System	PAC: RuntimeBroker. -> SearchApp.exe Access=1000	
00002489	79.75395966	System	PAC: RuntimeBroker. -> SearchApp.exe Access=1000	
00002490	79.75400543	System	PAC: RuntimeBroker. -> SearchApp.exe Access=1000	
00002491	79.75576019	System	PAC: RuntimeBroker. -> SearchApp.exe Access=1000	
00002492	79.75594330	System	PAC: RuntimeBroker. -> SearchApp.exe Access=1000	
00002493	79.75703430	System	PAC: RuntimeBroker. -> SearchApp.exe Access=1000	
00002494	79.75745392	System	PAC: RuntimeBroker. -> SearchApp.exe Access=1000	
00002495	79.76023102	System	PAC: MsMpEng.exe -> EpicWebHelper. Access=101000	
00002496	79.76047516	System	PAC: RuntimeBroker. -> SearchApp.exe Access=1000	
00002497	79.76090240	System	PAC: RuntimeBroker. -> SearchApp.exe Access=1000	
00002498	79.76415253	System	PAC: RuntimeBroker. -> SearchApp.exe Access=1000	
00002499	79.76439667	System	PAC: RuntimeBroker. -> SearchApp.exe Access=1000	
00002500	79.76650238	System	PAC: RuntimeBroker. -> SearchApp.exe Access=1000	
00002501	79.76655579	System	PAC: RuntimeBroker. -> SearchApp.exe Access=1000	
00002502	79.76815796	System	PAC: RuntimeBroker. -> SearchApp.exe Access=1000	
00002503	79.76820374	System	PAC: RuntimeBroker. -> SearchApp.exe Access=1000	
00002504	79.77005768	System	PAC: RuntimeBroker. -> SearchApp.exe Access=1000	
00002505	79.77010345	System	PAC: RuntimeBroker. -> SearchApp.exe Access=1000	
00002506	79.77204895	System	PAC: RuntimeBroker. -> SearchApp.exe Access=1000	
00002507	79.77211761	System	PAC: RuntimeBroker. -> SearchApp.exe Access=1000	
00002508	79.77482605	System	PAC: RuntimeBroker. -> SearchApp.exe Access=1000	
00002509	79.77624512	System	PAC: RuntimeBroker. -> SearchApp.exe Access=1000	
00002510	79.78427124	System	PAC: RuntimeBroker. -> SearchApp.exe Access=1000	
00002511	79.78456116	System	PAC: RuntimeBroker. -> SearchApp.exe Access=1000	
00002512	79.78761292	System	PAC: RuntimeBroker. -> SearchApp.exe Access=1000	
00002513	79.78765106	System	PAC: RuntimeBroker. -> SearchApp.exe Access=1000	
00002514	79.80690002	System	PAC: RuntimeBroker. -> SearchApp.exe Access=1000	
00002515	79.80696869	System	PAC: RuntimeBroker. -> SearchApp.exe Access=1000	
00002516	79.81684113	System	PAC: RuntimeBroker. -> SearchApp.exe Access=1000	
00002517	79.81707764	System	PAC: RuntimeBroker. -> SearchApp.exe Access=1000	
00002518	79.81816101	System	PAC: RuntimeBroker. -> SearchApp.exe Access=1000	
00002519	79.82184601	System	PAC: RuntimeBroker. -> SearchApp.exe Access=1000	
00002520	79.82810974	2368	HandleCommandAsync unhandled function: sid	
00002521	79.86089325	System	PAC: svchost.exe -> VBoxService.ex Access=1000	
00002522	79.86093140	System	PAC: svchost.exe -> VBoxService.ex Access=1000	
00002523	79.86096954	System	PAC: RuntimeBroker. -> SearchApp.exe Access=1000	
00002524	79.86116028	System	PAC: svchost.exe -> VBoxService.ex Access=1000	
00002525	79.86136627	System	PAC: RuntimeBroker. -> SearchApp.exe Access=1000	
00002526	79.86343384	System	PAC: RuntimeBroker. -> SearchApp.exe Access=1000	
00002527	79.86399078	System	PAC: RuntimeBroker. -> SearchApp.exe Access=1000	
00002528	79.86994934	System	PAC: explorer.exe -> explorer.exe Access=1400	
00002529	79.87004089	System	PAC: explorer.exe -> explorer.exe Access=1400	
00002530	79.87141418	System	PAC: explorer.exe -> explorer.exe Access=1400	
00002531	79.87143707	System	PAC: explorer.exe -> explorer.exe Access=1400	
00002532	79.87148285	System	PAC: explorer.exe -> explorer.exe Access=1400	
00002533	79.87149811	System	PAC: explorer.exe -> explorer.exe Access=1400	
00002534	79.87149811	System	PAC: explorer.exe -> explorer.exe Access=1400	
00002535	79.87150574	System	PAC: explorer.exe -> explorer.exe Access=1400	
00002536	79.87151337	System	PAC: explorer.exe -> explorer.exe Access=1400	
00002537	79.87152863	System	PAC: explorer.exe -> explorer.exe Access=1400	
00002538	79.87153625	System	PAC: explorer.exe -> explorer.exe Access=1400	
00002539	79.87153625	System	PAC: explorer.exe -> explorer.exe Access=1400	
00002540	79.87154388	System	PAC: explorer.exe -> explorer.exe Access=1400	
00002541	79.87163544	System	PAC: explorer.exe -> explorer.exe Access=1400	
00002542	79.87164307	System	PAC: explorer.exe -> explorer.exe Access=1400	
00002543	79.87165070	System	PAC: explorer.exe -> explorer.exe Access=1400	
00002544	79.87165833	System	PAC: explorer.exe -> explorer.exe Access=1400	
00002545	79.87167358	System	PAC: explorer.exe -> explorer.exe Access=1400	
00002546	79.87168121	System	PAC: explorer.exe -> explorer.exe Access=1400	
00002547	79.87168884	System	PAC: explorer.exe -> explorer.exe Access=1400	
00002548	79.87169647	System	PAC: explorer.exe -> explorer.exe Access=1400	
00002549	79.87169647	System	PAC: explorer.exe -> explorer.exe Access=1400	
00002550	79.87171173	System	PAC: explorer.exe -> explorer.exe Access=1400	
00002551	79.87171936	System	PAC: explorer.exe -> explorer.exe Access=1400	
00002552	79.87178802	System	PAC: explorer.exe -> explorer.exe Access=1400	
00002553	79.87180328	System	PAC: explorer.exe -> explorer.exe Access=1400	
00002554	79.87181091	System	PAC: explorer.exe -> explorer.exe Access=1400	
00002555	79.87181091	System	PAC: explorer.exe -> explorer.exe Access=1400	
00002556	79.87181854	System	PAC: explorer.exe -> explorer.exe Access=1400	
00002557	79.87182617	System	PAC: explorer.exe -> explorer.exe Access=1400	
00002558	79.87184143	System	PAC: explorer.exe -> explorer.exe Access=1400	
00002559	79.87184906	System	PAC: explorer.exe -> explorer.exe Access=1400	
00002560	79.87240601	System	PAC: explorer.exe -> explorer.exe Access=1400	
00002561	79.87245178	System	PAC: explorer.exe -> explorer.exe Access=1400	
00002562	79.87361145	System	PAC: RuntimeBroker. -> SearchApp.exe Access=1000	
00002563	79.87367249	System	PAC: RuntimeBroker. -> SearchApp.exe Access=1000	
00002564	79.89970398	System	PAC: RuntimeBroker. -> SearchApp.exe Access=1000	
00002565	79.90015411	System	PAC: RuntimeBroker. -> SearchApp.exe Access=1000	
00002566	79.91153717	System	PAC: RuntimeBroker. -> SearchApp.exe Access=1000	
00002567	79.91184998	System	PAC: RuntimeBroker. -> SearchApp.exe Access=1000	
00002568	79.91962433	System	PAC: RuntimeBroker. -> SearchApp.exe Access=1000	
00002569	79.91967010	System	PAC: RuntimeBroker. -> SearchApp.exe Access=1000	
00002570	79.92089844	System	PAC: RuntimeBroker. -> SearchApp.exe Access=1000	
00002571	79.92094421	System	PAC: RuntimeBroker. -> SearchApp.exe Access=1000	
00002572	79.92321014	System	PAC: RuntimeBroker. -> SearchApp.exe Access=1000	
00002573	79.92326355	System	PAC: RuntimeBroker. -> SearchApp.exe Access=1000	
00002574	79.92550659	System	PAC: RuntimeBroker. -> SearchApp.exe Access=1000	
00002575	79.92577362	System	PAC: RuntimeBroker. -> SearchApp.exe Access=1000	
00002576	79.92977905	System	PAC: RuntimeBroker. -> SearchApp.exe Access=1000	
00002577	79.93003082	System	PAC: RuntimeBroker. -> SearchApp.exe Access=1000	
00002578	79.93204498	System	PAC: RuntimeBroker. -> SearchApp.exe Access=1000	
00002579	79.93209839	System	PAC: RuntimeBroker. -> SearchApp.exe Access=1000	
00002580	79.93437195	System	PAC: RuntimeBroker. -> SearchApp.exe Access=1000	
00002581	79.93444061	System	PAC: RuntimeBroker. -> SearchApp.exe Access=1000	
00002582	79.93694305	System	PAC: RuntimeBroker. -> SearchApp.exe Access=1000	
00002583	79.93699646	System	PAC: RuntimeBroker. -> SearchApp.exe Access=1000	
00002584	79.94301605	System	PAC: RuntimeBroker. -> SearchApp.exe Access=1000	
00002585	79.94307709	System	PAC: RuntimeBroker. -> SearchApp.exe Access=1000	
00002586	79.94546509	System	PAC: RuntimeBroker. -> SearchApp.exe Access=1000	
00002587	79.94559479	System	PAC: RuntimeBroker. -> SearchApp.exe Access=1000	
00002588	79.95231628	System	PAC: RuntimeBroker. -> SearchApp.exe Access=1000	
00002589	79.95236969	System	PAC: RuntimeBroker. -> SearchApp.exe Access=1000	
00002590	79.95402527	System	PAC: RuntimeBroker. -> SearchApp.exe Access=1000	
00002591	79.95407104	System	PAC: RuntimeBroker. -> SearchApp.exe Access=1000	
00002592	79.95738983	System	PAC: RuntimeBroker. -> SearchApp.exe Access=1000	
00002593	79.95743561	System	PAC: RuntimeBroker. -> SearchApp.exe Access=1000	
00002594	79.96287537	System	PAC: RuntimeBroker. -> SearchApp.exe Access=1000	
00002595	79.96292114	System	PAC: RuntimeBroker. -> SearchApp.exe Access=1000	
00002596	79.96386719	System	PAC: RuntimeBroker. -> SearchApp.exe Access=1000	
00002597	79.96392059	System	PAC: RuntimeBroker. -> SearchApp.exe Access=1000	
00002598	79.96698761	System	PAC: RuntimeBroker. -> SearchApp.exe Access=1000	
00002599	79.96718597	System	PAC: RuntimeBroker. -> SearchApp.exe Access=1000	
00002600	79.96932220	System	PAC: RuntimeBroker. -> SearchApp.exe Access=1000	
00002601	79.96936798	System	PAC: RuntimeBroker. -> SearchApp.exe Access=1000	
00002602	79.97034454	System	PAC: RuntimeBroker. -> SearchApp.exe Access=1000	
00002603	79.97039032	System	PAC: RuntimeBroker. -> SearchApp.exe Access=1000	
00002604	79.97249603	System	PAC: RuntimeBroker. -> SearchApp.exe Access=1000	
00002605	79.97254944	System	PAC: RuntimeBroker. -> SearchApp.exe Access=1000	
00002606	79.97312927	System	PAC: RuntimeBroker. -> SearchApp.exe Access=1000	
00002607	79.97318268	System	PAC: RuntimeBroker. -> SearchApp.exe Access=1000	
00002608	79.97564697	System	PAC: RuntimeBroker. -> SearchApp.exe Access=1000	
00002609	79.97586823	System	PAC: RuntimeBroker. -> SearchApp.exe Access=1000	
00002610	79.97758484	System	PAC: RuntimeBroker. -> SearchApp.exe Access=1000	
00002611	79.97771454	System	PAC: RuntimeBroker. -> SearchApp.exe Access=1000	
00002612	79.97962189	System	PAC: RuntimeBroker. -> SearchApp.exe Access=1000	
00002613	79.97978973	System	PAC: RuntimeBroker. -> SearchApp.exe Access=1000	
00002614	79.98230743	System	PAC: RuntimeBroker. -> SearchApp.exe Access=1000	
00002615	79.98236084	System	PAC: RuntimeBroker. -> SearchApp.exe Access=1000	
00002616	79.98314667	System	PAC: RuntimeBroker. -> SearchApp.exe Access=1000	
00002617	79.98320770	System	PAC: RuntimeBroker. -> SearchApp.exe Access=1000	
00002618	79.98476410	System	PAC: RuntimeBroker. -> SearchApp.exe Access=1000	
00002619	79.98516083	System	PAC: RuntimeBroker. -> SearchApp.exe Access=1000	
00002620	79.98622894	System	PAC: RuntimeBroker. -> SearchApp.exe Access=1000	
00002621	79.98634338	System	PAC: RuntimeBroker. -> SearchApp.exe Access=1000	
00002622	79.98732758	System	PAC: RuntimeBroker. -> SearchApp.exe Access=1000	
00002623	79.98754883	System	PAC: RuntimeBroker. -> SearchApp.exe Access=1000	
00002624	79.98870850	System	PAC: RuntimeBroker. -> SearchApp.exe Access=1000	
00002625	79.98892975	System	PAC: RuntimeBroker. -> SearchApp.exe Access=1000	
00002626	79.99104309	System	PAC: RuntimeBroker. -> SearchApp.exe Access=1000	
00002627	79.99108887	System	PAC: RuntimeBroker. -> SearchApp.exe Access=1000	
00002628	79.99444580	System	PAC: svchost.exe -> WmiPrvSE.exe Access=1000	
00002629	79.99446869	System	PAC: svchost.exe -> WmiPrvSE.exe Access=1000	
00002630	79.99519348	System	PAC: svchost.exe -> WmiPrvSE.exe Access=1000	
00002631	79.99524689	System	PAC: svchost.exe -> WmiPrvSE.exe Access=1000	
00002632	79.99530792	System	PAC: svchost.exe -> WmiPrvSE.exe Access=1000	
00002633	79.99537659	System	PAC: svchost.exe -> WmiPrvSE.exe Access=1000	
00002634	79.99601746	System	PAC: RuntimeBroker. -> SearchApp.exe Access=1000	
00002635	79.99607849	System	PAC: RuntimeBroker. -> SearchApp.exe Access=1000	
00002636	80.08834076	System	PAC: svchost.exe -> svchost.exe Access=1000	
00002637	80.08894348	System	PAC: svchost.exe -> svchost.exe Access=1000	
00002638	80.11384583	System	PAC: svchost.exe -> svchost.exe Access=1000	
00002639	80.11479950	System	PAC: svchost.exe -> svchost.exe Access=1000	
00002640	80.12244415	System	PAC: svchost.exe -> svchost.exe Access=1000	
00002641	80.12286377	System	PAC: svchost.exe -> svchost.exe Access=1000	
00002642	80.12568665	System	PAC: svchost.exe -> svchost.exe Access=1000	
00002643	80.12608337	System	PAC: svchost.exe -> svchost.exe Access=1000	
00002644	80.12795258	System	PAC: svchost.exe -> svchost.exe Access=1000	
00002645	80.12924194	System	PAC: svchost.exe -> svchost.exe Access=1000	
00002646	80.13763428	System	PAC: svchost.exe -> svchost.exe Access=1000	
00002647	80.13822174	System	PAC: svchost.exe -> svchost.exe Access=1000	
00002648	80.14460754	System	PAC: svchost.exe -> svchost.exe Access=1000	
00002649	80.14601898	System	PAC: svchost.exe -> svchost.exe Access=1000	
00002650	80.15203857	System	PAC: svchost.exe -> svchost.exe Access=1000	
00002651	80.15259552	System	PAC: svchost.exe -> svchost.exe Access=1000	
00002652	80.15721130	System	PAC: svchost.exe -> svchost.exe Access=1000	
00002653	80.15765381	System	PAC: svchost.exe -> svchost.exe Access=1000	
00002654	80.16150665	System	PAC: svchost.exe -> svchost.exe Access=1000	
00002655	80.16278839	System	PAC: svchost.exe -> svchost.exe Access=1000	
00002656	80.17032623	System	PAC: svchost.exe -> svchost.exe Access=1000	
00002657	80.17179871	System	PAC: svchost.exe -> svchost.exe Access=1000	
00002658	80.18516541	System	PAC: svchost.exe -> svchost.exe Access=1000	
00002659	80.18588257	System	PAC: svchost.exe -> svchost.exe Access=1000	
00002660	80.18961334	System	PAC: svchost.exe -> svchost.exe Access=1000	
00002661	80.19044495	System	PAC: svchost.exe -> svchost.exe Access=1000	
00002662	80.19830322	System	PAC: svchost.exe -> svchost.exe Access=1000	
00002663	80.19896698	System	PAC: svchost.exe -> svchost.exe Access=1000	
00002664	80.20588684	System	PAC: svchost.exe -> svchost.exe Access=1000	
00002665	80.20687103	System	PAC: svchost.exe -> svchost.exe Access=1000	
00002666	80.29817963	System	PAC: lsass.exe -> SearchApp.exe Access=1000	
00002667	80.36613464	2368	HandleCommandAsync unhandled function: cid	
00002668	80.38449097	System	PAC: svchost.exe -> M365Copilot.ex Access=1040	
00002669	80.39508820	System	PAC: RuntimeBroker. -> SearchApp.exe Access=1000	
00002670	80.39901733	System	PAC: RuntimeBroker. -> SearchApp.exe Access=1000	
00002671	80.40217590	System	PAC: RuntimeBroker. -> SearchApp.exe Access=1000	
00002672	80.42002106	System	PAC: RuntimeBroker. -> SearchApp.exe Access=1000	
00002673	80.42336273	System	PAC: svchost.exe -> svchost.exe Access=40	
00002674	80.42356873	System	PAC: svchost.exe -> svchost.exe Access=1000	
00002675	80.42357635	System	PAC: svchost.exe -> svchost.exe Access=40	
00002676	80.43238831	System	PAC: RuntimeBroker. -> SearchApp.exe Access=1000	
00002677	80.43347168	System	PAC: svchost.exe -> WmiPrvSE.exe Access=1000	
00002678	80.43350983	System	PAC: svchost.exe -> WmiPrvSE.exe Access=1000	
00002679	80.43376923	System	PAC: svchost.exe -> WmiPrvSE.exe Access=1000	
00002680	80.43381500	System	PAC: svchost.exe -> WmiPrvSE.exe Access=1000	
00002681	80.43387604	System	PAC: svchost.exe -> WmiPrvSE.exe Access=1000	
00002682	80.43392944	System	PAC: svchost.exe -> WmiPrvSE.exe Access=1000	
00002683	80.44277191	System	PAC: RuntimeBroker. -> SearchApp.exe Access=1000	
00002684	80.44277954	System	PAC: RuntimeBroker. -> SearchApp.exe Access=1000	
00002685	80.44278717	System	PAC: RuntimeBroker. -> SearchApp.exe Access=1000	
00002686	80.47006989	System	PAC: svchost.exe -> svchost.exe Access=40	
00002687	80.47023010	System	PAC: svchost.exe -> svchost.exe Access=1000	
00002688	80.47023773	System	PAC: svchost.exe -> svchost.exe Access=40	
00002689	80.60430908	2368	HandleCommandAsync unhandled function: sid	
00002690	80.64328003	System	PAC: RuntimeBroker. -> SearchApp.exe Access=1000	
00002691	80.64330292	System	PAC: RuntimeBroker. -> SearchApp.exe Access=1000	
00002692	80.65011597	System	PAC: RuntimeBroker. -> SearchApp.exe Access=1000	
00002693	80.66868591	System	7803906250 - STORMINI: StorAHCI - LPM: SystemIoBusNumber:0 Port:00 - IDLE	
00002694	80.66989136	System	7803906250 - STORMINI: StorAHCI - LPM: Port 01 - Port Stopped	
00002695	80.67140961	System	7803906250 - STORMINI: StorAHCI - LPM: Port 01 - Port Started	
00002696	80.70541382	System	PAC: svchost.exe -> WmiPrvSE.exe Access=1000	
00002697	80.70544434	System	PAC: svchost.exe -> WmiPrvSE.exe Access=1000	
00002698	80.70552826	System	PAC: svchost.exe -> WmiPrvSE.exe Access=1000	
00002699	80.70556641	System	PAC: svchost.exe -> WmiPrvSE.exe Access=1000	
00002700	80.70563507	System	PAC: svchost.exe -> WmiPrvSE.exe Access=1000	
00002701	80.70633698	System	PAC: svchost.exe -> WmiPrvSE.exe Access=1000	
00002702	80.71298218	System	PAC: svchost.exe -> SearchApp.exe Access=1400	
00002703	80.71313477	System	PAC: svchost.exe -> SearchApp.exe Access=1400	
00002704	80.77944946	System	PAC: svchost.exe -> svchost.exe Access=1000	
00002705	80.78014374	System	PAC: svchost.exe -> svchost.exe Access=1000	
00002706	80.79653931	System	PAC: svchost.exe -> svchost.exe Access=1000	
00002707	80.79805756	System	PAC: svchost.exe -> svchost.exe Access=1000	
00002708	80.80261230	System	PAC: svchost.exe -> svchost.exe Access=1000	
00002709	80.80302429	System	PAC: svchost.exe -> svchost.exe Access=1000	
00002710	80.80606842	System	PAC: svchost.exe -> svchost.exe Access=1000	
00002711	80.80644226	System	PAC: svchost.exe -> svchost.exe Access=1000	
00002712	80.80954742	System	PAC: svchost.exe -> svchost.exe Access=1000	
00002713	80.81008911	System	PAC: svchost.exe -> svchost.exe Access=1000	
00002714	80.81887054	System	PAC: svchost.exe -> svchost.exe Access=1000	
00002715	80.81971741	System	PAC: svchost.exe -> svchost.exe Access=1000	
00002716	80.82944489	System	PAC: svchost.exe -> svchost.exe Access=1000	
00002717	80.83192444	System	PAC: svchost.exe -> svchost.exe Access=1000	
00002718	80.83396149	System	PAC: svchost.exe -> svchost.exe Access=1000	
00002719	80.83444214	System	PAC: svchost.exe -> svchost.exe Access=1000	
00002720	80.83889008	System	PAC: svchost.exe -> svchost.exe Access=1000	
00002721	80.83956909	System	PAC: svchost.exe -> svchost.exe Access=1000	
00002722	80.84450531	System	PAC: svchost.exe -> svchost.exe Access=1000	
00002723	80.84552765	System	PAC: svchost.exe -> svchost.exe Access=1000	
00002724	80.84860992	System	PAC: svchost.exe -> svchost.exe Access=1000	
00002725	80.84925842	System	PAC: svchost.exe -> svchost.exe Access=1000	
00002726	80.86109924	System	PAC: svchost.exe -> svchost.exe Access=1000	
00002727	80.86232758	System	PAC: svchost.exe -> svchost.exe Access=1000	
00002728	80.86957550	System	PAC: svchost.exe -> VBoxService.ex Access=1000	
00002729	80.86961365	System	PAC: svchost.exe -> VBoxService.ex Access=1000	
00002730	80.86966705	System	PAC: svchost.exe -> svchost.exe Access=1000	
00002731	80.86974335	System	PAC: svchost.exe -> VBoxService.ex Access=1000	
00002732	80.87017059	System	PAC: svchost.exe -> svchost.exe Access=1000	
00002733	80.87054443	System	PAC: svchost.exe -> SearchApp.exe Access=1400	
00002734	80.87056732	System	PAC: svchost.exe -> SearchApp.exe Access=1400	
00002735	80.87296295	2368	HandleCommandAsync unhandled function: cid	
00002736	80.87739563	System	PAC: svchost.exe -> svchost.exe Access=1000	
00002737	80.87868500	System	PAC: svchost.exe -> svchost.exe Access=1000	
00002738	80.88544464	System	PAC: svchost.exe -> svchost.exe Access=1000	
00002739	80.88583374	System	PAC: svchost.exe -> svchost.exe Access=1000	
00002740	80.96501160	System	7806875000 - STORMINI: StorAHCI - LPM: SystemIoBusNumber:0 Port:00 - ACTIVE	
00002741	80.96501160	System	7806875000 - STORMINI: StorAHCI - LPM: SystemIoBusNumber:0 Port:00 - Transit into Slumber from Partial - Canceled	
00002742	81.05194092	System	PAC: svchost.exe -> svchost.exe Access=1000	
00002743	81.05788422	System	PAC: svchost.exe -> M365Copilot.ex Access=1040	
00002744	81.12695312	System	PAC: explorer.exe -> explorer.exe Access=1410	
00002745	81.12698364	System	PAC: explorer.exe -> explorer.exe Access=1000	
00002746	81.13044739	System	PAC: svchost.exe -> explorer.exe Access=2000	
00002747	81.17810822	System	PAC: svchost.exe -> WmiPrvSE.exe Access=1000	
00002748	81.17813873	System	PAC: svchost.exe -> WmiPrvSE.exe Access=1000	
00002749	81.17821503	System	PAC: svchost.exe -> WmiPrvSE.exe Access=1000	
00002750	81.17832947	System	PAC: svchost.exe -> WmiPrvSE.exe Access=1000	
00002751	81.17839813	System	PAC: svchost.exe -> WmiPrvSE.exe Access=1000	
00002752	81.17845917	System	PAC: svchost.exe -> WmiPrvSE.exe Access=1000	
00002753	81.18573761	System	PAC: explorer.exe -> FangameTale-Wi Access=1410	
00002754	81.18656921	System	PAC: svchost.exe -> FangameTale-Wi Access=2000	
00002755	81.18769073	System	PAC: explorer.exe -> FangameTale-Wi Access=1000	
00002756	81.18770599	System	PAC: explorer.exe -> FangameTale-Wi Access=1000	
00002757	81.18865204	System	PAC: explorer.exe -> FangameTale-Wi Access=1410	
00002758	81.20201111	System	PAC: svchost.exe -> WmiPrvSE.exe Access=1000	
00002759	81.20203400	System	PAC: svchost.exe -> WmiPrvSE.exe Access=1000	
00002760	81.20210266	System	PAC: svchost.exe -> WmiPrvSE.exe Access=1000	
00002761	81.20214081	System	PAC: svchost.exe -> WmiPrvSE.exe Access=1000	
00002762	81.20219421	System	PAC: svchost.exe -> WmiPrvSE.exe Access=1000	
00002763	81.20225525	System	PAC: svchost.exe -> WmiPrvSE.exe Access=1000	
00002764	81.22392273	System	PAC: svchost.exe -> svchost.exe Access=1000	
00002765	81.22420502	System	PAC: svchost.exe -> svchost.exe Access=1000	
00002766	81.22422791	System	PAC: svchost.exe -> svchost.exe Access=1000	
00002767	81.23586273	System	PAC: svchost.exe -> WmiPrvSE.exe Access=1000	
00002768	81.23588562	System	PAC: svchost.exe -> WmiPrvSE.exe Access=1000	
00002769	81.23596191	System	PAC: svchost.exe -> WmiPrvSE.exe Access=1000	
00002770	81.23600006	System	PAC: svchost.exe -> WmiPrvSE.exe Access=1000	
00002771	81.23614502	System	PAC: svchost.exe -> WmiPrvSE.exe Access=1000	
00002772	81.23628998	System	PAC: svchost.exe -> WmiPrvSE.exe Access=1000	
00002773	81.25724792	System	PAC: svchost.exe -> WmiPrvSE.exe Access=1000	
00002774	81.25734711	System	PAC: svchost.exe -> WmiPrvSE.exe Access=1000	
00002775	81.25741577	System	PAC: svchost.exe -> WmiPrvSE.exe Access=1000	
00002776	81.25744629	System	PAC: svchost.exe -> WmiPrvSE.exe Access=1000	
00002777	81.25750732	System	PAC: svchost.exe -> WmiPrvSE.exe Access=1000	
00002778	81.25756073	System	PAC: svchost.exe -> WmiPrvSE.exe Access=1000	
00002779	81.29943085	System	PAC: svchost.exe -> WmiPrvSE.exe Access=1000	
00002780	81.29945374	System	PAC: svchost.exe -> WmiPrvSE.exe Access=1000	
00002781	81.29953766	System	PAC: svchost.exe -> WmiPrvSE.exe Access=1000	
00002782	81.29957581	System	PAC: svchost.exe -> WmiPrvSE.exe Access=1000	
00002783	81.29963684	System	PAC: svchost.exe -> WmiPrvSE.exe Access=1000	
00002784	81.29969025	System	PAC: svchost.exe -> WmiPrvSE.exe Access=1000	
00002785	81.37912750	System	PAC: svchost.exe -> WmiPrvSE.exe Access=1000	
00002786	81.37918091	System	PAC: svchost.exe -> WmiPrvSE.exe Access=1000	
00002787	81.37929535	System	PAC: svchost.exe -> WmiPrvSE.exe Access=1000	
00002788	81.37936401	System	PAC: svchost.exe -> WmiPrvSE.exe Access=1000	
00002789	81.37947845	System	PAC: svchost.exe -> WmiPrvSE.exe Access=1000	
00002790	81.37973022	System	PAC: svchost.exe -> WmiPrvSE.exe Access=1000	
00002791	81.39151001	System	PAC: svchost.exe -> WmiPrvSE.exe Access=1000	
00002792	81.39153290	System	PAC: svchost.exe -> WmiPrvSE.exe Access=1000	
00002793	81.39159393	System	PAC: svchost.exe -> WmiPrvSE.exe Access=1000	
00002794	81.39163208	System	PAC: svchost.exe -> WmiPrvSE.exe Access=1000	
00002795	81.39168549	System	PAC: svchost.exe -> WmiPrvSE.exe Access=1000	
00002796	81.39174652	System	PAC: svchost.exe -> WmiPrvSE.exe Access=1000	
00002797	81.49222565	System	PAC: svchost.exe -> WmiPrvSE.exe Access=1000	
00002798	81.49225616	System	PAC: svchost.exe -> WmiPrvSE.exe Access=1000	
00002799	81.49234009	System	PAC: svchost.exe -> WmiPrvSE.exe Access=1000	
00002800	81.49355316	System	PAC: svchost.exe -> WmiPrvSE.exe Access=1000	
00002801	81.49376678	System	PAC: svchost.exe -> WmiPrvSE.exe Access=1000	
00002802	81.49382782	System	PAC: svchost.exe -> WmiPrvSE.exe Access=1000	
00002803	81.52364349	System	PAC: svchost.exe -> WmiPrvSE.exe Access=1000	
00002804	81.52372742	System	PAC: svchost.exe -> WmiPrvSE.exe Access=1000	
00002805	81.52404785	System	PAC: svchost.exe -> WmiPrvSE.exe Access=1000	
00002806	81.52409363	System	PAC: svchost.exe -> WmiPrvSE.exe Access=1000	
00002807	81.52416229	System	PAC: svchost.exe -> WmiPrvSE.exe Access=1000	
00002808	81.52450562	System	PAC: svchost.exe -> WmiPrvSE.exe Access=1000	
00002809	81.55393982	System	PAC: svchost.exe -> WmiPrvSE.exe Access=1000	
00002810	81.55396271	System	PAC: svchost.exe -> WmiPrvSE.exe Access=1000	
00002811	81.55403137	System	PAC: svchost.exe -> WmiPrvSE.exe Access=1000	
00002812	81.55406189	System	PAC: svchost.exe -> WmiPrvSE.exe Access=1000	
00002813	81.55412292	System	PAC: svchost.exe -> WmiPrvSE.exe Access=1000	
00002814	81.55435944	System	PAC: svchost.exe -> WmiPrvSE.exe Access=1000	
00002815	81.58700562	System	PAC: svchost.exe -> WmiPrvSE.exe Access=1000	
00002816	81.58705139	System	PAC: svchost.exe -> WmiPrvSE.exe Access=1000	
00002817	81.58712006	System	PAC: svchost.exe -> WmiPrvSE.exe Access=1000	
00002818	81.58734894	System	PAC: svchost.exe -> WmiPrvSE.exe Access=1000	
00002819	81.58779144	System	PAC: svchost.exe -> WmiPrvSE.exe Access=1000	
00002820	81.58799744	System	PAC: svchost.exe -> WmiPrvSE.exe Access=1000	
00002821	81.66595459	System	PAC: svchost.exe -> WmiPrvSE.exe Access=1000	
00002822	81.66598511	System	PAC: svchost.exe -> WmiPrvSE.exe Access=1000	
00002823	81.66606903	System	PAC: svchost.exe -> WmiPrvSE.exe Access=1000	
00002824	81.66609955	System	PAC: svchost.exe -> WmiPrvSE.exe Access=1000	
00002825	81.66623688	System	PAC: svchost.exe -> WmiPrvSE.exe Access=1000	
00002826	81.66630554	System	PAC: svchost.exe -> WmiPrvSE.exe Access=1000	
00002827	81.67533875	System	7814062500 - STORMINI: StorAHCI - LPM: Port 01 - Port Stopped	
00002828	81.67665100	System	7814062500 - STORMINI: StorAHCI - LPM: Port 01 - Port Started	
00002829	81.79731750	System	PAC: svchost.exe -> WmiPrvSE.exe Access=1000	
00002830	81.79734039	System	PAC: svchost.exe -> WmiPrvSE.exe Access=1000	
00002831	81.79772949	System	PAC: svchost.exe -> WmiPrvSE.exe Access=1000	
00002832	81.79785156	System	PAC: svchost.exe -> WmiPrvSE.exe Access=1000	
00002833	81.79830170	System	PAC: svchost.exe -> WmiPrvSE.exe Access=1000	
00002834	81.79837799	System	PAC: svchost.exe -> WmiPrvSE.exe Access=1000	
00002835	81.82592010	System	PAC: svchost.exe -> WmiPrvSE.exe Access=1000	
00002836	81.82594299	System	PAC: svchost.exe -> WmiPrvSE.exe Access=1000	
00002837	81.82623291	System	PAC: svchost.exe -> WmiPrvSE.exe Access=1000	
00002838	81.82643890	System	PAC: svchost.exe -> WmiPrvSE.exe Access=1000	
00002839	81.82653046	System	PAC: svchost.exe -> WmiPrvSE.exe Access=1000	
00002840	81.82675934	System	PAC: svchost.exe -> WmiPrvSE.exe Access=1000	
00002841	81.83497620	System	PAC: svchost.exe -> svchost.exe Access=1000	
00002842	81.83499908	System	PAC: svchost.exe -> svchost.exe Access=1000	
00002843	81.86125183	System	PAC: msedgewebview2 -> msedgewebview2 Access=1000	
00002844	81.86125946	System	PAC: msedgewebview2 -> msedgewebview2 Access=1000	
00002845	81.86138153	System	PAC: msedgewebview2 -> msedgewebview2 Access=1000	
00002846	81.86146545	System	PAC: msedgewebview2 -> msedgewebview2 Access=1000	
00002847	81.86264038	System	PAC: msedgewebview2 -> msedgewebview2 Access=1410	
00002848	81.86580658	System	PAC: msedgewebview2 -> msedgewebview2 Access=1000	
00002849	81.87345123	System	PAC: svchost.exe -> VBoxService.ex Access=1000	
00002850	81.87348175	System	PAC: svchost.exe -> VBoxService.ex Access=1000	
00002851	81.87372589	System	PAC: svchost.exe -> VBoxService.ex Access=1000	
00002852	81.90509033	System	PAC: msedgewebview2 -> msedgewebview2 Access=1410	
00002853	81.91638947	System	PAC: msedgewebview2 -> M365Copilot.ex Access=1000	
00002854	81.91754150	System	PAC: svchost.exe -> WmiPrvSE.exe Access=1000	
00002855	81.91774750	System	PAC: svchost.exe -> WmiPrvSE.exe Access=1000	
00002856	81.91810608	System	PAC: svchost.exe -> WmiPrvSE.exe Access=1000	
00002857	81.91820526	System	PAC: svchost.exe -> WmiPrvSE.exe Access=1000	
00002858	81.91990662	System	PAC: svchost.exe -> WmiPrvSE.exe Access=1000	
00002859	81.92015839	System	PAC: svchost.exe -> WmiPrvSE.exe Access=1000	
00002860	81.92877197	System	PAC: msedgewebview2 -> explorer.exe Access=40	
00002861	81.92881012	System	PAC: msedgewebview2 -> explorer.exe Access=40	
00002862	81.93564606	System	PAC: msedgewebview2 -> explorer.exe Access=40	
00002863	81.94110107	System	PAC: msedgewebview2 -> explorer.exe Access=40	
00002864	81.94110870	System	PAC: msedgewebview2 -> explorer.exe Access=40	
00002865	81.94939423	System	PAC: msedgewebview2 -> explorer.exe Access=40	
00002866	81.95111847	System	PAC: svchost.exe -> WmiPrvSE.exe Access=1000	
00002867	81.95114136	System	PAC: svchost.exe -> WmiPrvSE.exe Access=1000	
00002868	81.95133209	System	PAC: svchost.exe -> WmiPrvSE.exe Access=1000	
00002869	81.95176697	System	PAC: msedgewebview2 -> explorer.exe Access=40	
00002870	81.95177460	System	PAC: svchost.exe -> WmiPrvSE.exe Access=1000	
00002871	81.95185089	System	PAC: svchost.exe -> WmiPrvSE.exe Access=1000	
00002872	81.95204163	System	PAC: svchost.exe -> WmiPrvSE.exe Access=1000	
00002873	81.95269012	System	PAC: svchost.exe -> msedgewebview2 Access=101000	
00002874	81.95767212	System	PAC: msedgewebview2 -> explorer.exe Access=40	
00002875	81.95819855	System	PAC: msedgewebview2 -> msedgewebview2 Access=1410	
00002876	81.95831299	System	PAC: msedgewebview2 -> msedgewebview2 Access=1410	
00002877	81.97605133	System	7817031250 - STORMINI: StorAHCI - LPM: SystemIoBusNumber:0 Port:00 - IDLE	
00002878	81.97935486	System	7817031250 - STORMINI: StorAHCI - LPM: SystemIoBusNumber:0 Port:00 - ACTIVE	
00002879	81.97935486	System	7817031250 - STORMINI: StorAHCI - LPM: SystemIoBusNumber:0 Port:00 - Transit into Slumber from Partial - Canceled	
00002880	81.98876190	System	PAC: svchost.exe -> WmiPrvSE.exe Access=1000	
00002881	81.98885345	System	PAC: svchost.exe -> WmiPrvSE.exe Access=1000	
00002882	81.98904419	System	PAC: svchost.exe -> WmiPrvSE.exe Access=1000	
00002883	81.98920441	System	PAC: svchost.exe -> WmiPrvSE.exe Access=1000	
00002884	81.98927307	System	PAC: svchost.exe -> WmiPrvSE.exe Access=1000	
00002885	81.99061584	System	PAC: svchost.exe -> WmiPrvSE.exe Access=1000	
00002886	82.01634216	System	PAC: svchost.exe -> WmiPrvSE.exe Access=1000	
00002887	82.01636505	System	PAC: svchost.exe -> WmiPrvSE.exe Access=1000	
00002888	82.01669312	System	PAC: svchost.exe -> WmiPrvSE.exe Access=1000	
00002889	82.01673126	System	PAC: svchost.exe -> WmiPrvSE.exe Access=1000	
00002890	82.01678467	System	PAC: svchost.exe -> WmiPrvSE.exe Access=1000	
00002891	82.01713562	System	PAC: svchost.exe -> WmiPrvSE.exe Access=1000	
00002892	82.08659363	System	PAC: svchost.exe -> WmiPrvSE.exe Access=1000	
00002893	82.08673096	System	PAC: svchost.exe -> WmiPrvSE.exe Access=1000	
00002894	82.08681488	System	PAC: svchost.exe -> WmiPrvSE.exe Access=1000	
00002895	82.08684540	System	PAC: svchost.exe -> WmiPrvSE.exe Access=1000	
00002896	82.08691406	System	PAC: svchost.exe -> WmiPrvSE.exe Access=1000	
00002897	82.08704376	System	PAC: svchost.exe -> WmiPrvSE.exe Access=1000	
00002898	82.19826508	System	PAC: svchost.exe -> WmiPrvSE.exe Access=1000	
00002899	82.19830322	System	PAC: svchost.exe -> WmiPrvSE.exe Access=1000	
00002900	82.19848633	System	PAC: svchost.exe -> WmiPrvSE.exe Access=1000	
00002901	82.19867706	System	PAC: svchost.exe -> WmiPrvSE.exe Access=1000	
00002902	82.19889069	System	PAC: svchost.exe -> WmiPrvSE.exe Access=1000	
00002903	82.19902802	System	PAC: svchost.exe -> WmiPrvSE.exe Access=1000	
00002904	82.22783661	System	PAC: svchost.exe -> WmiPrvSE.exe Access=1000	
00002905	82.22786713	System	PAC: svchost.exe -> WmiPrvSE.exe Access=1000	
00002906	82.22800446	System	PAC: svchost.exe -> WmiPrvSE.exe Access=1000	
00002907	82.22804260	System	PAC: svchost.exe -> WmiPrvSE.exe Access=1000	
00002908	82.22811127	System	PAC: svchost.exe -> WmiPrvSE.exe Access=1000	
00002909	82.22836304	System	PAC: svchost.exe -> WmiPrvSE.exe Access=1000	
00002910	82.41403198	System	PAC: svchost.exe -> WmiPrvSE.exe Access=1000	
00002911	82.41407013	System	PAC: svchost.exe -> WmiPrvSE.exe Access=1000	
00002912	82.41471100	System	PAC: svchost.exe -> WmiPrvSE.exe Access=1000	
00002913	82.41483307	System	PAC: svchost.exe -> WmiPrvSE.exe Access=1000	
00002914	82.41504669	System	PAC: svchost.exe -> WmiPrvSE.exe Access=1000	
00002915	82.41518402	System	PAC: svchost.exe -> WmiPrvSE.exe Access=1000	
00002916	82.44666290	System	PAC: svchost.exe -> WmiPrvSE.exe Access=1000	
00002917	82.44668579	System	PAC: svchost.exe -> WmiPrvSE.exe Access=1000	
00002918	82.44676208	System	PAC: svchost.exe -> WmiPrvSE.exe Access=1000	
00002919	82.44679260	System	PAC: svchost.exe -> WmiPrvSE.exe Access=1000	
00002920	82.44786835	System	PAC: svchost.exe -> WmiPrvSE.exe Access=1000	
00002921	82.44833374	System	PAC: svchost.exe -> WmiPrvSE.exe Access=1000	
00002922	82.48048401	System	PAC: svchost.exe -> WmiPrvSE.exe Access=1000	
00002923	82.48052216	System	PAC: svchost.exe -> WmiPrvSE.exe Access=1000	
00002924	82.48070526	System	PAC: svchost.exe -> WmiPrvSE.exe Access=1000	
00002925	82.48091888	System	PAC: svchost.exe -> WmiPrvSE.exe Access=1000	
00002926	82.48118591	System	PAC: svchost.exe -> WmiPrvSE.exe Access=1000	
00002927	82.48147583	System	PAC: svchost.exe -> WmiPrvSE.exe Access=1000	
00002928	82.51254272	System	PAC: svchost.exe -> WmiPrvSE.exe Access=1000	
00002929	82.51273346	System	PAC: svchost.exe -> WmiPrvSE.exe Access=1000	
00002930	82.51308441	System	PAC: svchost.exe -> WmiPrvSE.exe Access=1000	
00002931	82.51319885	System	PAC: svchost.exe -> WmiPrvSE.exe Access=1000	
00002932	82.51348877	System	PAC: svchost.exe -> WmiPrvSE.exe Access=1000	
00002933	82.51369476	System	PAC: svchost.exe -> WmiPrvSE.exe Access=1000	
00002934	82.59461212	System	PAC: svchost.exe -> WmiPrvSE.exe Access=1000	
00002935	82.59463501	System	PAC: svchost.exe -> WmiPrvSE.exe Access=1000	
00002936	82.59471130	System	PAC: svchost.exe -> WmiPrvSE.exe Access=1000	
00002937	82.59474945	System	PAC: svchost.exe -> WmiPrvSE.exe Access=1000	
00002938	82.59481812	System	PAC: svchost.exe -> WmiPrvSE.exe Access=1000	
00002939	82.59487152	System	PAC: svchost.exe -> WmiPrvSE.exe Access=1000	
00002940	82.67934418	System	7824062500 - STORMINI: StorAHCI - LPM: Port 01 - Port Stopped	
00002941	82.68130493	System	7824062500 - STORMINI: StorAHCI - LPM: Port 01 - Port Started	
00002942	82.74074554	System	PAC: svchost.exe -> WmiPrvSE.exe Access=1000	
00002943	82.74076843	System	PAC: svchost.exe -> WmiPrvSE.exe Access=1000	
00002944	82.74085236	System	PAC: svchost.exe -> WmiPrvSE.exe Access=1000	
00002945	82.74089050	System	PAC: svchost.exe -> WmiPrvSE.exe Access=1000	
00002946	82.74095154	System	PAC: svchost.exe -> WmiPrvSE.exe Access=1000	
00002947	82.74103546	System	PAC: svchost.exe -> WmiPrvSE.exe Access=1000	
00002948	82.79306793	System	PAC: svchost.exe -> WmiPrvSE.exe Access=1000	
00002949	82.79309082	System	PAC: svchost.exe -> WmiPrvSE.exe Access=1000	
00002950	82.79329681	System	PAC: svchost.exe -> WmiPrvSE.exe Access=1000	
00002951	82.79360199	System	PAC: svchost.exe -> WmiPrvSE.exe Access=1000	
00002952	82.79380035	System	PAC: svchost.exe -> WmiPrvSE.exe Access=1000	
00002953	82.79385376	System	PAC: svchost.exe -> WmiPrvSE.exe Access=1000	
00002954	82.83650208	System	PAC: msedgewebview2 -> msedgewebview2 Access=1FFFFF	
00002955	82.83671570	System	PAC: msedgewebview2 -> msedgewebview2 Access=1FFFFF	
00002956	82.83677673	System	PAC: msedgewebview2 -> msedgewebview2 Access=1FFFFF	
00002957	82.83678436	System	PAC: msedgewebview2 -> msedgewebview2 Access=1FFFFF	
00002958	82.83678436	System	PAC: msedgewebview2 -> msedgewebview2 Access=1FFFFF	
00002959	82.83678436	System	PAC: msedgewebview2 -> msedgewebview2 Access=1FFFFF	
00002960	82.83679199	System	PAC: msedgewebview2 -> msedgewebview2 Access=1FFFFF	
00002961	82.83679199	System	PAC: msedgewebview2 -> msedgewebview2 Access=1FFFFF	
00002962	82.83684540	System	PAC: msedgewebview2 -> msedgewebview2 Access=1FFFFF	
00002963	82.83686066	System	PAC: msedgewebview2 -> msedgewebview2 Access=1FFFFF	
00002964	82.83686066	System	PAC: msedgewebview2 -> msedgewebview2 Access=1FFFFF	
00002965	82.83696747	System	PAC: msedgewebview2 -> msedgewebview2 Access=1FFFFF	
00002966	82.83697510	System	PAC: msedgewebview2 -> msedgewebview2 Access=1FFFFF	
00002967	82.83698273	System	PAC: msedgewebview2 -> msedgewebview2 Access=1FFFFF	
00002968	82.83698273	System	PAC: msedgewebview2 -> msedgewebview2 Access=1FFFFF	
00002969	82.83698273	System	PAC: msedgewebview2 -> msedgewebview2 Access=1FFFFF	
00002970	82.83699799	System	PAC: msedgewebview2 -> msedgewebview2 Access=1FFFFF	
00002971	82.83700562	System	PAC: msedgewebview2 -> msedgewebview2 Access=1FFFFF	
00002972	82.83700562	System	PAC: msedgewebview2 -> msedgewebview2 Access=1FFFFF	
00002973	82.83701324	System	PAC: msedgewebview2 -> msedgewebview2 Access=1FFFFF	
00002974	82.83701324	System	PAC: msedgewebview2 -> msedgewebview2 Access=1FFFFF	
00002975	82.86588287	System	PAC: svchost.exe -> WmiPrvSE.exe Access=1000	
00002976	82.86592102	System	PAC: svchost.exe -> WmiPrvSE.exe Access=1000	
00002977	82.86635590	System	PAC: svchost.exe -> WmiPrvSE.exe Access=1000	
00002978	82.86640930	System	PAC: svchost.exe -> WmiPrvSE.exe Access=1000	
00002979	82.86648560	System	PAC: svchost.exe -> WmiPrvSE.exe Access=1000	
00002980	82.86653900	System	PAC: svchost.exe -> WmiPrvSE.exe Access=1000	
00002981	82.88360596	System	PAC: svchost.exe -> VBoxService.ex Access=1000	
00002982	82.88368988	System	PAC: svchost.exe -> VBoxService.ex Access=1000	
00002983	82.88399506	System	PAC: svchost.exe -> VBoxService.ex Access=1000	
00002984	82.89655304	System	PAC: svchost.exe -> WmiPrvSE.exe Access=1000	
00002985	82.89656830	System	PAC: svchost.exe -> WmiPrvSE.exe Access=1000	
00002986	82.89662933	System	PAC: svchost.exe -> WmiPrvSE.exe Access=1000	
00002987	82.89695740	System	PAC: svchost.exe -> WmiPrvSE.exe Access=1000	
00002988	82.89703369	System	PAC: svchost.exe -> WmiPrvSE.exe Access=1000	
00002989	82.89709473	System	PAC: svchost.exe -> WmiPrvSE.exe Access=1000	
00002990	82.93054962	System	PAC: svchost.exe -> WmiPrvSE.exe Access=1000	
00002991	82.93056488	System	PAC: svchost.exe -> WmiPrvSE.exe Access=1000	
00002992	82.93063354	System	PAC: svchost.exe -> WmiPrvSE.exe Access=1000	
00002993	82.93067169	System	PAC: svchost.exe -> WmiPrvSE.exe Access=1000	
00002994	82.93101501	System	PAC: svchost.exe -> WmiPrvSE.exe Access=1000	
00002995	82.93137360	System	PAC: svchost.exe -> WmiPrvSE.exe Access=1000	
00002996	82.96023560	System	PAC: svchost.exe -> WmiPrvSE.exe Access=1000	
00002997	82.96025848	System	PAC: svchost.exe -> WmiPrvSE.exe Access=1000	
00002998	82.96031952	System	PAC: svchost.exe -> WmiPrvSE.exe Access=1000	
00002999	82.96057129	System	PAC: svchost.exe -> WmiPrvSE.exe Access=1000	
00003000	82.96121216	System	PAC: svchost.exe -> WmiPrvSE.exe Access=1000	
00003001	82.96128082	System	PAC: svchost.exe -> WmiPrvSE.exe Access=1000	
00003002	82.99215698	System	7827187500 - STORMINI: StorAHCI - LPM: SystemIoBusNumber:0 Port:00 - IDLE	
00003003	83.03711700	System	PAC: svchost.exe -> WmiPrvSE.exe Access=1000	
00003004	83.03715515	System	PAC: svchost.exe -> WmiPrvSE.exe Access=1000	
00003005	83.03749084	System	PAC: svchost.exe -> WmiPrvSE.exe Access=1000	
00003006	83.03768921	System	PAC: svchost.exe -> WmiPrvSE.exe Access=1000	
00003007	83.03820801	System	PAC: svchost.exe -> WmiPrvSE.exe Access=1000	
00003008	83.03831482	System	PAC: svchost.exe -> WmiPrvSE.exe Access=1000	
00003009	83.06340027	System	7827968750 - STORMINI: StorAHCI - LPM: SystemIoBusNumber:0 Port:00 - ACTIVE	
00003010	83.06340027	System	7827968750 - STORMINI: StorAHCI - LPM: SystemIoBusNumber:0 Port:00 - Transit into Slumber from Partial - Canceled	
00003011	83.17897034	System	PAC: svchost.exe -> WmiPrvSE.exe Access=1000	
00003012	83.17899323	System	PAC: svchost.exe -> WmiPrvSE.exe Access=1000	
00003013	83.17930603	System	PAC: svchost.exe -> WmiPrvSE.exe Access=1000	
00003014	83.17935181	System	PAC: svchost.exe -> WmiPrvSE.exe Access=1000	
00003015	83.17949677	System	PAC: svchost.exe -> WmiPrvSE.exe Access=1000	
00003016	83.17984009	System	PAC: svchost.exe -> WmiPrvSE.exe Access=1000	
00003017	83.21341705	System	PAC: svchost.exe -> WmiPrvSE.exe Access=1000	
00003018	83.21344757	System	PAC: svchost.exe -> WmiPrvSE.exe Access=1000	
00003019	83.21358490	System	PAC: svchost.exe -> WmiPrvSE.exe Access=1000	
00003020	83.21362305	System	PAC: svchost.exe -> WmiPrvSE.exe Access=1000	
00003021	83.21388245	System	PAC: svchost.exe -> WmiPrvSE.exe Access=1000	
00003022	83.21395111	System	PAC: svchost.exe -> WmiPrvSE.exe Access=1000	
00003023	83.51628876	System	PAC: svchost.exe -> svchost.exe Access=1000	
00003024	83.67330170	System	PAC: svchost.exe -> explorer.exe Access=1000	
00003025	83.67405701	System	PAC: svchost.exe -> svchost.exe Access=1000	
00003026	83.67409515	System	PAC: svchost.exe -> svchost.exe Access=1000	
00003027	83.67415619	System	PAC: svchost.exe -> RuntimeBroker. Access=1000	
00003028	83.67417908	System	PAC: svchost.exe -> explorer.exe Access=1000	
00003029	83.68227386	System	PAC: svchost.exe -> WmiPrvSE.exe Access=1000	
00003030	83.68229675	System	PAC: svchost.exe -> WmiPrvSE.exe Access=1000	
00003031	83.68237305	System	PAC: svchost.exe -> WmiPrvSE.exe Access=1000	
00003032	83.68267822	System	PAC: svchost.exe -> WmiPrvSE.exe Access=1000	
00003033	83.68276215	System	PAC: svchost.exe -> WmiPrvSE.exe Access=1000	
00003034	83.68281555	System	PAC: svchost.exe -> WmiPrvSE.exe Access=1000	
00003035	83.68550110	System	7834062500 - STORMINI: StorAHCI - LPM: Port 01 - Port Stopped	
00003036	83.68750000	System	7834062500 - STORMINI: StorAHCI - LPM: Port 01 - Port Started	
00003037	83.71054840	System	PAC: svchost.exe -> WmiPrvSE.exe Access=1000	
00003038	83.71067047	System	PAC: svchost.exe -> WmiPrvSE.exe Access=1000	
00003039	83.71077728	System	PAC: svchost.exe -> WmiPrvSE.exe Access=1000	
00003040	83.71083832	System	PAC: svchost.exe -> WmiPrvSE.exe Access=1000	
00003041	83.71103668	System	PAC: svchost.exe -> WmiPrvSE.exe Access=1000	
00003042	83.71130371	System	PAC: svchost.exe -> WmiPrvSE.exe Access=1000	
00003043	83.75353241	System	PAC: svchost.exe -> WmiPrvSE.exe Access=1000	
00003044	83.75355530	System	PAC: svchost.exe -> WmiPrvSE.exe Access=1000	
00003045	83.75375366	System	PAC: svchost.exe -> WmiPrvSE.exe Access=1000	
00003046	83.75390625	System	PAC: svchost.exe -> WmiPrvSE.exe Access=1000	
00003047	83.75397491	System	PAC: svchost.exe -> WmiPrvSE.exe Access=1000	
00003048	83.75402832	System	PAC: svchost.exe -> WmiPrvSE.exe Access=1000	
00003049	83.83040619	System	PAC: svchost.exe -> svchost.exe Access=40	
00003050	83.83057404	System	PAC: svchost.exe -> svchost.exe Access=1000	
00003051	83.83058167	System	PAC: svchost.exe -> svchost.exe Access=40	
00003052	83.83622742	System	PAC: svchost.exe -> WmiPrvSE.exe Access=1000	
00003053	83.83625031	System	PAC: svchost.exe -> WmiPrvSE.exe Access=1000	
00003054	83.83640289	System	PAC: svchost.exe -> WmiPrvSE.exe Access=1000	
00003055	83.83644867	System	PAC: svchost.exe -> WmiPrvSE.exe Access=1000	
00003056	83.83651733	System	PAC: svchost.exe -> WmiPrvSE.exe Access=1000	
00003057	83.83657074	System	PAC: svchost.exe -> WmiPrvSE.exe Access=1000	
00003058	83.85759735	System	PAC: svchost.exe -> svchost.exe Access=40	
00003059	83.85779572	System	PAC: svchost.exe -> svchost.exe Access=1000	
00003060	83.85779572	System	PAC: svchost.exe -> svchost.exe Access=40	
00003061	83.89895630	System	PAC: svchost.exe -> VBoxService.ex Access=1000	
00003062	83.89897919	System	PAC: svchost.exe -> VBoxService.ex Access=1000	
00003063	83.89918518	System	PAC: svchost.exe -> VBoxService.ex Access=1000	
00003064	83.94645691	System	PAC: explorer.exe -> explorer.exe Access=2000	
00003065	83.94646454	System	PAC: explorer.exe -> TextInputHost. Access=2000	
00003066	83.94647217	System	PAC: explorer.exe -> SearchApp.exe Access=2000	
00003067	83.94647217	System	PAC: explorer.exe -> StartMenuExper Access=2000	
00003068	83.94647980	System	PAC: explorer.exe -> FangameTale-Wi Access=2000	
00003069	84.01490784	System	PAC: svchost.exe -> WmiPrvSE.exe Access=1000	
00003070	84.01494598	System	PAC: svchost.exe -> WmiPrvSE.exe Access=1000	
00003071	84.01502228	System	PAC: svchost.exe -> WmiPrvSE.exe Access=1000	
00003072	84.01506042	System	PAC: svchost.exe -> WmiPrvSE.exe Access=1000	
00003073	84.01525116	System	PAC: svchost.exe -> WmiPrvSE.exe Access=1000	
00003074	84.01543427	System	PAC: svchost.exe -> WmiPrvSE.exe Access=1000	
00003075	84.06845093	System	PAC: svchost.exe -> svchost.exe Access=1000	
00003076	84.06932068	System	7837968750 - STORMINI: StorAHCI - LPM: SystemIoBusNumber:0 Port:00 - IDLE	
00003077	84.06968689	System	PAC: svchost.exe -> svchost.exe Access=1000	
00003078	84.08525085	System	7838125000 - STORMINI: StorAHCI - LPM: SystemIoBusNumber:0 Port:00 - ACTIVE	
00003079	84.08525085	System	7838125000 - STORMINI: StorAHCI - LPM: SystemIoBusNumber:0 Port:00 - Transit into Slumber from Partial - Canceled	
00003080	84.08893585	System	PAC: svchost.exe -> svchost.exe Access=1000	
00003081	84.09008789	System	PAC: svchost.exe -> svchost.exe Access=1000	
00003082	84.10038757	System	PAC: svchost.exe -> svchost.exe Access=1000	
00003083	84.10095215	System	PAC: svchost.exe -> svchost.exe Access=1000	
00003084	84.10586548	System	PAC: svchost.exe -> svchost.exe Access=1000	
00003085	84.10659790	System	PAC: svchost.exe -> svchost.exe Access=1000	
00003086	84.11177826	System	PAC: svchost.exe -> svchost.exe Access=1000	
00003087	84.11281586	System	PAC: svchost.exe -> svchost.exe Access=1000	
00003088	84.12226868	System	PAC: svchost.exe -> svchost.exe Access=1000	
00003089	84.12345123	System	PAC: svchost.exe -> svchost.exe Access=1000	
00003090	84.13009644	System	PAC: svchost.exe -> svchost.exe Access=1000	
00003091	84.13135529	System	PAC: svchost.exe -> svchost.exe Access=1000	
00003092	84.13573456	System	PAC: svchost.exe -> svchost.exe Access=1000	
00003093	84.13669586	System	PAC: svchost.exe -> svchost.exe Access=1000	
00003094	84.14507294	System	PAC: svchost.exe -> svchost.exe Access=1000	
00003095	84.14621735	System	PAC: svchost.exe -> svchost.exe Access=1000	
00003096	84.15201569	System	PAC: svchost.exe -> svchost.exe Access=1000	
00003097	84.15264893	System	PAC: svchost.exe -> svchost.exe Access=1000	
00003098	84.15560913	System	PAC: svchost.exe -> svchost.exe Access=1000	
00003099	84.15615845	System	PAC: svchost.exe -> svchost.exe Access=1000	
00003100	84.16237640	System	PAC: svchost.exe -> svchost.exe Access=1000	
00003101	84.16327667	System	PAC: svchost.exe -> svchost.exe Access=1000	
00003102	84.16774750	System	PAC: svchost.exe -> svchost.exe Access=1000	
00003103	84.16892242	System	PAC: svchost.exe -> svchost.exe Access=1000	
00003104	84.17471313	System	PAC: svchost.exe -> svchost.exe Access=1000	
00003105	84.17546082	System	PAC: svchost.exe -> svchost.exe Access=1000	
00003106	84.18086243	System	PAC: svchost.exe -> svchost.exe Access=1000	
00003107	84.18135834	System	PAC: svchost.exe -> svchost.exe Access=1000	
00003108	84.33152008	System	PAC: svchost.exe -> svchost.exe Access=1000	
00003109	84.33535004	System	PAC: svchost.exe -> M365Copilot.ex Access=1040	
00003110	84.41651917	System	PAC: svchost.exe -> WmiPrvSE.exe Access=1000	
00003111	84.41654205	System	PAC: svchost.exe -> WmiPrvSE.exe Access=1000	
00003112	84.41696930	System	PAC: svchost.exe -> WmiPrvSE.exe Access=1000	
00003113	84.41701508	System	PAC: svchost.exe -> WmiPrvSE.exe Access=1000	
00003114	84.41709900	System	PAC: svchost.exe -> WmiPrvSE.exe Access=1000	
00003115	84.41716003	System	PAC: svchost.exe -> WmiPrvSE.exe Access=1000	
00003116	84.43964386	System	PAC: svchost.exe -> WmiPrvSE.exe Access=1000	
00003117	84.43966675	System	PAC: svchost.exe -> WmiPrvSE.exe Access=1000	
00003118	84.43973541	System	PAC: svchost.exe -> WmiPrvSE.exe Access=1000	
00003119	84.43976593	System	PAC: svchost.exe -> WmiPrvSE.exe Access=1000	
00003120	84.43982697	System	PAC: svchost.exe -> WmiPrvSE.exe Access=1000	
00003121	84.44084167	System	PAC: svchost.exe -> WmiPrvSE.exe Access=1000	
00003122	84.47052002	System	PAC: svchost.exe -> svchost.exe Access=1000	
00003123	84.47077942	System	PAC: svchost.exe -> svchost.exe Access=1000	
00003124	84.47080231	System	PAC: svchost.exe -> svchost.exe Access=1000	
00003125	84.48480988	System	PAC: svchost.exe -> WmiPrvSE.exe Access=1000	
00003126	84.48484039	System	PAC: svchost.exe -> WmiPrvSE.exe Access=1000	
00003127	84.48490143	System	PAC: svchost.exe -> WmiPrvSE.exe Access=1000	
00003128	84.48493195	System	PAC: svchost.exe -> WmiPrvSE.exe Access=1000	
00003129	84.48499298	System	PAC: svchost.exe -> WmiPrvSE.exe Access=1000	
00003130	84.48504639	System	PAC: svchost.exe -> WmiPrvSE.exe Access=1000	
00003131	84.50793457	System	PAC: svchost.exe -> WmiPrvSE.exe Access=1000	
00003132	84.50796509	System	PAC: svchost.exe -> WmiPrvSE.exe Access=1000	
00003133	84.50802612	System	PAC: svchost.exe -> WmiPrvSE.exe Access=1000	
00003134	84.50805664	System	PAC: svchost.exe -> WmiPrvSE.exe Access=1000	
00003135	84.50821686	System	PAC: svchost.exe -> WmiPrvSE.exe Access=1000	
00003136	84.50827789	System	PAC: svchost.exe -> WmiPrvSE.exe Access=1000	
00003137	84.52802277	System	PAC: svchost.exe -> WmiPrvSE.exe Access=1000	
00003138	84.52804565	System	PAC: svchost.exe -> WmiPrvSE.exe Access=1000	
00003139	84.52809906	System	PAC: svchost.exe -> WmiPrvSE.exe Access=1000	
00003140	84.52813721	System	PAC: svchost.exe -> WmiPrvSE.exe Access=1000	
00003141	84.52819061	System	PAC: svchost.exe -> WmiPrvSE.exe Access=1000	
00003142	84.52825165	System	PAC: svchost.exe -> WmiPrvSE.exe Access=1000	
00003143	84.53214264	System	PAC: svchost.exe -> svchost.exe Access=1000	
00003144	84.53222656	System	PAC: svchost.exe -> svchost.exe Access=1000	
00003145	84.61551666	System	PAC: svchost.exe -> WmiPrvSE.exe Access=1000	
00003146	84.61555481	System	PAC: svchost.exe -> WmiPrvSE.exe Access=1000	
00003147	84.61583710	System	PAC: svchost.exe -> WmiPrvSE.exe Access=1000	
00003148	84.61598969	System	PAC: svchost.exe -> WmiPrvSE.exe Access=1000	
00003149	84.61618042	System	PAC: svchost.exe -> WmiPrvSE.exe Access=1000	
00003150	84.61626434	System	PAC: svchost.exe -> WmiPrvSE.exe Access=1000	
00003151	84.63182068	System	PAC: svchost.exe -> WmiPrvSE.exe Access=1000	
00003152	84.63184357	System	PAC: svchost.exe -> WmiPrvSE.exe Access=1000	
00003153	84.63194275	System	PAC: svchost.exe -> WmiPrvSE.exe Access=1000	
00003154	84.63199615	System	PAC: svchost.exe -> WmiPrvSE.exe Access=1000	
00003155	84.63211060	System	PAC: svchost.exe -> WmiPrvSE.exe Access=1000	
00003156	84.63220215	System	PAC: svchost.exe -> WmiPrvSE.exe Access=1000	
00003157	84.66732025	System	PAC: svchost.exe -> WmiPrvSE.exe Access=1000	
00003158	84.66735077	System	PAC: svchost.exe -> WmiPrvSE.exe Access=1000	
00003159	84.66744995	System	PAC: svchost.exe -> WmiPrvSE.exe Access=1000	
00003160	84.66749573	System	PAC: svchost.exe -> WmiPrvSE.exe Access=1000	
00003161	84.66764832	System	PAC: svchost.exe -> WmiPrvSE.exe Access=1000	
00003162	84.66771698	System	PAC: svchost.exe -> WmiPrvSE.exe Access=1000	
00003163	84.68740845	System	PAC: svchost.exe -> WmiPrvSE.exe Access=1000	
00003164	84.68742371	System	PAC: svchost.exe -> WmiPrvSE.exe Access=1000	
00003165	84.68748474	System	PAC: svchost.exe -> WmiPrvSE.exe Access=1000	
00003166	84.68752289	System	PAC: svchost.exe -> WmiPrvSE.exe Access=1000	
00003167	84.68757629	System	PAC: svchost.exe -> WmiPrvSE.exe Access=1000	
00003168	84.68762970	System	PAC: svchost.exe -> WmiPrvSE.exe Access=1000	
00003169	84.69419861	System	7844218750 - STORMINI: StorAHCI - LPM: Port 01 - Port Stopped	
00003170	84.69454193	System	7844218750 - STORMINI: StorAHCI - LPM: Port 01 - Port Started	
00003171	84.70125580	System	PAC: svchost.exe -> WmiPrvSE.exe Access=1000	
00003172	84.70127106	System	PAC: svchost.exe -> WmiPrvSE.exe Access=1000	
00003173	84.70133972	System	PAC: svchost.exe -> WmiPrvSE.exe Access=1000	
00003174	84.70137024	System	PAC: svchost.exe -> WmiPrvSE.exe Access=1000	
00003175	84.70142365	System	PAC: svchost.exe -> WmiPrvSE.exe Access=1000	
00003176	84.70147705	System	PAC: svchost.exe -> WmiPrvSE.exe Access=1000	
00003177	84.71332550	System	PAC: svchost.exe -> WmiPrvSE.exe Access=1000	
00003178	84.71334076	System	PAC: svchost.exe -> WmiPrvSE.exe Access=1000	
00003179	84.71340179	System	PAC: svchost.exe -> WmiPrvSE.exe Access=1000	
00003180	84.71343231	System	PAC: svchost.exe -> WmiPrvSE.exe Access=1000	
00003181	84.71349335	System	PAC: svchost.exe -> WmiPrvSE.exe Access=1000	
00003182	84.71363068	System	PAC: svchost.exe -> WmiPrvSE.exe Access=1000	
00003183	84.74203491	System	PAC: svchost.exe -> WmiPrvSE.exe Access=1000	
00003184	84.74218750	System	PAC: svchost.exe -> WmiPrvSE.exe Access=1000	
00003185	84.74227142	System	PAC: svchost.exe -> WmiPrvSE.exe Access=1000	
00003186	84.74230957	System	PAC: svchost.exe -> WmiPrvSE.exe Access=1000	
00003187	84.74237061	System	PAC: svchost.exe -> WmiPrvSE.exe Access=1000	
00003188	84.74243164	System	PAC: svchost.exe -> WmiPrvSE.exe Access=1000	
00003189	84.79654694	System	PAC: svchost.exe -> WmiPrvSE.exe Access=1000	
00003190	84.79657745	System	PAC: svchost.exe -> WmiPrvSE.exe Access=1000	
00003191	84.79664612	System	PAC: svchost.exe -> WmiPrvSE.exe Access=1000	
00003192	84.79668427	System	PAC: svchost.exe -> WmiPrvSE.exe Access=1000	
00003193	84.79674530	System	PAC: svchost.exe -> WmiPrvSE.exe Access=1000	
00003194	84.79679871	System	PAC: svchost.exe -> WmiPrvSE.exe Access=1000	
00003195	84.81217957	System	PAC: svchost.exe -> WmiPrvSE.exe Access=1000	
00003196	84.81220245	System	PAC: svchost.exe -> WmiPrvSE.exe Access=1000	
00003197	84.81226349	System	PAC: svchost.exe -> WmiPrvSE.exe Access=1000	
00003198	84.81229401	System	PAC: svchost.exe -> WmiPrvSE.exe Access=1000	
00003199	84.81235504	System	PAC: svchost.exe -> WmiPrvSE.exe Access=1000	
00003200	84.81240082	System	PAC: svchost.exe -> WmiPrvSE.exe Access=1000	
00003201	84.84774017	System	PAC: svchost.exe -> WmiPrvSE.exe Access=1000	
00003202	84.84776306	System	PAC: svchost.exe -> WmiPrvSE.exe Access=1000	
00003203	84.84793854	System	PAC: svchost.exe -> WmiPrvSE.exe Access=1000	
00003204	84.84797668	System	PAC: svchost.exe -> WmiPrvSE.exe Access=1000	
00003205	84.84803009	System	PAC: svchost.exe -> WmiPrvSE.exe Access=1000	
00003206	84.84809113	System	PAC: svchost.exe -> WmiPrvSE.exe Access=1000	
00003207	84.86328888	System	PAC: svchost.exe -> WmiPrvSE.exe Access=1000	
00003208	84.86331177	System	PAC: svchost.exe -> WmiPrvSE.exe Access=1000	
00003209	84.86338043	System	PAC: svchost.exe -> WmiPrvSE.exe Access=1000	
00003210	84.86341095	System	PAC: svchost.exe -> WmiPrvSE.exe Access=1000	
00003211	84.86347198	System	PAC: svchost.exe -> WmiPrvSE.exe Access=1000	
00003212	84.86352539	System	PAC: svchost.exe -> WmiPrvSE.exe Access=1000	
00003213	84.87969971	System	PAC: svchost.exe -> WmiPrvSE.exe Access=1000	
00003214	84.87973022	System	PAC: svchost.exe -> WmiPrvSE.exe Access=1000	
00003215	84.87980652	System	PAC: svchost.exe -> WmiPrvSE.exe Access=1000	
00003216	84.87983704	System	PAC: svchost.exe -> WmiPrvSE.exe Access=1000	
00003217	84.87990570	System	PAC: svchost.exe -> WmiPrvSE.exe Access=1000	
00003218	84.87995148	System	PAC: svchost.exe -> WmiPrvSE.exe Access=1000	
00003219	84.89130402	System	PAC: svchost.exe -> msedgewebview2 Access=3000	
00003220	84.89131165	System	PAC: svchost.exe -> FPV-FPE.exe Access=3000	
00003221	84.89131165	System	PAC: svchost.exe -> msedgewebview2 Access=3000	
00003222	84.89131927	System	PAC: svchost.exe -> msedgewebview2 Access=3000	
00003223	84.89132690	System	PAC: svchost.exe -> msedgewebview2 Access=3000	
00003224	84.89133453	System	PAC: svchost.exe -> MpDefenderCore Access=3000	
00003225	84.89133453	System	PAC: svchost.exe -> msedgewebview2 Access=3000	
00003226	84.89134216	System	PAC: svchost.exe -> msedgewebview2 Access=3000	
00003227	84.89134216	System	PAC: svchost.exe -> msedgewebview2 Access=3000	
00003228	84.89134979	System	PAC: svchost.exe -> msedgewebview2 Access=3000	
00003229	84.89134979	System	PAC: svchost.exe -> msedgewebview2 Access=3000	
00003230	84.89134979	System	PAC: svchost.exe -> msedgewebview2 Access=3000	
00003231	84.89135742	System	PAC: svchost.exe -> msedgewebview2 Access=3000	
00003232	84.89136505	System	PAC: svchost.exe -> msedgewebview2 Access=3000	
00003233	84.89136505	System	PAC: svchost.exe -> msedgewebview2 Access=3000	
00003234	84.89137268	System	PAC: svchost.exe -> msedgewebview2 Access=3000	
00003235	84.89137268	System	PAC: svchost.exe -> msedgewebview2 Access=3000	
00003236	84.89138031	System	PAC: svchost.exe -> msedgewebview2 Access=3000	
00003237	84.89138031	System	PAC: svchost.exe -> msedgewebview2 Access=3000	
00003238	84.89138794	System	PAC: svchost.exe -> msedgewebview2 Access=3000	
00003239	84.89139557	System	PAC: svchost.exe -> msedgewebview2 Access=3000	
00003240	84.89139557	System	PAC: svchost.exe -> msedgewebview2 Access=3000	
00003241	84.89146423	System	PAC: svchost.exe -> msedgewebview2 Access=3000	
00003242	84.89147186	System	PAC: svchost.exe -> msedgewebview2 Access=3000	
00003243	84.89147186	System	PAC: svchost.exe -> msedgewebview2 Access=3000	
00003244	84.89162445	System	PAC: svchost.exe -> msedgewebview2 Access=3000	
00003245	84.89163208	System	PAC: svchost.exe -> msedgewebview2 Access=3000	
00003246	84.89163208	System	PAC: svchost.exe -> msedgewebview2 Access=3000	
00003247	84.89163971	System	PAC: svchost.exe -> msedgewebview2 Access=3000	
00003248	84.89164734	System	PAC: svchost.exe -> msedgewebview2 Access=3000	
00003249	84.89170837	System	PAC: svchost.exe -> msedgewebview2 Access=3000	
00003250	84.89171600	System	PAC: svchost.exe -> msedgewebview2 Access=3000	
00003251	84.89171600	System	PAC: svchost.exe -> msedgewebview2 Access=3000	
00003252	84.89172363	System	PAC: svchost.exe -> msedgewebview2 Access=3000	
00003253	84.89172363	System	PAC: svchost.exe -> msedgewebview2 Access=3000	
00003254	84.89173126	System	PAC: svchost.exe -> msedgewebview2 Access=3000	
00003255	84.89173889	System	PAC: svchost.exe -> msedgewebview2 Access=3000	
00003256	84.89173889	System	PAC: svchost.exe -> msedgewebview2 Access=3000	
00003257	84.89174652	System	PAC: svchost.exe -> msedgewebview2 Access=3000	
00003258	84.89175415	System	PAC: svchost.exe -> msedgewebview2 Access=3000	
00003259	84.89175415	System	PAC: svchost.exe -> msedgewebview2 Access=3000	
00003260	84.89175415	System	PAC: svchost.exe -> msedgewebview2 Access=3000	
00003261	84.89175415	System	PAC: svchost.exe -> msedgewebview2 Access=3000	
00003262	84.89176178	System	PAC: svchost.exe -> msedgewebview2 Access=3000	
00003263	84.89176941	System	PAC: svchost.exe -> msedgewebview2 Access=3000	
00003264	84.89176941	System	PAC: svchost.exe -> FangameTale.ex Access=3000	
00003265	84.89177704	System	PAC: svchost.exe -> SearchApp.exe Access=3000	
00003266	84.89177704	System	PAC: svchost.exe -> backgroundTask Access=3000	
00003267	84.89178467	System	PAC: svchost.exe -> svchost.exe Access=3000	
00003268	84.89179230	System	PAC: svchost.exe -> svchost.exe Access=3000	
00003269	84.89179230	System	PAC: svchost.exe -> svchost.exe Access=3000	
00003270	84.89179230	System	PAC: svchost.exe -> svchost.exe Access=3000	
00003271	84.89179230	System	PAC: svchost.exe -> FPV-FPE.exe Access=3000	
00003272	84.89179993	System	PAC: svchost.exe -> FPV-FPE.exe Access=3000	
00003273	84.89180756	System	PAC: svchost.exe -> TextInputHost. Access=3000	
00003274	84.89180756	System	PAC: svchost.exe -> StartMenuExper Access=3000	
00003275	84.89181519	System	PAC: svchost.exe -> NisSrv.exe Access=3000	
00003276	84.89181519	System	PAC: svchost.exe -> svchost.exe Access=3000	
00003277	84.89182281	System	PAC: svchost.exe -> ctfmon.exe Access=3000	
00003278	84.89183044	System	PAC: svchost.exe -> svchost.exe Access=3000	
00003279	84.89183044	System	PAC: svchost.exe -> WmiPrvSE.exe Access=3000	
00003280	84.89183044	System	PAC: svchost.exe -> svchost.exe Access=3000	
00003281	84.89183807	System	PAC: svchost.exe -> svchost.exe Access=3000	
00003282	84.89183807	System	PAC: svchost.exe -> svchost.exe Access=3000	
00003283	84.89184570	System	PAC: svchost.exe -> svchost.exe Access=3000	
00003284	84.89184570	System	PAC: svchost.exe -> svchost.exe Access=3000	
00003285	84.89185333	System	PAC: svchost.exe -> svchost.exe Access=3000	
00003286	84.89185333	System	PAC: svchost.exe -> svchost.exe Access=3000	
00003287	84.89186096	System	PAC: svchost.exe -> svchost.exe Access=3000	
00003288	84.89186859	System	PAC: svchost.exe -> svchost.exe Access=3000	
00003289	84.89186859	System	PAC: svchost.exe -> svchost.exe Access=3000	
00003290	84.89186859	System	PAC: svchost.exe -> svchost.exe Access=3000	
00003291	84.89186859	System	PAC: svchost.exe -> svchost.exe Access=3000	
00003292	84.89187622	System	PAC: svchost.exe -> svchost.exe Access=3000	
00003293	84.89187622	System	PAC: svchost.exe -> svchost.exe Access=3000	
00003294	84.89188385	System	PAC: svchost.exe -> svchost.exe Access=3000	
00003295	84.89188385	System	PAC: svchost.exe -> svchost.exe Access=3000	
00003296	84.89189148	System	PAC: svchost.exe -> svchost.exe Access=3000	
00003297	84.89189911	System	PAC: svchost.exe -> svchost.exe Access=3000	
00003298	84.89189911	System	PAC: svchost.exe -> svchost.exe Access=3000	
00003299	84.89190674	System	PAC: svchost.exe -> svchost.exe Access=3000	
00003300	84.89190674	System	PAC: svchost.exe -> svchost.exe Access=3000	
00003301	84.89190674	System	PAC: svchost.exe -> svchost.exe Access=3000	
00003302	84.89190674	System	PAC: svchost.exe -> svchost.exe Access=3000	
00003303	84.89191437	System	PAC: svchost.exe -> dwm.exe Access=3000	
00003304	84.89192200	System	PAC: svchost.exe -> svchost.exe Access=3000	
00003305	84.89192200	System	PAC: svchost.exe -> fontdrvhost.ex Access=3000	
00003306	84.89192963	System	PAC: svchost.exe -> fontdrvhost.ex Access=3000	
00003307	84.89193726	System	PAC: svchost.exe -> msedgewebview2 Access=3000	
00003308	84.89193726	System	PAC: svchost.exe -> msedgewebview2 Access=3000	
00003309	84.89194489	System	PAC: svchost.exe -> FPV-FPE.exe Access=3000	
00003310	84.89194489	System	PAC: svchost.exe -> msedgewebview2 Access=3000	
00003311	84.89195251	System	PAC: svchost.exe -> msedgewebview2 Access=3000	
00003312	84.89195251	System	PAC: svchost.exe -> msedgewebview2 Access=3000	
00003313	84.89195251	System	PAC: svchost.exe -> MpDefenderCore Access=3000	
00003314	84.89195251	System	PAC: svchost.exe -> msedgewebview2 Access=3000	
00003315	84.89196014	System	PAC: svchost.exe -> msedgewebview2 Access=3000	
00003316	84.89196014	System	PAC: svchost.exe -> msedgewebview2 Access=3000	
00003317	84.89196777	System	PAC: svchost.exe -> msedgewebview2 Access=3000	
00003318	84.89196777	System	PAC: svchost.exe -> msedgewebview2 Access=3000	
00003319	84.89197540	System	PAC: svchost.exe -> msedgewebview2 Access=3000	
00003320	84.89197540	System	PAC: svchost.exe -> msedgewebview2 Access=3000	
00003321	84.89198303	System	PAC: svchost.exe -> msedgewebview2 Access=3000	
00003322	84.89198303	System	PAC: svchost.exe -> msedgewebview2 Access=3000	
00003323	84.89198303	System	PAC: svchost.exe -> msedgewebview2 Access=3000	
00003324	84.89199066	System	PAC: svchost.exe -> msedgewebview2 Access=3000	
00003325	84.89199066	System	PAC: svchost.exe -> msedgewebview2 Access=3000	
00003326	84.89199066	System	PAC: svchost.exe -> msedgewebview2 Access=3000	
00003327	84.89199066	System	PAC: svchost.exe -> msedgewebview2 Access=3000	
00003328	84.89199829	System	PAC: svchost.exe -> msedgewebview2 Access=3000	
00003329	84.89199829	System	PAC: svchost.exe -> msedgewebview2 Access=3000	
00003330	84.89200592	System	PAC: svchost.exe -> msedgewebview2 Access=3000	
00003331	84.89200592	System	PAC: svchost.exe -> msedgewebview2 Access=3000	
00003332	84.89201355	System	PAC: svchost.exe -> msedgewebview2 Access=3000	
00003333	84.89201355	System	PAC: svchost.exe -> msedgewebview2 Access=3000	
00003334	84.89202118	System	PAC: svchost.exe -> msedgewebview2 Access=3000	
00003335	84.89202118	System	PAC: svchost.exe -> msedgewebview2 Access=3000	
00003336	84.89202118	System	PAC: svchost.exe -> msedgewebview2 Access=3000	
00003337	84.89202881	System	PAC: svchost.exe -> msedgewebview2 Access=3000	
00003338	84.89202881	System	PAC: svchost.exe -> msedgewebview2 Access=3000	
00003339	84.89202881	System	PAC: svchost.exe -> msedgewebview2 Access=3000	
00003340	84.89202881	System	PAC: svchost.exe -> msedgewebview2 Access=3000	
00003341	84.89203644	System	PAC: svchost.exe -> msedgewebview2 Access=3000	
00003342	84.89203644	System	PAC: svchost.exe -> msedgewebview2 Access=3000	
00003343	84.89204407	System	PAC: svchost.exe -> msedgewebview2 Access=3000	
00003344	84.89204407	System	PAC: svchost.exe -> msedgewebview2 Access=3000	
00003345	84.89204407	System	PAC: svchost.exe -> msedgewebview2 Access=3000	
00003346	84.89205170	System	PAC: svchost.exe -> msedgewebview2 Access=3000	
00003347	84.89205170	System	PAC: svchost.exe -> msedgewebview2 Access=3000	
00003348	84.89205933	System	PAC: svchost.exe -> msedgewebview2 Access=3000	
00003349	84.89205933	System	PAC: svchost.exe -> msedgewebview2 Access=3000	
00003350	84.89206696	System	PAC: svchost.exe -> msedgewebview2 Access=3000	
00003351	84.89206696	System	PAC: svchost.exe -> msedgewebview2 Access=3000	
00003352	84.89206696	System	PAC: svchost.exe -> msedgewebview2 Access=3000	
00003353	84.89206696	System	PAC: svchost.exe -> FangameTale.ex Access=3000	
00003354	84.89206696	System	PAC: svchost.exe -> SearchApp.exe Access=3000	
00003355	84.89207458	System	PAC: svchost.exe -> backgroundTask Access=3000	
00003356	84.89207458	System	PAC: svchost.exe -> svchost.exe Access=3000	
00003357	84.89208221	System	PAC: svchost.exe -> svchost.exe Access=3000	
00003358	84.89208221	System	PAC: svchost.exe -> svchost.exe Access=3000	
00003359	84.89208984	System	PAC: svchost.exe -> svchost.exe Access=3000	
00003360	84.89208984	System	PAC: svchost.exe -> FPV-FPE.exe Access=3000	
00003361	84.89209747	System	PAC: svchost.exe -> FPV-FPE.exe Access=3000	
00003362	84.89209747	System	PAC: svchost.exe -> TextInputHost. Access=3000	
00003363	84.89210510	System	PAC: svchost.exe -> StartMenuExper Access=3000	
00003364	84.89210510	System	PAC: svchost.exe -> NisSrv.exe Access=3000	
00003365	84.89210510	System	PAC: svchost.exe -> svchost.exe Access=3000	
00003366	84.89210510	System	PAC: svchost.exe -> ctfmon.exe Access=3000	
00003367	84.89211273	System	PAC: svchost.exe -> svchost.exe Access=3000	
00003368	84.89211273	System	PAC: svchost.exe -> WmiPrvSE.exe Access=3000	
00003369	84.89211273	System	PAC: svchost.exe -> svchost.exe Access=3000	
00003370	84.89212036	System	PAC: svchost.exe -> svchost.exe Access=3000	
00003371	84.89212036	System	PAC: svchost.exe -> svchost.exe Access=3000	
00003372	84.89212799	System	PAC: svchost.exe -> svchost.exe Access=3000	
00003373	84.89212799	System	PAC: svchost.exe -> svchost.exe Access=3000	
00003374	84.89218903	System	PAC: svchost.exe -> svchost.exe Access=3000	
00003375	84.89219666	System	PAC: svchost.exe -> svchost.exe Access=3000	
00003376	84.89219666	System	PAC: svchost.exe -> svchost.exe Access=3000	
00003377	84.89220428	System	PAC: svchost.exe -> svchost.exe Access=3000	
00003378	84.89220428	System	PAC: svchost.exe -> svchost.exe Access=3000	
00003379	84.89220428	System	PAC: svchost.exe -> svchost.exe Access=3000	
00003380	84.89221191	System	PAC: svchost.exe -> svchost.exe Access=3000	
00003381	84.89221191	System	PAC: svchost.exe -> svchost.exe Access=3000	
00003382	84.89221954	System	PAC: svchost.exe -> svchost.exe Access=3000	
00003383	84.89221954	System	PAC: svchost.exe -> svchost.exe Access=3000	
00003384	84.89222717	System	PAC: svchost.exe -> svchost.exe Access=3000	
00003385	84.89222717	System	PAC: svchost.exe -> svchost.exe Access=3000	
00003386	84.89222717	System	PAC: svchost.exe -> svchost.exe Access=3000	
00003387	84.89222717	System	PAC: svchost.exe -> svchost.exe Access=3000	
00003388	84.89222717	System	PAC: svchost.exe -> svchost.exe Access=3000	
00003389	84.89223480	System	PAC: svchost.exe -> svchost.exe Access=3000	
00003390	84.89223480	System	PAC: svchost.exe -> svchost.exe Access=3000	
00003391	84.89224243	System	PAC: svchost.exe -> svchost.exe Access=3000	
00003392	84.89224243	System	PAC: svchost.exe -> dwm.exe Access=3000	
00003393	84.89225006	System	PAC: svchost.exe -> svchost.exe Access=3000	
00003394	84.89225006	System	PAC: svchost.exe -> fontdrvhost.ex Access=3000	
00003395	84.89225769	System	PAC: svchost.exe -> fontdrvhost.ex Access=3000	
00003396	84.89225769	System	PAC: svchost.exe -> msedgewebview2 Access=3000	
00003397	84.89226532	System	PAC: svchost.exe -> msedgewebview2 Access=3000	
00003398	84.89226532	System	PAC: svchost.exe -> msedgewebview2 Access=3000	
00003399	84.89226532	System	PAC: svchost.exe -> FPV-FPE.exe Access=3000	
00003400	84.89227295	System	PAC: svchost.exe -> msedgewebview2 Access=3000	
00003401	84.89227295	System	PAC: svchost.exe -> msedgewebview2 Access=3000	
00003402	84.89228058	System	PAC: svchost.exe -> msedgewebview2 Access=3000	
00003403	84.89228058	System	PAC: svchost.exe -> MpDefenderCore Access=3000	
00003404	84.89228821	System	PAC: svchost.exe -> msedgewebview2 Access=3000	
00003405	84.89228821	System	PAC: svchost.exe -> msedgewebview2 Access=3000	
00003406	84.89229584	System	PAC: svchost.exe -> msedgewebview2 Access=3000	
00003407	84.89229584	System	PAC: svchost.exe -> msedgewebview2 Access=3000	
00003408	84.89229584	System	PAC: svchost.exe -> msedgewebview2 Access=3000	
00003409	84.89230347	System	PAC: svchost.exe -> msedgewebview2 Access=3000	
00003410	84.89230347	System	PAC: svchost.exe -> msedgewebview2 Access=3000	
00003411	84.89230347	System	PAC: svchost.exe -> msedgewebview2 Access=3000	
00003412	84.89230347	System	PAC: svchost.exe -> msedgewebview2 Access=3000	
00003413	84.89231110	System	PAC: svchost.exe -> msedgewebview2 Access=3000	
00003414	84.89231110	System	PAC: svchost.exe -> msedgewebview2 Access=3000	
00003415	84.89231873	System	PAC: svchost.exe -> msedgewebview2 Access=3000	
00003416	84.89231873	System	PAC: svchost.exe -> msedgewebview2 Access=3000	
00003417	84.89232635	System	PAC: svchost.exe -> msedgewebview2 Access=3000	
00003418	84.89232635	System	PAC: svchost.exe -> msedgewebview2 Access=3000	
00003419	84.89233398	System	PAC: svchost.exe -> msedgewebview2 Access=3000	
00003420	84.89233398	System	PAC: svchost.exe -> msedgewebview2 Access=3000	
00003421	84.89234161	System	PAC: svchost.exe -> msedgewebview2 Access=3000	
00003422	84.89234161	System	PAC: svchost.exe -> msedgewebview2 Access=3000	
00003423	84.89234924	System	PAC: svchost.exe -> msedgewebview2 Access=3000	
00003424	84.89234924	System	PAC: svchost.exe -> msedgewebview2 Access=3000	
00003425	84.89234924	System	PAC: svchost.exe -> msedgewebview2 Access=3000	
00003426	84.89234924	System	PAC: svchost.exe -> msedgewebview2 Access=3000	
00003427	84.89234924	System	PAC: svchost.exe -> msedgewebview2 Access=3000	
00003428	84.89235687	System	PAC: svchost.exe -> msedgewebview2 Access=3000	
00003429	84.89235687	System	PAC: svchost.exe -> msedgewebview2 Access=3000	
00003430	84.89236450	System	PAC: svchost.exe -> msedgewebview2 Access=3000	
00003431	84.89236450	System	PAC: svchost.exe -> msedgewebview2 Access=3000	
00003432	84.89237213	System	PAC: svchost.exe -> msedgewebview2 Access=3000	
00003433	84.89237213	System	PAC: svchost.exe -> msedgewebview2 Access=3000	
00003434	84.89237976	System	PAC: svchost.exe -> msedgewebview2 Access=3000	
00003435	84.89237976	System	PAC: svchost.exe -> msedgewebview2 Access=3000	
00003436	84.89238739	System	PAC: svchost.exe -> msedgewebview2 Access=3000	
00003437	84.89238739	System	PAC: svchost.exe -> msedgewebview2 Access=3000	
00003438	84.89238739	System	PAC: svchost.exe -> msedgewebview2 Access=3000	
00003439	84.89238739	System	PAC: svchost.exe -> msedgewebview2 Access=3000	
00003440	84.89238739	System	PAC: svchost.exe -> msedgewebview2 Access=3000	
00003441	84.89239502	System	PAC: svchost.exe -> msedgewebview2 Access=3000	
00003442	84.89239502	System	PAC: svchost.exe -> msedgewebview2 Access=3000	
00003443	84.89240265	System	PAC: svchost.exe -> FangameTale.ex Access=3000	
00003444	84.89240265	System	PAC: svchost.exe -> SearchApp.exe Access=3000	
00003445	84.89241028	System	PAC: svchost.exe -> backgroundTask Access=3000	
00003446	84.89241028	System	PAC: svchost.exe -> svchost.exe Access=3000	
00003447	84.89241791	System	PAC: svchost.exe -> svchost.exe Access=3000	
00003448	84.89241791	System	PAC: svchost.exe -> svchost.exe Access=3000	
00003449	84.89241791	System	PAC: svchost.exe -> svchost.exe Access=3000	
00003450	84.89242554	System	PAC: svchost.exe -> FPV-FPE.exe Access=3000	
00003451	84.89242554	System	PAC: svchost.exe -> FPV-FPE.exe Access=3000	
00003452	84.89242554	System	PAC: svchost.exe -> TextInputHost. Access=3000	
00003453	84.89242554	System	PAC: svchost.exe -> StartMenuExper Access=3000	
00003454	84.89243317	System	PAC: svchost.exe -> NisSrv.exe Access=3000	
00003455	84.89243317	System	PAC: svchost.exe -> svchost.exe Access=3000	
00003456	84.89244080	System	PAC: svchost.exe -> ctfmon.exe Access=3000	
00003457	84.89244080	System	PAC: svchost.exe -> svchost.exe Access=3000	
00003458	84.89244843	System	PAC: svchost.exe -> WmiPrvSE.exe Access=3000	
00003459	84.89244843	System	PAC: svchost.exe -> svchost.exe Access=3000	
00003460	84.89245605	System	PAC: svchost.exe -> svchost.exe Access=3000	
00003461	84.89245605	System	PAC: svchost.exe -> svchost.exe Access=3000	
00003462	84.89246368	System	PAC: svchost.exe -> svchost.exe Access=3000	
00003463	84.89246368	System	PAC: svchost.exe -> svchost.exe Access=3000	
00003464	84.89246368	System	PAC: svchost.exe -> svchost.exe Access=3000	
00003465	84.89246368	System	PAC: svchost.exe -> svchost.exe Access=3000	
00003466	84.89246368	System	PAC: svchost.exe -> svchost.exe Access=3000	
00003467	84.89247131	System	PAC: svchost.exe -> svchost.exe Access=3000	
00003468	84.89247131	System	PAC: svchost.exe -> svchost.exe Access=3000	
00003469	84.89247894	System	PAC: svchost.exe -> svchost.exe Access=3000	
00003470	84.89247894	System	PAC: svchost.exe -> svchost.exe Access=3000	
00003471	84.89247894	System	PAC: svchost.exe -> svchost.exe Access=3000	
00003472	84.89248657	System	PAC: svchost.exe -> svchost.exe Access=3000	
00003473	84.89248657	System	PAC: svchost.exe -> svchost.exe Access=3000	
00003474	84.89249420	System	PAC: svchost.exe -> svchost.exe Access=3000	
00003475	84.89249420	System	PAC: svchost.exe -> svchost.exe Access=3000	
00003476	84.89250183	System	PAC: svchost.exe -> svchost.exe Access=3000	
00003477	84.89250183	System	PAC: svchost.exe -> svchost.exe Access=3000	
00003478	84.89266205	System	PAC: svchost.exe -> svchost.exe Access=3000	
00003479	84.89266968	System	PAC: svchost.exe -> svchost.exe Access=3000	
00003480	84.89267731	System	PAC: svchost.exe -> svchost.exe Access=3000	
00003481	84.89267731	System	PAC: svchost.exe -> svchost.exe Access=3000	
00003482	84.89268494	System	PAC: svchost.exe -> dwm.exe Access=3000	
00003483	84.89268494	System	PAC: svchost.exe -> svchost.exe Access=3000	
00003484	84.89268494	System	PAC: svchost.exe -> fontdrvhost.ex Access=3000	
00003485	84.89269257	System	PAC: svchost.exe -> fontdrvhost.ex Access=3000	
00003486	84.89270020	System	PAC: svchost.exe -> msedgewebview2 Access=3000	
00003487	84.89270020	System	PAC: svchost.exe -> msedgewebview2 Access=3000	
00003488	84.89270020	System	PAC: svchost.exe -> msedgewebview2 Access=3000	
00003489	84.89270020	System	PAC: svchost.exe -> msedgewebview2 Access=3000	
00003490	84.89270782	System	PAC: svchost.exe -> FPV-FPE.exe Access=3000	
00003491	84.89271545	System	PAC: svchost.exe -> msedgewebview2 Access=3000	
00003492	84.89271545	System	PAC: svchost.exe -> msedgewebview2 Access=3000	
00003493	84.89272308	System	PAC: svchost.exe -> msedgewebview2 Access=3000	
00003494	84.89272308	System	PAC: svchost.exe -> MpDefenderCore Access=3000	
00003495	84.89273071	System	PAC: svchost.exe -> msedgewebview2 Access=3000	
00003496	84.89273071	System	PAC: svchost.exe -> msedgewebview2 Access=3000	
00003497	84.89273834	System	PAC: svchost.exe -> msedgewebview2 Access=3000	
00003498	84.89273834	System	PAC: svchost.exe -> msedgewebview2 Access=3000	
00003499	84.89274597	System	PAC: svchost.exe -> msedgewebview2 Access=3000	
00003500	84.89274597	System	PAC: svchost.exe -> msedgewebview2 Access=3000	
00003501	84.89274597	System	PAC: svchost.exe -> msedgewebview2 Access=3000	
00003502	84.89274597	System	PAC: svchost.exe -> msedgewebview2 Access=3000	
00003503	84.89274597	System	PAC: svchost.exe -> msedgewebview2 Access=3000	
00003504	84.89275360	System	PAC: svchost.exe -> msedgewebview2 Access=3000	
00003505	84.89275360	System	PAC: svchost.exe -> msedgewebview2 Access=3000	
00003506	84.89276123	System	PAC: svchost.exe -> msedgewebview2 Access=3000	
00003507	84.89276123	System	PAC: svchost.exe -> msedgewebview2 Access=3000	
00003508	84.89276886	System	PAC: svchost.exe -> msedgewebview2 Access=3000	
00003509	84.89276886	System	PAC: svchost.exe -> msedgewebview2 Access=3000	
00003510	84.89277649	System	PAC: svchost.exe -> msedgewebview2 Access=3000	
00003511	84.89277649	System	PAC: svchost.exe -> msedgewebview2 Access=3000	
00003512	84.89278412	System	PAC: svchost.exe -> msedgewebview2 Access=3000	
00003513	84.89278412	System	PAC: svchost.exe -> msedgewebview2 Access=3000	
00003514	84.89278412	System	PAC: svchost.exe -> msedgewebview2 Access=3000	
00003515	84.89278412	System	PAC: svchost.exe -> msedgewebview2 Access=3000	
00003516	84.89279175	System	PAC: svchost.exe -> msedgewebview2 Access=3000	
00003517	84.89279175	System	PAC: svchost.exe -> msedgewebview2 Access=3000	
00003518	84.89279938	System	PAC: svchost.exe -> msedgewebview2 Access=3000	
00003519	84.89279938	System	PAC: svchost.exe -> msedgewebview2 Access=3000	
00003520	84.89279938	System	PAC: svchost.exe -> msedgewebview2 Access=3000	
00003521	84.89280701	System	PAC: svchost.exe -> msedgewebview2 Access=3000	
00003522	84.89280701	System	PAC: svchost.exe -> msedgewebview2 Access=3000	
00003523	84.89281464	System	PAC: svchost.exe -> msedgewebview2 Access=3000	
00003524	84.89281464	System	PAC: svchost.exe -> msedgewebview2 Access=3000	
00003525	84.89282227	System	PAC: svchost.exe -> msedgewebview2 Access=3000	
00003526	84.89282227	System	PAC: svchost.exe -> msedgewebview2 Access=3000	
00003527	84.89282227	System	PAC: svchost.exe -> msedgewebview2 Access=3000	
00003528	84.89282227	System	PAC: svchost.exe -> msedgewebview2 Access=3000	
00003529	84.89282990	System	PAC: svchost.exe -> msedgewebview2 Access=3000	
00003530	84.89282990	System	PAC: svchost.exe -> msedgewebview2 Access=3000	
00003531	84.89283752	System	PAC: svchost.exe -> msedgewebview2 Access=3000	
00003532	84.89283752	System	PAC: svchost.exe -> msedgewebview2 Access=3000	
00003533	84.89283752	System	PAC: svchost.exe -> msedgewebview2 Access=3000	
00003534	84.89284515	System	PAC: svchost.exe -> FangameTale.ex Access=3000	
00003535	84.89284515	System	PAC: svchost.exe -> SearchApp.exe Access=3000	
00003536	84.89285278	System	PAC: svchost.exe -> backgroundTask Access=3000	
00003537	84.89285278	System	PAC: svchost.exe -> svchost.exe Access=3000	
00003538	84.89286041	System	PAC: svchost.exe -> svchost.exe Access=3000	
00003539	84.89286041	System	PAC: svchost.exe -> svchost.exe Access=3000	
00003540	84.89286041	System	PAC: svchost.exe -> svchost.exe Access=3000	
00003541	84.89286041	System	PAC: svchost.exe -> FPV-FPE.exe Access=3000	
00003542	84.89286804	System	PAC: svchost.exe -> FPV-FPE.exe Access=3000	
00003543	84.89286804	System	PAC: svchost.exe -> TextInputHost. Access=3000	
00003544	84.89287567	System	PAC: svchost.exe -> StartMenuExper Access=3000	
00003545	84.89287567	System	PAC: svchost.exe -> NisSrv.exe Access=3000	
00003546	84.89287567	System	PAC: svchost.exe -> svchost.exe Access=3000	
00003547	84.89288330	System	PAC: svchost.exe -> ctfmon.exe Access=3000	
00003548	84.89289093	System	PAC: svchost.exe -> svchost.exe Access=3000	
00003549	84.89289093	System	PAC: svchost.exe -> WmiPrvSE.exe Access=3000	
00003550	84.89289093	System	PAC: svchost.exe -> svchost.exe Access=3000	
00003551	84.89289856	System	PAC: svchost.exe -> svchost.exe Access=3000	
00003552	84.89289856	System	PAC: svchost.exe -> svchost.exe Access=3000	
00003553	84.89290619	System	PAC: svchost.exe -> svchost.exe Access=3000	
00003554	84.89290619	System	PAC: svchost.exe -> svchost.exe Access=3000	
00003555	84.89290619	System	PAC: svchost.exe -> svchost.exe Access=3000	
00003556	84.89290619	System	PAC: svchost.exe -> svchost.exe Access=3000	
00003557	84.89291382	System	PAC: svchost.exe -> svchost.exe Access=3000	
00003558	84.89291382	System	PAC: svchost.exe -> svchost.exe Access=3000	
00003559	84.89291382	System	PAC: svchost.exe -> svchost.exe Access=3000	
00003560	84.89292145	System	PAC: svchost.exe -> svchost.exe Access=3000	
00003561	84.89292145	System	PAC: svchost.exe -> svchost.exe Access=3000	
00003562	84.89292908	System	PAC: svchost.exe -> svchost.exe Access=3000	
00003563	84.89292908	System	PAC: svchost.exe -> svchost.exe Access=3000	
00003564	84.89293671	System	PAC: svchost.exe -> svchost.exe Access=3000	
00003565	84.89293671	System	PAC: svchost.exe -> svchost.exe Access=3000	
00003566	84.89293671	System	PAC: svchost.exe -> svchost.exe Access=3000	
00003567	84.89294434	System	PAC: svchost.exe -> svchost.exe Access=3000	
00003568	84.89294434	System	PAC: svchost.exe -> svchost.exe Access=3000	
00003569	84.89294434	System	PAC: svchost.exe -> svchost.exe Access=3000	
00003570	84.89300537	System	PAC: svchost.exe -> svchost.exe Access=3000	
00003571	84.89301300	System	PAC: svchost.exe -> svchost.exe Access=3000	
00003572	84.89301300	System	PAC: svchost.exe -> svchost.exe Access=3000	
00003573	84.89302063	System	PAC: svchost.exe -> dwm.exe Access=3000	
00003574	84.89302063	System	PAC: svchost.exe -> svchost.exe Access=3000	
00003575	84.89302063	System	PAC: svchost.exe -> fontdrvhost.ex Access=3000	
00003576	84.89302063	System	PAC: svchost.exe -> fontdrvhost.ex Access=3000	
00003577	84.89302826	System	PAC: svchost.exe -> msedgewebview2 Access=3000	
00003578	84.89303589	System	PAC: svchost.exe -> msedgewebview2 Access=3000	
00003579	84.89303589	System	PAC: svchost.exe -> msedgewebview2 Access=3000	
00003580	84.89304352	System	PAC: svchost.exe -> msedgewebview2 Access=3000	
00003581	84.89304352	System	PAC: svchost.exe -> msedgewebview2 Access=3000	
00003582	84.89305115	System	PAC: svchost.exe -> FPV-FPE.exe Access=3000	
00003583	84.89305878	System	PAC: svchost.exe -> msedgewebview2 Access=3000	
00003584	84.89305878	System	PAC: svchost.exe -> msedgewebview2 Access=3000	
00003585	84.89305878	System	PAC: svchost.exe -> msedgewebview2 Access=3000	
00003586	84.89305878	System	PAC: svchost.exe -> MpDefenderCore Access=3000	
00003587	84.89306641	System	PAC: svchost.exe -> msedgewebview2 Access=3000	
00003588	84.89306641	System	PAC: svchost.exe -> msedgewebview2 Access=3000	
00003589	84.89306641	System	PAC: svchost.exe -> msedgewebview2 Access=3000	
00003590	84.89307404	System	PAC: svchost.exe -> msedgewebview2 Access=3000	
00003591	84.89307404	System	PAC: svchost.exe -> msedgewebview2 Access=3000	
00003592	84.89308167	System	PAC: svchost.exe -> msedgewebview2 Access=3000	
00003593	84.89308167	System	PAC: svchost.exe -> msedgewebview2 Access=3000	
00003594	84.89308929	System	PAC: svchost.exe -> msedgewebview2 Access=3000	
00003595	84.89308929	System	PAC: svchost.exe -> msedgewebview2 Access=3000	
00003596	84.89309692	System	PAC: svchost.exe -> msedgewebview2 Access=3000	
00003597	84.89309692	System	PAC: svchost.exe -> msedgewebview2 Access=3000	
00003598	84.89310455	System	PAC: svchost.exe -> msedgewebview2 Access=3000	
00003599	84.89310455	System	PAC: svchost.exe -> msedgewebview2 Access=3000	
00003600	84.89310455	System	PAC: svchost.exe -> msedgewebview2 Access=3000	
00003601	84.89310455	System	PAC: svchost.exe -> msedgewebview2 Access=3000	
00003602	84.89311218	System	PAC: svchost.exe -> msedgewebview2 Access=3000	
00003603	84.89311218	System	PAC: svchost.exe -> msedgewebview2 Access=3000	
00003604	84.89311218	System	PAC: svchost.exe -> msedgewebview2 Access=3000	
00003605	84.89311981	System	PAC: svchost.exe -> msedgewebview2 Access=3000	
00003606	84.89311981	System	PAC: svchost.exe -> msedgewebview2 Access=3000	
00003607	84.89312744	System	PAC: svchost.exe -> msedgewebview2 Access=3000	
00003608	84.89312744	System	PAC: svchost.exe -> msedgewebview2 Access=3000	
00003609	84.89313507	System	PAC: svchost.exe -> msedgewebview2 Access=3000	
00003610	84.89313507	System	PAC: svchost.exe -> msedgewebview2 Access=3000	
00003611	84.89314270	System	PAC: svchost.exe -> msedgewebview2 Access=3000	
00003612	84.89314270	System	PAC: svchost.exe -> msedgewebview2 Access=3000	
00003613	84.89314270	System	PAC: svchost.exe -> msedgewebview2 Access=3000	
00003614	84.89314270	System	PAC: svchost.exe -> msedgewebview2 Access=3000	
00003615	84.89315033	System	PAC: svchost.exe -> msedgewebview2 Access=3000	
00003616	84.89315033	System	PAC: svchost.exe -> msedgewebview2 Access=3000	
00003617	84.89315796	System	PAC: svchost.exe -> msedgewebview2 Access=3000	
00003618	84.89315796	System	PAC: svchost.exe -> msedgewebview2 Access=3000	
00003619	84.89315796	System	PAC: svchost.exe -> msedgewebview2 Access=3000	
00003620	84.89316559	System	PAC: svchost.exe -> msedgewebview2 Access=3000	
00003621	84.89316559	System	PAC: svchost.exe -> msedgewebview2 Access=3000	
00003622	84.89317322	System	PAC: svchost.exe -> msedgewebview2 Access=3000	
00003623	84.89317322	System	PAC: svchost.exe -> msedgewebview2 Access=3000	
00003624	84.89318085	System	PAC: svchost.exe -> msedgewebview2 Access=3000	
00003625	84.89318085	System	PAC: svchost.exe -> msedgewebview2 Access=3000	
00003626	84.89318085	System	PAC: svchost.exe -> FangameTale.ex Access=3000	
00003627	84.89318085	System	PAC: svchost.exe -> SearchApp.exe Access=3000	
00003628	84.89318848	System	PAC: svchost.exe -> backgroundTask Access=3000	
00003629	84.89318848	System	PAC: svchost.exe -> svchost.exe Access=3000	
00003630	84.89318848	System	PAC: svchost.exe -> svchost.exe Access=3000	
00003631	84.89319611	System	PAC: svchost.exe -> svchost.exe Access=3000	
00003632	84.89319611	System	PAC: svchost.exe -> svchost.exe Access=3000	
00003633	84.89320374	System	PAC: svchost.exe -> FPV-FPE.exe Access=3000	
00003634	84.89320374	System	PAC: svchost.exe -> FPV-FPE.exe Access=3000	
00003635	84.89321136	System	PAC: svchost.exe -> TextInputHost. Access=3000	
00003636	84.89321136	System	PAC: svchost.exe -> StartMenuExper Access=3000	
00003637	84.89321899	System	PAC: svchost.exe -> NisSrv.exe Access=3000	
00003638	84.89321899	System	PAC: svchost.exe -> svchost.exe Access=3000	
00003639	84.89321899	System	PAC: svchost.exe -> ctfmon.exe Access=3000	
00003640	84.89321899	System	PAC: svchost.exe -> svchost.exe Access=3000	
00003641	84.89322662	System	PAC: svchost.exe -> WmiPrvSE.exe Access=3000	
00003642	84.89322662	System	PAC: svchost.exe -> svchost.exe Access=3000	
00003643	84.89323425	System	PAC: svchost.exe -> svchost.exe Access=3000	
00003644	84.89323425	System	PAC: svchost.exe -> svchost.exe Access=3000	
00003645	84.89324188	System	PAC: svchost.exe -> svchost.exe Access=3000	
00003646	84.89324188	System	PAC: svchost.exe -> svchost.exe Access=3000	
00003647	84.89324188	System	PAC: svchost.exe -> svchost.exe Access=3000	
00003648	84.89324951	System	PAC: svchost.exe -> svchost.exe Access=3000	
00003649	84.89324951	System	PAC: svchost.exe -> svchost.exe Access=3000	
00003650	84.89325714	System	PAC: svchost.exe -> svchost.exe Access=3000	
00003651	84.89325714	System	PAC: svchost.exe -> svchost.exe Access=3000	
00003652	84.89325714	System	PAC: svchost.exe -> svchost.exe Access=3000	
00003653	84.89325714	System	PAC: svchost.exe -> svchost.exe Access=3000	
00003654	84.89325714	System	PAC: svchost.exe -> svchost.exe Access=3000	
00003655	84.89326477	System	PAC: svchost.exe -> svchost.exe Access=3000	
00003656	84.89326477	System	PAC: svchost.exe -> svchost.exe Access=3000	
00003657	84.89327240	System	PAC: svchost.exe -> svchost.exe Access=3000	
00003658	84.89327240	System	PAC: svchost.exe -> svchost.exe Access=3000	
00003659	84.89328003	System	PAC: svchost.exe -> svchost.exe Access=3000	
00003660	84.89328003	System	PAC: svchost.exe -> svchost.exe Access=3000	
00003661	84.89328766	System	PAC: svchost.exe -> svchost.exe Access=3000	
00003662	84.89328766	System	PAC: svchost.exe -> svchost.exe Access=3000	
00003663	84.89328766	System	PAC: svchost.exe -> svchost.exe Access=3000	
00003664	84.89329529	System	PAC: svchost.exe -> svchost.exe Access=3000	
00003665	84.89329529	System	PAC: svchost.exe -> dwm.exe Access=3000	
00003666	84.89330292	System	PAC: svchost.exe -> svchost.exe Access=3000	
00003667	84.89330292	System	PAC: svchost.exe -> fontdrvhost.ex Access=3000	
00003668	84.89330292	System	PAC: svchost.exe -> fontdrvhost.ex Access=3000	
00003669	84.89330292	System	PAC: svchost.exe -> msedgewebview2 Access=3000	
00003670	84.89331055	System	PAC: svchost.exe -> msedgewebview2 Access=3000	
00003671	84.89331055	System	PAC: svchost.exe -> msedgewebview2 Access=3000	
00003672	84.89331818	System	PAC: svchost.exe -> msedgewebview2 Access=3000	
00003673	84.89331818	System	PAC: svchost.exe -> msedgewebview2 Access=3000	
00003674	84.89332581	System	PAC: svchost.exe -> msedgewebview2 Access=3000	
00003675	84.89332581	System	PAC: svchost.exe -> FPV-FPE.exe Access=3000	
00003676	84.89333344	System	PAC: svchost.exe -> msedgewebview2 Access=3000	
00003677	84.89333344	System	PAC: svchost.exe -> msedgewebview2 Access=3000	
00003678	84.89334106	System	PAC: svchost.exe -> msedgewebview2 Access=3000	
00003679	84.89334106	System	PAC: svchost.exe -> MpDefenderCore Access=3000	
00003680	84.89334106	System	PAC: svchost.exe -> msedgewebview2 Access=3000	
00003681	84.89334106	System	PAC: svchost.exe -> msedgewebview2 Access=3000	
00003682	84.89334106	System	PAC: svchost.exe -> msedgewebview2 Access=3000	
00003683	84.89334869	System	PAC: svchost.exe -> msedgewebview2 Access=3000	
00003684	84.89334869	System	PAC: svchost.exe -> msedgewebview2 Access=3000	
00003685	84.89335632	System	PAC: svchost.exe -> msedgewebview2 Access=3000	
00003686	84.89335632	System	PAC: svchost.exe -> msedgewebview2 Access=3000	
00003687	84.89335632	System	PAC: svchost.exe -> msedgewebview2 Access=3000	
00003688	84.89336395	System	PAC: svchost.exe -> msedgewebview2 Access=3000	
00003689	84.89336395	System	PAC: svchost.exe -> msedgewebview2 Access=3000	
00003690	84.89337158	System	PAC: svchost.exe -> msedgewebview2 Access=3000	
00003691	84.89337158	System	PAC: svchost.exe -> msedgewebview2 Access=3000	
00003692	84.89337921	System	PAC: svchost.exe -> msedgewebview2 Access=3000	
00003693	84.89337921	System	PAC: svchost.exe -> msedgewebview2 Access=3000	
00003694	84.89337921	System	PAC: svchost.exe -> msedgewebview2 Access=3000	
00003695	84.89337921	System	PAC: svchost.exe -> msedgewebview2 Access=3000	
00003696	84.89338684	System	PAC: svchost.exe -> msedgewebview2 Access=3000	
00003697	84.89338684	System	PAC: svchost.exe -> msedgewebview2 Access=3000	
00003698	84.89338684	System	PAC: svchost.exe -> msedgewebview2 Access=3000	
00003699	84.89339447	System	PAC: svchost.exe -> msedgewebview2 Access=3000	
00003700	84.89339447	System	PAC: svchost.exe -> msedgewebview2 Access=3000	
00003701	84.89340210	System	PAC: svchost.exe -> msedgewebview2 Access=3000	
00003702	84.89340210	System	PAC: svchost.exe -> msedgewebview2 Access=3000	
00003703	84.89340973	System	PAC: svchost.exe -> msedgewebview2 Access=3000	
00003704	84.89340973	System	PAC: svchost.exe -> msedgewebview2 Access=3000	
00003705	84.89340973	System	PAC: svchost.exe -> msedgewebview2 Access=3000	
00003706	84.89341736	System	PAC: svchost.exe -> msedgewebview2 Access=3000	
00003707	84.89341736	System	PAC: svchost.exe -> msedgewebview2 Access=3000	
00003708	84.89341736	System	PAC: svchost.exe -> msedgewebview2 Access=3000	
00003709	84.89341736	System	PAC: svchost.exe -> msedgewebview2 Access=3000	
00003710	84.89342499	System	PAC: svchost.exe -> msedgewebview2 Access=3000	
00003711	84.89342499	System	PAC: svchost.exe -> msedgewebview2 Access=3000	
00003712	84.89342499	System	PAC: svchost.exe -> msedgewebview2 Access=3000	
00003713	84.89343262	System	PAC: svchost.exe -> msedgewebview2 Access=3000	
00003714	84.89343262	System	PAC: svchost.exe -> msedgewebview2 Access=3000	
00003715	84.89344025	System	PAC: svchost.exe -> msedgewebview2 Access=3000	
00003716	84.89344025	System	PAC: svchost.exe -> msedgewebview2 Access=3000	
00003717	84.89344788	System	PAC: svchost.exe -> msedgewebview2 Access=3000	
00003718	84.89344788	System	PAC: svchost.exe -> msedgewebview2 Access=3000	
00003719	84.89345551	System	PAC: svchost.exe -> FangameTale.ex Access=3000	
00003720	84.89345551	System	PAC: svchost.exe -> SearchApp.exe Access=3000	
00003721	84.89345551	System	PAC: svchost.exe -> backgroundTask Access=3000	
00003722	84.89345551	System	PAC: svchost.exe -> svchost.exe Access=3000	
00003723	84.89345551	System	PAC: svchost.exe -> svchost.exe Access=3000	
00003724	84.89346313	System	PAC: svchost.exe -> svchost.exe Access=3000	
00003725	84.89346313	System	PAC: svchost.exe -> svchost.exe Access=3000	
00003726	84.89347076	System	PAC: svchost.exe -> FPV-FPE.exe Access=3000	
00003727	84.89347076	System	PAC: svchost.exe -> FPV-FPE.exe Access=3000	
00003728	84.89347076	System	PAC: svchost.exe -> TextInputHost. Access=3000	
00003729	84.89347839	System	PAC: svchost.exe -> StartMenuExper Access=3000	
00003730	84.89347839	System	PAC: svchost.exe -> NisSrv.exe Access=3000	
00003731	84.89348602	System	PAC: svchost.exe -> svchost.exe Access=3000	
00003732	84.89348602	System	PAC: svchost.exe -> ctfmon.exe Access=3000	
00003733	84.89349365	System	PAC: svchost.exe -> svchost.exe Access=3000	
00003734	84.89349365	System	PAC: svchost.exe -> WmiPrvSE.exe Access=3000	
00003735	84.89350128	System	PAC: svchost.exe -> svchost.exe Access=3000	
00003736	84.89350128	System	PAC: svchost.exe -> svchost.exe Access=3000	
00003737	84.89350128	System	PAC: svchost.exe -> svchost.exe Access=3000	
00003738	84.89350128	System	PAC: svchost.exe -> svchost.exe Access=3000	
00003739	84.89350128	System	PAC: svchost.exe -> svchost.exe Access=3000	
00003740	84.89350891	System	PAC: svchost.exe -> svchost.exe Access=3000	
00003741	84.89350891	System	PAC: svchost.exe -> svchost.exe Access=3000	
00003742	84.89350891	System	PAC: svchost.exe -> svchost.exe Access=3000	
00003743	84.89351654	System	PAC: svchost.exe -> svchost.exe Access=3000	
00003744	84.89351654	System	PAC: svchost.exe -> svchost.exe Access=3000	
00003745	84.89352417	System	PAC: svchost.exe -> svchost.exe Access=3000	
00003746	84.89352417	System	PAC: svchost.exe -> svchost.exe Access=3000	
00003747	84.89353180	System	PAC: svchost.exe -> svchost.exe Access=3000	
00003748	84.89353180	System	PAC: svchost.exe -> svchost.exe Access=3000	
00003749	84.89353180	System	PAC: svchost.exe -> svchost.exe Access=3000	
00003750	84.89353943	System	PAC: svchost.exe -> svchost.exe Access=3000	
00003751	84.89353943	System	PAC: svchost.exe -> svchost.exe Access=3000	
00003752	84.89353943	System	PAC: svchost.exe -> svchost.exe Access=3000	
00003753	84.89353943	System	PAC: svchost.exe -> svchost.exe Access=3000	
00003754	84.89353943	System	PAC: svchost.exe -> svchost.exe Access=3000	
00003755	84.89354706	System	PAC: svchost.exe -> svchost.exe Access=3000	
00003756	84.89354706	System	PAC: svchost.exe -> svchost.exe Access=3000	
00003757	84.89355469	System	PAC: svchost.exe -> svchost.exe Access=3000	
00003758	84.89355469	System	PAC: svchost.exe -> dwm.exe Access=3000	
00003759	84.89356232	System	PAC: svchost.exe -> svchost.exe Access=3000	
00003760	84.89356232	System	PAC: svchost.exe -> fontdrvhost.ex Access=3000	
00003761	84.89356232	System	PAC: svchost.exe -> fontdrvhost.ex Access=3000	
00003762	84.89356995	System	PAC: svchost.exe -> M365Copilot.ex Access=3000	
00003763	84.89356995	System	PAC: svchost.exe -> msedgewebview2 Access=3000	
00003764	84.89357758	System	PAC: svchost.exe -> msedgewebview2 Access=3000	
00003765	84.89357758	System	PAC: svchost.exe -> msedgewebview2 Access=3000	
00003766	84.89357758	System	PAC: svchost.exe -> msedgewebview2 Access=3000	
00003767	84.89357758	System	PAC: svchost.exe -> msedgewebview2 Access=3000	
00003768	84.89357758	System	PAC: svchost.exe -> msedgewebview2 Access=3000	
00003769	84.89358521	System	PAC: svchost.exe -> FPV-FPE.exe Access=3000	
00003770	84.89359283	System	PAC: svchost.exe -> msedgewebview2 Access=3000	
00003771	84.89359283	System	PAC: svchost.exe -> FPV-FPE.exe Access=3000	
00003772	84.89360046	System	PAC: svchost.exe -> msedgewebview2 Access=3000	
00003773	84.89360809	System	PAC: svchost.exe -> FPV-FPE.exe Access=3000	
00003774	84.89361572	System	PAC: svchost.exe -> FangameTale.ex Access=3000	
00003775	84.89361572	System	PAC: svchost.exe -> FPV-FPE.exe Access=3000	
00003776	84.89361572	System	PAC: svchost.exe -> msedgewebview2 Access=3000	
00003777	84.89361572	System	PAC: svchost.exe -> FPV-FPE.exe Access=3000	
00003778	84.89361572	System	PAC: svchost.exe -> msedgewebview2 Access=3000	
00003779	84.89362335	System	PAC: svchost.exe -> msedgewebview2 Access=3000	
00003780	84.89362335	System	PAC: svchost.exe -> msedgewebview2 Access=3000	
00003781	84.89363098	System	PAC: svchost.exe -> msedgewebview2 Access=3000	
00003782	84.89363098	System	PAC: svchost.exe -> msedgewebview2 Access=3000	
00003783	84.89363861	System	PAC: svchost.exe -> msedgewebview2 Access=3000	
00003784	84.89363861	System	PAC: svchost.exe -> msedgewebview2 Access=3000	
00003785	84.89364624	System	PAC: svchost.exe -> msedgewebview2 Access=3000	
00003786	84.89364624	System	PAC: svchost.exe -> msedgewebview2 Access=3000	
00003787	84.89364624	System	PAC: svchost.exe -> MpDefenderCore Access=3000	
00003788	84.89369965	System	PAC: svchost.exe -> msedgewebview2 Access=3000	
00003789	84.89370728	System	PAC: svchost.exe -> msedgewebview2 Access=3000	
00003790	84.89371490	System	PAC: svchost.exe -> msedgewebview2 Access=3000	
00003791	84.89371490	System	PAC: svchost.exe -> msedgewebview2 Access=3000	
00003792	84.89372253	System	PAC: svchost.exe -> msedgewebview2 Access=3000	
00003793	84.89372253	System	PAC: svchost.exe -> msedgewebview2 Access=3000	
00003794	84.89373016	System	PAC: svchost.exe -> msedgewebview2 Access=3000	
00003795	84.89373016	System	PAC: svchost.exe -> msedgewebview2 Access=3000	
00003796	84.89373779	System	PAC: svchost.exe -> msedgewebview2 Access=3000	
00003797	84.89373779	System	PAC: svchost.exe -> msedgewebview2 Access=3000	
00003798	84.89373779	System	PAC: svchost.exe -> msedgewebview2 Access=3000	
00003799	84.89373779	System	PAC: svchost.exe -> msedgewebview2 Access=3000	
00003800	84.89374542	System	PAC: svchost.exe -> msedgewebview2 Access=3000	
00003801	84.89374542	System	PAC: svchost.exe -> msedgewebview2 Access=3000	
00003802	84.89375305	System	PAC: svchost.exe -> msedgewebview2 Access=3000	
00003803	84.89375305	System	PAC: svchost.exe -> msedgewebview2 Access=3000	
00003804	84.89376068	System	PAC: svchost.exe -> msedgewebview2 Access=3000	
00003805	84.89376068	System	PAC: svchost.exe -> msedgewebview2 Access=3000	
00003806	84.89376068	System	PAC: svchost.exe -> msedgewebview2 Access=3000	
00003807	84.89376831	System	PAC: svchost.exe -> msedgewebview2 Access=3000	
00003808	84.89376831	System	PAC: svchost.exe -> msedgewebview2 Access=3000	
00003809	84.89377594	System	PAC: svchost.exe -> msedgewebview2 Access=3000	
00003810	84.89377594	System	PAC: svchost.exe -> msedgewebview2 Access=3000	
00003811	84.89377594	System	PAC: svchost.exe -> msedgewebview2 Access=3000	
00003812	84.89377594	System	PAC: svchost.exe -> msedgewebview2 Access=3000	
00003813	84.89378357	System	PAC: svchost.exe -> msedgewebview2 Access=3000	
00003814	84.89378357	System	PAC: svchost.exe -> msedgewebview2 Access=3000	
00003815	84.89379120	System	PAC: svchost.exe -> msedgewebview2 Access=3000	
00003816	84.89379120	System	PAC: svchost.exe -> msedgewebview2 Access=3000	
00003817	84.89379883	System	PAC: svchost.exe -> msedgewebview2 Access=3000	
00003818	84.89379883	System	PAC: svchost.exe -> msedgewebview2 Access=3000	
00003819	84.89380646	System	PAC: svchost.exe -> msedgewebview2 Access=3000	
00003820	84.89380646	System	PAC: svchost.exe -> msedgewebview2 Access=3000	
00003821	84.89380646	System	PAC: svchost.exe -> msedgewebview2 Access=3000	
00003822	84.89381409	System	PAC: svchost.exe -> msedgewebview2 Access=3000	
00003823	84.89381409	System	PAC: svchost.exe -> msedgewebview2 Access=3000	
00003824	84.89381409	System	PAC: svchost.exe -> msedgewebview2 Access=3000	
00003825	84.89381409	System	PAC: svchost.exe -> msedgewebview2 Access=3000	
00003826	84.89382172	System	PAC: svchost.exe -> msedgewebview2 Access=3000	
00003827	84.89382172	System	PAC: svchost.exe -> FangameTale.ex Access=3000	
00003828	84.89382935	System	PAC: svchost.exe -> SearchApp.exe Access=3000	
00003829	84.89382935	System	PAC: svchost.exe -> backgroundTask Access=3000	
00003830	84.89383698	System	PAC: svchost.exe -> svchost.exe Access=3000	
00003831	84.89383698	System	PAC: svchost.exe -> svchost.exe Access=3000	
00003832	84.89383698	System	PAC: svchost.exe -> svchost.exe Access=3000	
00003833	84.89384460	System	PAC: svchost.exe -> svchost.exe Access=3000	
00003834	84.89384460	System	PAC: svchost.exe -> FPV-FPE.exe Access=3000	
00003835	84.89385223	System	PAC: svchost.exe -> FPV-FPE.exe Access=3000	
00003836	84.89385223	System	PAC: svchost.exe -> TextInputHost. Access=3000	
00003837	84.89385223	System	PAC: svchost.exe -> StartMenuExper Access=3000	
00003838	84.89385223	System	PAC: svchost.exe -> NisSrv.exe Access=3000	
00003839	84.89385986	System	PAC: svchost.exe -> svchost.exe Access=3000	
00003840	84.89385986	System	PAC: svchost.exe -> ctfmon.exe Access=3000	
00003841	84.89386749	System	PAC: svchost.exe -> svchost.exe Access=3000	
00003842	84.89386749	System	PAC: svchost.exe -> WmiPrvSE.exe Access=3000	
00003843	84.89387512	System	PAC: svchost.exe -> svchost.exe Access=3000	
00003844	84.89387512	System	PAC: svchost.exe -> svchost.exe Access=3000	
00003845	84.89388275	System	PAC: svchost.exe -> svchost.exe Access=3000	
00003846	84.89388275	System	PAC: svchost.exe -> svchost.exe Access=3000	
00003847	84.89389038	System	PAC: svchost.exe -> svchost.exe Access=3000	
00003848	84.89389038	System	PAC: svchost.exe -> svchost.exe Access=3000	
00003849	84.89389038	System	PAC: svchost.exe -> svchost.exe Access=3000	
00003850	84.89389801	System	PAC: svchost.exe -> svchost.exe Access=3000	
00003851	84.89389801	System	PAC: svchost.exe -> svchost.exe Access=3000	
00003852	84.89389801	System	PAC: svchost.exe -> svchost.exe Access=3000	
00003853	84.89389801	System	PAC: svchost.exe -> svchost.exe Access=3000	
00003854	84.89390564	System	PAC: svchost.exe -> svchost.exe Access=3000	
00003855	84.89390564	System	PAC: svchost.exe -> svchost.exe Access=3000	
00003856	84.89390564	System	PAC: svchost.exe -> svchost.exe Access=3000	
00003857	84.89391327	System	PAC: svchost.exe -> svchost.exe Access=3000	
00003858	84.89391327	System	PAC: svchost.exe -> svchost.exe Access=3000	
00003859	84.89392090	System	PAC: svchost.exe -> svchost.exe Access=3000	
00003860	84.89392090	System	PAC: svchost.exe -> svchost.exe Access=3000	
00003861	84.89392853	System	PAC: svchost.exe -> svchost.exe Access=3000	
00003862	84.89392853	System	PAC: svchost.exe -> svchost.exe Access=3000	
00003863	84.89393616	System	PAC: svchost.exe -> svchost.exe Access=3000	
00003864	84.89393616	System	PAC: svchost.exe -> svchost.exe Access=3000	
00003865	84.89393616	System	PAC: svchost.exe -> svchost.exe Access=3000	
00003866	84.89393616	System	PAC: svchost.exe -> dwm.exe Access=3000	
00003867	84.89393616	System	PAC: svchost.exe -> svchost.exe Access=3000	
00003868	84.89394379	System	PAC: svchost.exe -> fontdrvhost.ex Access=3000	
00003869	84.89394379	System	PAC: svchost.exe -> fontdrvhost.ex Access=3000	
00003870	84.89395142	System	PAC: svchost.exe -> msedgewebview2 Access=3000	
00003871	84.89395142	System	PAC: svchost.exe -> msedgewebview2 Access=3000	
00003872	84.89395905	System	PAC: svchost.exe -> FPV-FPE.exe Access=3000	
00003873	84.89396667	System	PAC: svchost.exe -> msedgewebview2 Access=3000	
00003874	84.89396667	System	PAC: svchost.exe -> FPV-FPE.exe Access=3000	
00003875	84.89397430	System	PAC: svchost.exe -> msedgewebview2 Access=3000	
00003876	84.89397430	System	PAC: svchost.exe -> msedgewebview2 Access=3000	
00003877	84.89397430	System	PAC: svchost.exe -> msedgewebview2 Access=3000	
00003878	84.89397430	System	PAC: svchost.exe -> msedgewebview2 Access=3000	
00003879	84.89398193	System	PAC: svchost.exe -> msedgewebview2 Access=3000	
00003880	84.89398193	System	PAC: svchost.exe -> msedgewebview2 Access=3000	
00003881	84.89398956	System	PAC: svchost.exe -> msedgewebview2 Access=3000	
00003882	84.89398956	System	PAC: svchost.exe -> msedgewebview2 Access=3000	
00003883	84.89399719	System	PAC: svchost.exe -> msedgewebview2 Access=3000	
00003884	84.89399719	System	PAC: svchost.exe -> msedgewebview2 Access=3000	
00003885	84.89400482	System	PAC: svchost.exe -> MpDefenderCore Access=3000	
00003886	84.89400482	System	PAC: svchost.exe -> msedgewebview2 Access=3000	
00003887	84.89400482	System	PAC: svchost.exe -> msedgewebview2 Access=3000	
00003888	84.89401245	System	PAC: svchost.exe -> msedgewebview2 Access=3000	
00003889	84.89401245	System	PAC: svchost.exe -> msedgewebview2 Access=3000	
00003890	84.89401245	System	PAC: svchost.exe -> msedgewebview2 Access=3000	
00003891	84.89401245	System	PAC: svchost.exe -> msedgewebview2 Access=3000	
00003892	84.89402008	System	PAC: svchost.exe -> msedgewebview2 Access=3000	
00003893	84.89402008	System	PAC: svchost.exe -> msedgewebview2 Access=3000	
00003894	84.89402008	System	PAC: svchost.exe -> msedgewebview2 Access=3000	
00003895	84.89402771	System	PAC: svchost.exe -> msedgewebview2 Access=3000	
00003896	84.89402771	System	PAC: svchost.exe -> msedgewebview2 Access=3000	
00003897	84.89403534	System	PAC: svchost.exe -> msedgewebview2 Access=3000	
00003898	84.89403534	System	PAC: svchost.exe -> msedgewebview2 Access=3000	
00003899	84.89404297	System	PAC: svchost.exe -> msedgewebview2 Access=3000	
00003900	84.89404297	System	PAC: svchost.exe -> msedgewebview2 Access=3000	
00003901	84.89405060	System	PAC: svchost.exe -> msedgewebview2 Access=3000	
00003902	84.89405060	System	PAC: svchost.exe -> msedgewebview2 Access=3000	
00003903	84.89405060	System	PAC: svchost.exe -> msedgewebview2 Access=3000	
00003904	84.89405060	System	PAC: svchost.exe -> msedgewebview2 Access=3000	
00003905	84.89405060	System	PAC: svchost.exe -> msedgewebview2 Access=3000	
00003906	84.89405823	System	PAC: svchost.exe -> msedgewebview2 Access=3000	
00003907	84.89405823	System	PAC: svchost.exe -> msedgewebview2 Access=3000	
00003908	84.89406586	System	PAC: svchost.exe -> msedgewebview2 Access=3000	
00003909	84.89406586	System	PAC: svchost.exe -> msedgewebview2 Access=3000	
00003910	84.89407349	System	PAC: svchost.exe -> msedgewebview2 Access=3000	
00003911	84.89407349	System	PAC: svchost.exe -> msedgewebview2 Access=3000	
00003912	84.89407349	System	PAC: svchost.exe -> msedgewebview2 Access=3000	
00003913	84.89408112	System	PAC: svchost.exe -> msedgewebview2 Access=3000	
00003914	84.89408112	System	PAC: svchost.exe -> msedgewebview2 Access=3000	
00003915	84.89408875	System	PAC: svchost.exe -> msedgewebview2 Access=3000	
00003916	84.89408875	System	PAC: svchost.exe -> msedgewebview2 Access=3000	
00003917	84.89409637	System	PAC: svchost.exe -> msedgewebview2 Access=3000	
00003918	84.89409637	System	PAC: svchost.exe -> msedgewebview2 Access=3000	
00003919	84.89409637	System	PAC: svchost.exe -> msedgewebview2 Access=3000	
00003920	84.89409637	System	PAC: svchost.exe -> msedgewebview2 Access=3000	
00003921	84.89409637	System	PAC: svchost.exe -> msedgewebview2 Access=3000	
00003922	84.89410400	System	PAC: svchost.exe -> msedgewebview2 Access=3000	
00003923	84.89410400	System	PAC: svchost.exe -> msedgewebview2 Access=3000	
00003924	84.89411163	System	PAC: svchost.exe -> msedgewebview2 Access=3000	
00003925	84.89411163	System	PAC: svchost.exe -> FangameTale.ex Access=3000	
00003926	84.89411163	System	PAC: svchost.exe -> SearchApp.exe Access=3000	
00003927	84.89411926	System	PAC: svchost.exe -> backgroundTask Access=3000	
00003928	84.89411926	System	PAC: svchost.exe -> svchost.exe Access=3000	
00003929	84.89412689	System	PAC: svchost.exe -> svchost.exe Access=3000	
00003930	84.89412689	System	PAC: svchost.exe -> svchost.exe Access=3000	
00003931	84.89413452	System	PAC: svchost.exe -> svchost.exe Access=3000	
00003932	84.89413452	System	PAC: svchost.exe -> FPV-FPE.exe Access=3000	
00003933	84.89413452	System	PAC: svchost.exe -> FPV-FPE.exe Access=3000	
00003934	84.89413452	System	PAC: svchost.exe -> TextInputHost. Access=3000	
00003935	84.89419556	System	PAC: svchost.exe -> StartMenuExper Access=3000	
00003936	84.89420319	System	PAC: svchost.exe -> NisSrv.exe Access=3000	
00003937	84.89420319	System	PAC: svchost.exe -> svchost.exe Access=3000	
00003938	84.89421082	System	PAC: svchost.exe -> ctfmon.exe Access=3000	
00003939	84.89421082	System	PAC: svchost.exe -> svchost.exe Access=3000	
00003940	84.89422607	System	PAC: svchost.exe -> WmiPrvSE.exe Access=3000	
00003941	84.89423370	System	PAC: svchost.exe -> svchost.exe Access=3000	
00003942	84.89423370	System	PAC: svchost.exe -> svchost.exe Access=3000	
00003943	84.89423370	System	PAC: svchost.exe -> svchost.exe Access=3000	
00003944	84.89424133	System	PAC: svchost.exe -> svchost.exe Access=3000	
00003945	84.89424133	System	PAC: svchost.exe -> svchost.exe Access=3000	
00003946	84.89424896	System	PAC: svchost.exe -> svchost.exe Access=3000	
00003947	84.89424896	System	PAC: svchost.exe -> svchost.exe Access=3000	
00003948	84.89425659	System	PAC: svchost.exe -> svchost.exe Access=3000	
00003949	84.89425659	System	PAC: svchost.exe -> svchost.exe Access=3000	
00003950	84.89425659	System	PAC: svchost.exe -> svchost.exe Access=3000	
00003951	84.89425659	System	PAC: svchost.exe -> svchost.exe Access=3000	
00003952	84.89425659	System	PAC: svchost.exe -> svchost.exe Access=3000	
00003953	84.89426422	System	PAC: svchost.exe -> svchost.exe Access=3000	
00003954	84.89426422	System	PAC: svchost.exe -> svchost.exe Access=3000	
00003955	84.89427185	System	PAC: svchost.exe -> svchost.exe Access=3000	
00003956	84.89427185	System	PAC: svchost.exe -> svchost.exe Access=3000	
00003957	84.89427948	System	PAC: svchost.exe -> svchost.exe Access=3000	
00003958	84.89427948	System	PAC: svchost.exe -> svchost.exe Access=3000	
00003959	84.89427948	System	PAC: svchost.exe -> svchost.exe Access=3000	
00003960	84.89428711	System	PAC: svchost.exe -> svchost.exe Access=3000	
00003961	84.89428711	System	PAC: svchost.exe -> svchost.exe Access=3000	
00003962	84.89429474	System	PAC: svchost.exe -> svchost.exe Access=3000	
00003963	84.89429474	System	PAC: svchost.exe -> svchost.exe Access=3000	
00003964	84.89429474	System	PAC: svchost.exe -> dwm.exe Access=3000	
00003965	84.89429474	System	PAC: svchost.exe -> svchost.exe Access=3000	
00003966	84.89430237	System	PAC: svchost.exe -> fontdrvhost.ex Access=3000	
00003967	84.89430237	System	PAC: svchost.exe -> fontdrvhost.ex Access=3000	
00003968	84.89431000	System	PAC: svchost.exe -> FangameTale-Wi Access=3000	
00003969	84.89431000	System	PAC: svchost.exe -> msedgewebview2 Access=3000	
00003970	84.89431763	System	PAC: svchost.exe -> FPV-FPE.exe Access=3000	
00003971	84.89431763	System	PAC: svchost.exe -> msedgewebview2 Access=3000	
00003972	84.89431763	System	PAC: svchost.exe -> FPV-FPE.exe Access=3000	
00003973	84.89432526	System	PAC: svchost.exe -> msedgewebview2 Access=3000	
00003974	84.89433289	System	PAC: svchost.exe -> msedgewebview2 Access=3000	
00003975	84.89433289	System	PAC: svchost.exe -> msedgewebview2 Access=3000	
00003976	84.89433289	System	PAC: svchost.exe -> msedgewebview2 Access=3000	
00003977	84.89433289	System	PAC: svchost.exe -> msedgewebview2 Access=3000	
00003978	84.89433289	System	PAC: svchost.exe -> msedgewebview2 Access=3000	
00003979	84.89434052	System	PAC: svchost.exe -> msedgewebview2 Access=3000	
00003980	84.89434052	System	PAC: svchost.exe -> msedgewebview2 Access=3000	
00003981	84.89434814	System	PAC: svchost.exe -> msedgewebview2 Access=3000	
00003982	84.89434814	System	PAC: svchost.exe -> msedgewebview2 Access=3000	
00003983	84.89435577	System	PAC: svchost.exe -> msedgewebview2 Access=3000	
00003984	84.89435577	System	PAC: svchost.exe -> MpDefenderCore Access=3000	
00003985	84.89436340	System	PAC: svchost.exe -> msedgewebview2 Access=3000	
00003986	84.89436340	System	PAC: svchost.exe -> msedgewebview2 Access=3000	
00003987	84.89437103	System	PAC: svchost.exe -> msedgewebview2 Access=3000	
00003988	84.89437103	System	PAC: svchost.exe -> msedgewebview2 Access=3000	
00003989	84.89437103	System	PAC: svchost.exe -> msedgewebview2 Access=3000	
00003990	84.89437103	System	PAC: svchost.exe -> msedgewebview2 Access=3000	
00003991	84.89437103	System	PAC: svchost.exe -> msedgewebview2 Access=3000	
00003992	84.89437866	System	PAC: svchost.exe -> msedgewebview2 Access=3000	
00003993	84.89437866	System	PAC: svchost.exe -> msedgewebview2 Access=3000	
00003994	84.89438629	System	PAC: svchost.exe -> msedgewebview2 Access=3000	
00003995	84.89438629	System	PAC: svchost.exe -> msedgewebview2 Access=3000	
00003996	84.89439392	System	PAC: svchost.exe -> msedgewebview2 Access=3000	
00003997	84.89439392	System	PAC: svchost.exe -> msedgewebview2 Access=3000	
00003998	84.89440155	System	PAC: svchost.exe -> msedgewebview2 Access=3000	
00003999	84.89440155	System	PAC: svchost.exe -> msedgewebview2 Access=3000	
00004000	84.89440918	System	PAC: svchost.exe -> msedgewebview2 Access=3000	
00004001	84.89440918	System	PAC: svchost.exe -> msedgewebview2 Access=3000	
00004002	84.89440918	System	PAC: svchost.exe -> msedgewebview2 Access=3000	
00004003	84.89440918	System	PAC: svchost.exe -> msedgewebview2 Access=3000	
00004004	84.89440918	System	PAC: svchost.exe -> msedgewebview2 Access=3000	
00004005	84.89441681	System	PAC: svchost.exe -> msedgewebview2 Access=3000	
00004006	84.89441681	System	PAC: svchost.exe -> msedgewebview2 Access=3000	
00004007	84.89442444	System	PAC: svchost.exe -> msedgewebview2 Access=3000	
00004008	84.89442444	System	PAC: svchost.exe -> msedgewebview2 Access=3000	
00004009	84.89443207	System	PAC: svchost.exe -> msedgewebview2 Access=3000	
00004010	84.89443207	System	PAC: svchost.exe -> msedgewebview2 Access=3000	
00004011	84.89443970	System	PAC: svchost.exe -> msedgewebview2 Access=3000	
00004012	84.89443970	System	PAC: svchost.exe -> msedgewebview2 Access=3000	
00004013	84.89443970	System	PAC: svchost.exe -> msedgewebview2 Access=3000	
00004014	84.89444733	System	PAC: svchost.exe -> msedgewebview2 Access=3000	
00004015	84.89444733	System	PAC: svchost.exe -> msedgewebview2 Access=3000	
00004016	84.89445496	System	PAC: svchost.exe -> msedgewebview2 Access=3000	
00004017	84.89445496	System	PAC: svchost.exe -> msedgewebview2 Access=3000	
00004018	84.89445496	System	PAC: svchost.exe -> msedgewebview2 Access=3000	
00004019	84.89445496	System	PAC: svchost.exe -> msedgewebview2 Access=3000	
00004020	84.89446259	System	PAC: svchost.exe -> msedgewebview2 Access=3000	
00004021	84.89446259	System	PAC: svchost.exe -> msedgewebview2 Access=3000	
00004022	84.89447021	System	PAC: svchost.exe -> msedgewebview2 Access=3000	
00004023	84.89447021	System	PAC: svchost.exe -> msedgewebview2 Access=3000	
00004024	84.89447021	System	PAC: svchost.exe -> FangameTale.ex Access=3000	
00004025	84.89447784	System	PAC: svchost.exe -> SearchApp.exe Access=3000	
00004026	84.89447784	System	PAC: svchost.exe -> backgroundTask Access=3000	
00004027	84.89448547	System	PAC: svchost.exe -> svchost.exe Access=3000	
00004028	84.89448547	System	PAC: svchost.exe -> svchost.exe Access=3000	
00004029	84.89449310	System	PAC: svchost.exe -> svchost.exe Access=3000	
00004030	84.89449310	System	PAC: svchost.exe -> svchost.exe Access=3000	
00004031	84.89449310	System	PAC: svchost.exe -> FPV-FPE.exe Access=3000	
00004032	84.89449310	System	PAC: svchost.exe -> FPV-FPE.exe Access=3000	
00004033	84.89449310	System	PAC: svchost.exe -> TextInputHost. Access=3000	
00004034	84.89450073	System	PAC: svchost.exe -> StartMenuExper Access=3000	
00004035	84.89450073	System	PAC: svchost.exe -> NisSrv.exe Access=3000	
00004036	84.89450836	System	PAC: svchost.exe -> svchost.exe Access=3000	
00004037	84.89450836	System	PAC: svchost.exe -> ctfmon.exe Access=3000	
00004038	84.89451599	System	PAC: svchost.exe -> svchost.exe Access=3000	
00004039	84.89451599	System	PAC: svchost.exe -> WmiPrvSE.exe Access=3000	
00004040	84.89452362	System	PAC: svchost.exe -> svchost.exe Access=3000	
00004041	84.89452362	System	PAC: svchost.exe -> svchost.exe Access=3000	
00004042	84.89453125	System	PAC: svchost.exe -> svchost.exe Access=3000	
00004043	84.89453125	System	PAC: svchost.exe -> svchost.exe Access=3000	
00004044	84.89453125	System	PAC: svchost.exe -> svchost.exe Access=3000	
00004045	84.89453125	System	PAC: svchost.exe -> svchost.exe Access=3000	
00004046	84.89453125	System	PAC: svchost.exe -> svchost.exe Access=3000	
00004047	84.89453888	System	PAC: svchost.exe -> svchost.exe Access=3000	
00004048	84.89453888	System	PAC: svchost.exe -> svchost.exe Access=3000	
00004049	84.89453888	System	PAC: svchost.exe -> svchost.exe Access=3000	
00004050	84.89454651	System	PAC: svchost.exe -> svchost.exe Access=3000	
00004051	84.89454651	System	PAC: svchost.exe -> svchost.exe Access=3000	
00004052	84.89455414	System	PAC: svchost.exe -> svchost.exe Access=3000	
00004053	84.89455414	System	PAC: svchost.exe -> svchost.exe Access=3000	
00004054	84.89456177	System	PAC: svchost.exe -> svchost.exe Access=3000	
00004055	84.89456177	System	PAC: svchost.exe -> svchost.exe Access=3000	
00004056	84.89456177	System	PAC: svchost.exe -> svchost.exe Access=3000	
00004057	84.89456940	System	PAC: svchost.exe -> svchost.exe Access=3000	
00004058	84.89456940	System	PAC: svchost.exe -> svchost.exe Access=3000	
00004059	84.89456940	System	PAC: svchost.exe -> svchost.exe Access=3000	
00004060	84.89456940	System	PAC: svchost.exe -> svchost.exe Access=3000	
00004061	84.89456940	System	PAC: svchost.exe -> svchost.exe Access=3000	
00004062	84.89457703	System	PAC: svchost.exe -> svchost.exe Access=3000	
00004063	84.89457703	System	PAC: svchost.exe -> dwm.exe Access=3000	
00004064	84.89458466	System	PAC: svchost.exe -> svchost.exe Access=3000	
00004065	84.89458466	System	PAC: svchost.exe -> fontdrvhost.ex Access=3000	
00004066	84.89459229	System	PAC: svchost.exe -> fontdrvhost.ex Access=3000	
00004067	84.89459229	System	PAC: svchost.exe -> EpicWebHelper. Access=3000	
00004068	84.89459229	System	PAC: svchost.exe -> msedgewebview2 Access=3000	
00004069	84.89459991	System	PAC: svchost.exe -> FPV-FPE.exe Access=3000	
00004070	84.89529419	System	PAC: svchost.exe -> WmiPrvSE.exe Access=1000	
00004071	84.89532471	System	PAC: svchost.exe -> WmiPrvSE.exe Access=1000	
00004072	84.89537811	System	PAC: svchost.exe -> WmiPrvSE.exe Access=1000	
00004073	84.89540863	System	PAC: svchost.exe -> WmiPrvSE.exe Access=1000	
00004074	84.89546967	System	PAC: svchost.exe -> WmiPrvSE.exe Access=1000	
00004075	84.89552307	System	PAC: svchost.exe -> WmiPrvSE.exe Access=1000	
00004076	84.90943909	System	PAC: svchost.exe -> VBoxService.ex Access=1000	
00004077	84.90946198	System	PAC: svchost.exe -> VBoxService.ex Access=1000	
00004078	84.90954590	System	PAC: svchost.exe -> VBoxService.ex Access=1000	
00004079	84.93859863	System	PAC: svchost.exe -> WmiPrvSE.exe Access=1000	
00004080	84.93862152	System	PAC: svchost.exe -> WmiPrvSE.exe Access=1000	
00004081	84.93869019	System	PAC: svchost.exe -> WmiPrvSE.exe Access=1000	
00004082	84.93872070	System	PAC: svchost.exe -> WmiPrvSE.exe Access=1000	
00004083	84.93877411	System	PAC: svchost.exe -> WmiPrvSE.exe Access=1000	
00004084	84.93892670	System	PAC: svchost.exe -> WmiPrvSE.exe Access=1000	
00004085	84.99279785	System	PAC: svchost.exe -> svchost.exe Access=1000	
00004086	85.01043701	System	PAC: svchost.exe -> WmiPrvSE.exe Access=1000	
00004087	85.01046753	System	PAC: svchost.exe -> WmiPrvSE.exe Access=1000	
00004088	85.01054382	System	PAC: svchost.exe -> WmiPrvSE.exe Access=1000	
00004089	85.01057434	System	PAC: svchost.exe -> WmiPrvSE.exe Access=1000	
00004090	85.01063538	System	PAC: svchost.exe -> WmiPrvSE.exe Access=1000	
00004091	85.01069641	System	PAC: svchost.exe -> WmiPrvSE.exe Access=1000	
00004092	85.03183746	System	PAC: svchost.exe -> WmiPrvSE.exe Access=1000	
00004093	85.03187561	System	PAC: svchost.exe -> WmiPrvSE.exe Access=1000	
00004094	85.03201294	System	PAC: svchost.exe -> WmiPrvSE.exe Access=1000	
00004095	85.03205872	System	PAC: svchost.exe -> WmiPrvSE.exe Access=1000	
00004096	85.03211975	System	PAC: svchost.exe -> WmiPrvSE.exe Access=1000	
00004097	85.03227234	System	PAC: svchost.exe -> WmiPrvSE.exe Access=1000	
00004098	85.10014343	System	7848281250 - STORMINI: StorAHCI - LPM: SystemIoBusNumber:0 Port:00 - IDLE	
00004099	85.17884827	System	PAC: explorer.exe -> FangameTale-Wi Access=1000	
00004100	85.17886353	System	PAC: explorer.exe -> FangameTale-Wi Access=1000	
00004101	85.17930603	System	PAC: explorer.exe -> FangameTale-Wi Access=1410	
00004102	85.18408203	System	PAC: explorer.exe -> explorer.exe Access=1000	
00004103	85.18553925	System	PAC: explorer.exe -> explorer.exe Access=1000	
00004104	85.18556213	System	PAC: explorer.exe -> explorer.exe Access=1000	
00004105	85.18557739	System	PAC: explorer.exe -> explorer.exe Access=1000	
00004106	85.18577576	System	PAC: explorer.exe -> FangameTale-Wi Access=1000	
00004107	85.18580627	System	PAC: explorer.exe -> Dbgview.exe Access=1000	
00004108	85.18591309	System	PAC: explorer.exe -> explorer.exe Access=1000	
00004109	85.18593597	System	PAC: explorer.exe -> cmd.exe Access=1000	
00004110	85.18595886	System	PAC: explorer.exe -> explorer.exe Access=1000	
00004111	85.18597412	System	PAC: explorer.exe -> explorer.exe Access=1000	
00004112	85.18611145	System	PAC: explorer.exe -> explorer.exe Access=1000	
00004113	85.18699646	System	PAC: explorer.exe -> FangameTale-Wi Access=1000	
00004114	85.19484711	System	PAC: lsass.exe -> svchost.exe Access=1000	
00004115	85.19623566	System	7849218750 - STORMINI: StorAHCI - LPM: SystemIoBusNumber:0 Port:00 - ACTIVE	
00004116	85.19623566	System	7849218750 - STORMINI: StorAHCI - LPM: SystemIoBusNumber:0 Port:00 - Transit into Slumber from Partial - Canceled	
00004117	85.20149231	System	PAC: explorer.exe -> FangameTale-Wi Access=1000	
00004118	85.20341492	System	PAC: explorer.exe -> FangameTale-Wi Access=1000	
00004119	85.20352173	System	PAC: svchost.exe -> FangameTale-Wi Access=1000	
00004120	85.20365906	System	PAC: svchost.exe -> FangameTale-Wi Access=1000	
00004121	85.20368958	System	PAC: explorer.exe -> FangameTale-Wi Access=1000	
00004122	85.20381165	System	PAC: svchost.exe -> WmiPrvSE.exe Access=1000	
00004123	85.20384979	System	PAC: svchost.exe -> WmiPrvSE.exe Access=1000	
00004124	85.20397949	System	PAC: svchost.exe -> WmiPrvSE.exe Access=1000	
00004125	85.20404816	System	PAC: svchost.exe -> WmiPrvSE.exe Access=1000	
00004126	85.20416260	System	PAC: svchost.exe -> WmiPrvSE.exe Access=1000	
00004127	85.20426941	System	PAC: svchost.exe -> WmiPrvSE.exe Access=1000	
00004128	85.20537567	System	PAC: explorer.exe -> FangameTale-Wi Access=1000	
00004129	85.22227478	System	PAC: svchost.exe -> WmiPrvSE.exe Access=1000	
00004130	85.22229767	System	PAC: svchost.exe -> WmiPrvSE.exe Access=1000	
00004131	85.22243500	System	PAC: svchost.exe -> WmiPrvSE.exe Access=1000	
00004132	85.22247314	System	PAC: svchost.exe -> WmiPrvSE.exe Access=1000	
00004133	85.22254181	System	PAC: svchost.exe -> WmiPrvSE.exe Access=1000	
00004134	85.22267151	System	PAC: svchost.exe -> WmiPrvSE.exe Access=1000	
00004135	85.27196503	System	PAC: svchost.exe -> WmiPrvSE.exe Access=1000	
00004136	85.27200317	System	PAC: svchost.exe -> WmiPrvSE.exe Access=1000	
00004137	85.27222443	System	PAC: svchost.exe -> WmiPrvSE.exe Access=1000	
00004138	85.27226257	System	PAC: svchost.exe -> WmiPrvSE.exe Access=1000	
00004139	85.27232361	System	PAC: svchost.exe -> WmiPrvSE.exe Access=1000	
00004140	85.27238464	System	PAC: svchost.exe -> WmiPrvSE.exe Access=1000	
00004141	85.29533386	System	PAC: svchost.exe -> WmiPrvSE.exe Access=1000	
00004142	85.29535675	System	PAC: svchost.exe -> WmiPrvSE.exe Access=1000	
00004143	85.29543304	System	PAC: svchost.exe -> WmiPrvSE.exe Access=1000	
00004144	85.29546356	System	PAC: svchost.exe -> WmiPrvSE.exe Access=1000	
00004145	85.29551697	System	PAC: svchost.exe -> WmiPrvSE.exe Access=1000	
00004146	85.29557800	System	PAC: svchost.exe -> WmiPrvSE.exe Access=1000	
00004147	85.35550690	System	PAC: svchost.exe -> WmiPrvSE.exe Access=1000	
00004148	85.35553741	System	PAC: svchost.exe -> WmiPrvSE.exe Access=1000	
00004149	85.35560608	System	PAC: svchost.exe -> WmiPrvSE.exe Access=1000	
00004150	85.35564423	System	PAC: svchost.exe -> WmiPrvSE.exe Access=1000	
00004151	85.35570526	System	PAC: svchost.exe -> WmiPrvSE.exe Access=1000	
00004152	85.35576630	System	PAC: svchost.exe -> WmiPrvSE.exe Access=1000	
00004153	85.37089539	System	PAC: explorer.exe -> FangameTale-Wi Access=1000	
00004154	85.49008179	System	PAC: svchost.exe -> WmiPrvSE.exe Access=1000	
00004155	85.49085236	System	PAC: svchost.exe -> WmiPrvSE.exe Access=1000	
00004156	85.49096680	System	PAC: svchost.exe -> WmiPrvSE.exe Access=1000	
00004157	85.49100494	System	PAC: svchost.exe -> WmiPrvSE.exe Access=1000	
00004158	85.49107361	System	PAC: svchost.exe -> WmiPrvSE.exe Access=1000	
00004159	85.49112701	System	PAC: svchost.exe -> WmiPrvSE.exe Access=1000	
00004160	85.51469421	System	PAC: svchost.exe -> WmiPrvSE.exe Access=1000	
00004161	85.51471710	System	PAC: svchost.exe -> WmiPrvSE.exe Access=1000	
00004162	85.51495361	System	PAC: svchost.exe -> WmiPrvSE.exe Access=1000	
00004163	85.51499939	System	PAC: svchost.exe -> WmiPrvSE.exe Access=1000	
00004164	85.51506805	System	PAC: svchost.exe -> WmiPrvSE.exe Access=1000	
00004165	85.51511383	System	PAC: svchost.exe -> WmiPrvSE.exe Access=1000	
00004166	85.53977966	System	PAC: svchost.exe -> WmiPrvSE.exe Access=1000	
00004167	85.53981018	System	PAC: svchost.exe -> WmiPrvSE.exe Access=1000	
00004168	85.53987122	System	PAC: svchost.exe -> WmiPrvSE.exe Access=1000	
00004169	85.53990173	System	PAC: svchost.exe -> WmiPrvSE.exe Access=1000	
00004170	85.53996277	System	PAC: svchost.exe -> WmiPrvSE.exe Access=1000	
00004171	85.54001617	System	PAC: svchost.exe -> WmiPrvSE.exe Access=1000	
00004172	85.55109406	System	PAC: svchost.exe -> WmiPrvSE.exe Access=1000	
00004173	85.55111694	System	PAC: svchost.exe -> WmiPrvSE.exe Access=1000	
00004174	85.55126190	System	PAC: svchost.exe -> WmiPrvSE.exe Access=1000	
00004175	85.55129242	System	PAC: svchost.exe -> WmiPrvSE.exe Access=1000	
00004176	85.55136108	System	PAC: svchost.exe -> WmiPrvSE.exe Access=1000	
00004177	85.55141449	System	PAC: svchost.exe -> WmiPrvSE.exe Access=1000	
00004178	85.56608582	System	PAC: svchost.exe -> WmiPrvSE.exe Access=1000	
00004179	85.56610870	System	PAC: svchost.exe -> WmiPrvSE.exe Access=1000	
00004180	85.56616974	System	PAC: svchost.exe -> WmiPrvSE.exe Access=1000	
00004181	85.56620026	System	PAC: svchost.exe -> WmiPrvSE.exe Access=1000	
00004182	85.56626129	System	PAC: svchost.exe -> WmiPrvSE.exe Access=1000	
00004183	85.56661987	System	PAC: svchost.exe -> WmiPrvSE.exe Access=1000	
00004184	85.58345032	System	PAC: svchost.exe -> WmiPrvSE.exe Access=1000	
00004185	85.58354950	System	PAC: svchost.exe -> WmiPrvSE.exe Access=1000	
00004186	85.58362579	System	PAC: svchost.exe -> WmiPrvSE.exe Access=1000	
00004187	85.58366394	System	PAC: svchost.exe -> WmiPrvSE.exe Access=1000	
00004188	85.58373260	System	PAC: svchost.exe -> WmiPrvSE.exe Access=1000	
00004189	85.58382416	System	PAC: svchost.exe -> WmiPrvSE.exe Access=1000	
00004190	85.63095856	System	PAC: svchost.exe -> WmiPrvSE.exe Access=1000	
00004191	85.63098145	System	PAC: svchost.exe -> WmiPrvSE.exe Access=1000	
00004192	85.63105774	System	PAC: svchost.exe -> WmiPrvSE.exe Access=1000	
00004193	85.63109589	System	PAC: svchost.exe -> WmiPrvSE.exe Access=1000	
00004194	85.63124847	System	PAC: svchost.exe -> WmiPrvSE.exe Access=1000	
00004195	85.63131714	System	PAC: svchost.exe -> WmiPrvSE.exe Access=1000	
00004196	85.70186615	System	7854218750 - STORMINI: StorAHCI - LPM: Port 01 - Port Stopped	
00004197	85.70225525	System	7854218750 - STORMINI: StorAHCI - LPM: Port 01 - Port Started	
00004198	85.71469116	System	PAC: svchost.exe -> WmiPrvSE.exe Access=1000	
00004199	85.71472931	System	PAC: svchost.exe -> WmiPrvSE.exe Access=1000	
00004200	85.71485138	System	PAC: svchost.exe -> WmiPrvSE.exe Access=1000	
00004201	85.71490479	System	PAC: svchost.exe -> WmiPrvSE.exe Access=1000	
00004202	85.71562195	System	PAC: svchost.exe -> WmiPrvSE.exe Access=1000	
00004203	85.71569061	System	PAC: svchost.exe -> WmiPrvSE.exe Access=1000	
00004204	85.73539734	System	PAC: svchost.exe -> WmiPrvSE.exe Access=1000	
00004205	85.73549652	System	PAC: svchost.exe -> WmiPrvSE.exe Access=1000	
00004206	85.73557281	System	PAC: svchost.exe -> WmiPrvSE.exe Access=1000	
00004207	85.73561096	System	PAC: svchost.exe -> WmiPrvSE.exe Access=1000	
00004208	85.73579407	System	PAC: svchost.exe -> WmiPrvSE.exe Access=1000	
00004209	85.73596954	System	PAC: svchost.exe -> WmiPrvSE.exe Access=1000	
00004210	85.73633575	System	PAC: svchost.exe -> EpicWebHelper. Access=1FFFFF	
00004211	85.73675537	System	PAC: MsMpEng.exe -> EpicWebHelper. Access=1000	
00004212	85.73676300	System	PAC: MsMpEng.exe -> EpicWebHelper. Access=1000	
00004213	85.73677063	System	PAC: MsMpEng.exe -> EpicWebHelper. Access=101000	
00004214	85.73680878	System	PAC: MsMpEng.exe -> EpicWebHelper. Access=1000	
00004215	85.73701477	System	PAC: MsMpEng.exe -> EpicWebHelper. Access=101000	
00004216	85.74380493	System	PAC: MsMpEng.exe -> EpicWebHelper. Access=3600	
00004217	85.74441528	System	PAC: MsMpEng.exe -> EpicWebHelper. Access=1000	
00004218	85.74452209	System	PAC: FangameTale-Wi -> EpicWebHelper. Access=1FFFFF	
00004219	85.74478912	System	PAC: csrss.exe -> EpicWebHelper. Access=1FFFFF	
00004220	85.74591827	System	PAC: MsMpEng.exe -> FangameTale-Wi Access=1410	
00004221	85.74932098	System	PAC: FangameTale-Wi -> EpicWebHelper. Access=1FFFFF	
00004222	85.74955750	System	PAC: FangameTale-Wi -> EpicWebHelper. Access=1FFFFF	
00004223	85.74956512	System	PAC: FangameTale-Wi -> EpicWebHelper. Access=1FFFFF	
00004224	85.74956512	System	PAC: FangameTale-Wi -> EpicWebHelper. Access=1FFFFF	
00004225	85.74958038	System	PAC: FangameTale-Wi -> EpicWebHelper. Access=1FFFFF	
00004226	85.75000000	System	PAC: MsMpEng.exe -> EpicWebHelper. Access=1000	
00004227	85.75000763	System	PAC: MsMpEng.exe -> EpicWebHelper. Access=1000	
00004228	85.75300598	System	PAC: MsMpEng.exe -> EpicWebHelper. Access=1410	
00004229	85.79170990	System	PAC: MsMpEng.exe -> EpicWebHelper. Access=1410	
00004230	85.79373169	System	PAC: MsMpEng.exe -> EpicWebHelper. Access=1410	
00004231	85.83031464	System	PAC: MsMpEng.exe -> EpicWebHelper. Access=1410	
00004232	85.84437561	System	PAC: MsMpEng.exe -> EpicWebHelper. Access=1410	
00004233	85.85686493	System	PAC: FangameTale-Wi -> EpicWebHelper. Access=101451	
00004234	85.85696411	System	PAC: FangameTale-Wi -> EpicWebHelper. Access=1FFFFF	
00004235	85.85697174	System	PAC: FangameTale-Wi -> EpicWebHelper. Access=1FFFFF	
00004236	85.91880035	System	PAC: svchost.exe -> VBoxService.ex Access=1000	
00004237	85.91883087	System	PAC: svchost.exe -> VBoxService.ex Access=1000	
00004238	85.91891479	System	PAC: svchost.exe -> VBoxService.ex Access=1000	
00004239	85.98306274	System	PAC: svchost.exe -> svchost.exe Access=1000	
00004240	86.07552338	System	PAC: svchost.exe -> explorer.exe Access=1000	
00004241	86.07559204	System	PAC: svchost.exe -> svchost.exe Access=1000	
00004242	86.07559967	System	PAC: svchost.exe -> svchost.exe Access=1000	
00004243	86.07564545	System	PAC: svchost.exe -> RuntimeBroker. Access=1000	
00004244	86.07566071	System	PAC: svchost.exe -> explorer.exe Access=1000	
00004245	86.08279419	System	PAC: svchost.exe -> WmiPrvSE.exe Access=1000	
00004246	86.08282471	System	PAC: svchost.exe -> WmiPrvSE.exe Access=1000	
00004247	86.08290100	System	PAC: svchost.exe -> WmiPrvSE.exe Access=1000	
00004248	86.08293915	System	PAC: svchost.exe -> WmiPrvSE.exe Access=1000	
00004249	86.08299255	System	PAC: svchost.exe -> WmiPrvSE.exe Access=1000	
00004250	86.08304596	System	PAC: svchost.exe -> WmiPrvSE.exe Access=1000	
00004251	86.09548187	System	PAC: svchost.exe -> WmiPrvSE.exe Access=1000	
00004252	86.09549713	System	PAC: svchost.exe -> WmiPrvSE.exe Access=1000	
00004253	86.09556580	System	PAC: svchost.exe -> WmiPrvSE.exe Access=1000	
00004254	86.09559631	System	PAC: svchost.exe -> WmiPrvSE.exe Access=1000	
00004255	86.09565735	System	PAC: svchost.exe -> WmiPrvSE.exe Access=1000	
00004256	86.09571075	System	PAC: svchost.exe -> WmiPrvSE.exe Access=1000	
00004257	86.12020111	System	PAC: svchost.exe -> WmiPrvSE.exe Access=1000	
00004258	86.12023163	System	PAC: svchost.exe -> WmiPrvSE.exe Access=1000	
00004259	86.12030029	System	PAC: svchost.exe -> WmiPrvSE.exe Access=1000	
00004260	86.12033081	System	PAC: svchost.exe -> WmiPrvSE.exe Access=1000	
00004261	86.12039948	System	PAC: svchost.exe -> WmiPrvSE.exe Access=1000	
00004262	86.12050629	System	PAC: svchost.exe -> WmiPrvSE.exe Access=1000	
00004263	86.16393280	System	PAC: svchost.exe -> svchost.exe Access=40	
00004264	86.16403961	System	PAC: svchost.exe -> svchost.exe Access=1000	
00004265	86.16405487	System	PAC: svchost.exe -> svchost.exe Access=40	
00004266	86.20456696	System	7859375000 - STORMINI: StorAHCI - LPM: SystemIoBusNumber:0 Port:00 - IDLE	
00004267	86.26298523	System	PAC: svchost.exe -> svchost.exe Access=1000	
00004268	86.26370239	System	PAC: svchost.exe -> svchost.exe Access=1000	
00004269	86.26649475	System	PAC: svchost.exe -> svchost.exe Access=1000	
00004270	86.26725006	System	PAC: svchost.exe -> svchost.exe Access=1000	
00004271	86.27101898	System	PAC: svchost.exe -> svchost.exe Access=1000	
00004272	86.27141571	System	PAC: svchost.exe -> svchost.exe Access=1000	
00004273	86.27347565	System	PAC: svchost.exe -> svchost.exe Access=1000	
00004274	86.27410889	System	PAC: svchost.exe -> svchost.exe Access=1000	
00004275	86.27708435	System	PAC: svchost.exe -> svchost.exe Access=1000	
00004276	86.27748108	System	PAC: svchost.exe -> svchost.exe Access=1000	
00004277	86.28316498	System	PAC: svchost.exe -> svchost.exe Access=1000	
00004278	86.28379059	System	PAC: svchost.exe -> svchost.exe Access=1000	
00004279	86.28757477	System	PAC: svchost.exe -> svchost.exe Access=1000	
00004280	86.28829956	System	PAC: svchost.exe -> svchost.exe Access=1000	
00004281	86.29328156	System	PAC: svchost.exe -> svchost.exe Access=1000	
00004282	86.29367828	System	PAC: svchost.exe -> svchost.exe Access=1000	
00004283	86.29770660	System	PAC: svchost.exe -> svchost.exe Access=1000	
00004284	86.29853821	System	PAC: svchost.exe -> svchost.exe Access=1000	
00004285	86.30268097	System	PAC: svchost.exe -> svchost.exe Access=1000	
00004286	86.30313873	System	PAC: svchost.exe -> svchost.exe Access=1000	
00004287	86.30673218	System	PAC: svchost.exe -> svchost.exe Access=1000	
00004288	86.30758667	System	PAC: svchost.exe -> svchost.exe Access=1000	
00004289	86.31303406	System	PAC: svchost.exe -> svchost.exe Access=1000	
00004290	86.31342316	System	PAC: svchost.exe -> svchost.exe Access=1000	
00004291	86.31898499	System	PAC: svchost.exe -> svchost.exe Access=1000	
00004292	86.32019043	System	PAC: svchost.exe -> svchost.exe Access=1000	
00004293	86.37749481	System	PAC: svchost.exe -> svchost.exe Access=1000	
00004294	86.37806702	System	PAC: svchost.exe -> svchost.exe Access=1000	
00004295	86.38257599	System	PAC: svchost.exe -> svchost.exe Access=1000	
00004296	86.38302612	System	PAC: svchost.exe -> svchost.exe Access=1000	
00004297	86.39012146	System	7861093750 - STORMINI: StorAHCI - LPM: SystemIoBusNumber:0 Port:00 - ACTIVE	
00004298	86.39012146	System	7861093750 - STORMINI: StorAHCI - LPM: SystemIoBusNumber:0 Port:00 - Transit into Slumber from Partial - Canceled	
00004299	86.42594910	System	PAC: svchost.exe -> svchost.exe Access=1000	
00004300	86.42610931	System	PAC: svchost.exe -> svchost.exe Access=1000	
00004301	86.42623138	System	PAC: svchost.exe -> svchost.exe Access=1000	
00004302	86.42677307	System	PAC: svchost.exe -> svchost.exe Access=1000	
00004303	86.52698517	System	PAC: svchost.exe -> svchost.exe Access=1000	
00004304	86.52789307	System	PAC: svchost.exe -> svchost.exe Access=1000	
00004305	86.52838135	System	PAC: svchost.exe -> svchost.exe Access=1000	
00004306	86.52915955	System	PAC: svchost.exe -> svchost.exe Access=1000	
00004307	86.55164337	System	PAC: svchost.exe -> svchost.exe Access=1000	
00004308	86.55403900	System	PAC: svchost.exe -> svchost.exe Access=1000	
00004309	86.55631256	System	PAC: svchost.exe -> svchost.exe Access=1000	
00004310	86.55733490	System	PAC: svchost.exe -> svchost.exe Access=1000	
00004311	86.55908203	System	PAC: sihost.exe -> M365Copilot.ex Access=21410	
00004312	86.56195831	System	PAC: lsass.exe -> M365Copilot.ex Access=1000	
00004313	86.66305542	2368	[MultiModalUtils] Stopping wake word detection	
00004314	86.70259094	System	7864218750 - STORMINI: StorAHCI - LPM: Port 01 - Port Stopped	
00004315	86.70317078	System	7864218750 - STORMINI: StorAHCI - LPM: Port 01 - Port Started	
00004316	86.72132111	2368	[20:35:10.689] [SessionId: ] StopWakeWordDetection called with pause: 0	
00004317	86.72182465	2368	[20:35:10.822] [SessionId: ] MultiModal instance was already null during destroy	
00004318	86.78833008	2368	[20:35:10.822] [SessionId: ] MultiModal instance was already null during destroy	
00004319	86.91971588	System	PAC: svchost.exe -> VBoxService.ex Access=1000	
00004320	86.91975403	System	PAC: svchost.exe -> VBoxService.ex Access=1000	
00004321	86.92000580	System	PAC: svchost.exe -> VBoxService.ex Access=1000	
00004322	87.28271484	System	PAC: M365Copilot.ex -> explorer.exe Access=40	
00004323	87.28276062	System	PAC: M365Copilot.ex -> explorer.exe Access=40	
00004324	87.28318787	System	PAC: M365Copilot.ex -> explorer.exe Access=40	
00004325	87.28329468	System	PAC: M365Copilot.ex -> explorer.exe Access=40	
00004326	87.36985779	System	PAC: explorer.exe -> explorer.exe Access=1000	
00004327	87.40350342	System	7871250000 - STORMINI: StorAHCI - LPM: SystemIoBusNumber:0 Port:00 - IDLE	
00004328	87.45294189	System	7871718750 - STORMINI: StorAHCI - LPM: SystemIoBusNumber:0 Port:00 - ACTIVE	
00004329	87.45294189	System	7871718750 - STORMINI: StorAHCI - LPM: SystemIoBusNumber:0 Port:00 - Transit into Slumber from Partial - Canceled	
00004330	87.70009613	System	PAC: svchost.exe -> svchost.exe Access=1000	
00004331	87.70011902	System	PAC: svchost.exe -> svchost.exe Access=1000	
00004332	87.70016479	System	PAC: svchost.exe -> svchost.exe Access=1000	
00004333	87.70018005	System	PAC: svchost.exe -> svchost.exe Access=1000	
00004334	87.70019531	System	PAC: svchost.exe -> RuntimeBroker. Access=1000	
00004335	87.70026398	System	PAC: svchost.exe -> RuntimeBroker. Access=1000	
00004336	87.70030212	System	PAC: svchost.exe -> RuntimeBroker. Access=1000	
00004337	87.70030975	System	PAC: svchost.exe -> RuntimeBroker. Access=1000	
00004338	87.71652222	System	7874375000 - STORMINI: StorAHCI - LPM: Port 01 - Port Stopped	
00004339	87.71715546	System	7874375000 - STORMINI: StorAHCI - LPM: Port 01 - Port Started	
00004340	87.93436432	System	PAC: svchost.exe -> VBoxService.ex Access=1000	
00004341	87.93450928	System	PAC: svchost.exe -> VBoxService.ex Access=1000	
00004342	87.93485260	System	PAC: svchost.exe -> VBoxService.ex Access=1000	
00004343	88.46517181	System	PAC: msedgewebview2 -> msedgewebview2 Access=1FFFFF	
00004344	88.46535492	System	PAC: msedgewebview2 -> msedgewebview2 Access=1FFFFF	
00004345	88.46545410	System	PAC: msedgewebview2 -> msedgewebview2 Access=1000	
00004346	88.46687317	System	7881875000 - STORMINI: StorAHCI - LPM: SystemIoBusNumber:0 Port:00 - IDLE	
00004347	88.46941376	System	PAC: msedgewebview2 -> msedgewebview2 Access=1000	
00004348	88.47835541	System	7882031250 - STORMINI: StorAHCI - LPM: SystemIoBusNumber:0 Port:00 - ACTIVE	
00004349	88.47835541	System	7882031250 - STORMINI: StorAHCI - LPM: SystemIoBusNumber:0 Port:00 - Transit into Slumber from Partial - Canceled	
00004350	88.48124695	System	PAC: msedgewebview2 -> msedgewebview2 Access=1000	
00004351	88.49524689	System	PAC: msedgewebview2 -> msedgewebview2 Access=1000	
00004352	88.59699249	System	PAC: msedgewebview2 -> msedgewebview2 Access=101451	
00004353	88.61225128	System	PAC: msedgewebview2 -> msedgewebview2 Access=1000	
00004354	88.61515045	System	PAC: msedgewebview2 -> msedgewebview2 Access=1000	
00004355	88.61528778	System	PAC: msedgewebview2 -> msedgewebview2 Access=1000	
00004356	88.61539459	System	PAC: msedgewebview2 -> msedgewebview2 Access=1000	
00004357	88.61562347	System	PAC: msedgewebview2 -> msedgewebview2 Access=1000	
00004358	88.61575317	System	PAC: msedgewebview2 -> msedgewebview2 Access=1FFFFF	
00004359	88.61577606	System	PAC: msedgewebview2 -> msedgewebview2 Access=1000	
00004360	88.61628723	System	PAC: msedgewebview2 -> msedgewebview2 Access=1FFFFF	
00004361	88.61639404	System	PAC: msedgewebview2 -> msedgewebview2 Access=1000	
00004362	88.61659241	System	PAC: msedgewebview2 -> msedgewebview2 Access=1000	
00004363	88.61673737	System	PAC: msedgewebview2 -> msedgewebview2 Access=1000	
00004364	88.61695862	System	PAC: msedgewebview2 -> msedgewebview2 Access=1000	
00004365	88.62572479	System	PAC: msedgewebview2 -> msedgewebview2 Access=1000	
00004366	88.73051453	System	7884531250 - STORMINI: StorAHCI - LPM: Port 01 - Port Stopped	
00004367	88.73088837	System	7884531250 - STORMINI: StorAHCI - LPM: Port 01 - Port Started	
00004368	88.75475311	System	PAC: msedgewebview2 -> msedgewebview2 Access=1000	
00004369	88.84911346	System	PAC: svchost.exe -> svchost.exe Access=1000	
00004370	88.84912872	System	PAC: svchost.exe -> svchost.exe Access=1000	
00004371	88.84918976	System	PAC: svchost.exe -> svchost.exe Access=1000	
00004372	88.84919739	System	PAC: svchost.exe -> svchost.exe Access=1000	
00004373	88.84925842	System	PAC: svchost.exe -> RuntimeBroker. Access=1000	
00004374	88.84926605	System	PAC: svchost.exe -> RuntimeBroker. Access=1000	
00004375	88.84931946	System	PAC: svchost.exe -> RuntimeBroker. Access=1000	
00004376	88.84932709	System	PAC: svchost.exe -> RuntimeBroker. Access=1000	
00004377	88.88899994	System	PAC: svchost.exe -> sihost.exe Access=1014C0	
00004378	88.89582825	System	PAC: svchost.exe -> sihost.exe Access=1014C0	
00004379	88.90203094	System	PAC: svchost.exe -> SearchIndexer. Access=1000	
00004380	88.90299988	System	PAC: svchost.exe -> SearchIndexer. Access=1000	
00004381	88.90378571	System	PAC: svchost.exe -> SearchIndexer. Access=1000	
00004382	88.90397644	System	PAC: svchost.exe -> SearchIndexer. Access=1000	
00004383	88.90406036	System	PAC: svchost.exe -> SearchIndexer. Access=1000	
00004384	88.91850281	System	PAC: svchost.exe -> svchost.exe Access=101000	
00004385	88.91881561	System	PAC: svchost.exe -> svchost.exe Access=101000	
00004386	88.91889954	System	PAC: svchost.exe -> svchost.exe Access=101000	
00004387	88.94927979	System	PAC: svchost.exe -> VBoxService.ex Access=1000	
00004388	88.94931793	System	PAC: svchost.exe -> VBoxService.ex Access=1000	
00004389	88.94940948	System	PAC: svchost.exe -> VBoxService.ex Access=1000	
00004390	88.95162201	System	PAC: svchost.exe -> svchost.exe Access=101000	
00004391	88.95308685	System	PAC: svchost.exe -> svchost.exe Access=101000	
00004392	88.95323181	System	PAC: svchost.exe -> svchost.exe Access=101000	
00004393	88.96538544	System	PAC: svchost.exe -> svchost.exe Access=1000	
00004394	88.96547699	System	PAC: svchost.exe -> svchost.exe Access=1000	
00004395	88.96608734	System	PAC: svchost.exe -> svchost.exe Access=1000	
00004396	88.96674347	System	PAC: svchost.exe -> svchost.exe Access=1000	
00004397	88.96817017	System	PAC: svchost.exe -> svchost.exe Access=1000	
00004398	88.96926880	System	PAC: svchost.exe -> svchost.exe Access=1000	
00004399	88.96939850	System	PAC: svchost.exe -> svchost.exe Access=1000	
00004400	88.96995544	System	PAC: svchost.exe -> svchost.exe Access=1000	
00004401	88.97003174	System	PAC: svchost.exe -> svchost.exe Access=1000	
00004402	88.97095490	System	PAC: svchost.exe -> svchost.exe Access=1000	
00004403	88.97105408	System	PAC: svchost.exe -> svchost.exe Access=1000	
00004404	88.97134399	System	PAC: svchost.exe -> svchost.exe Access=1000	
00004405	88.97538757	System	PAC: svchost.exe -> svchost.exe Access=1000	
00004406	88.97551727	System	PAC: svchost.exe -> svchost.exe Access=1000	
00004407	88.97614288	System	PAC: svchost.exe -> svchost.exe Access=1000	
00004408	88.97624969	System	PAC: svchost.exe -> svchost.exe Access=1000	
00004409	88.97635651	System	PAC: svchost.exe -> svchost.exe Access=1000	
00004410	88.97642517	System	PAC: svchost.exe -> svchost.exe Access=1000	
00004411	88.97647095	System	PAC: svchost.exe -> svchost.exe Access=1000	
00004412	88.97650909	System	PAC: svchost.exe -> svchost.exe Access=1000	
00004413	88.97661591	System	PAC: svchost.exe -> svchost.exe Access=1000	
00004414	88.97683716	System	PAC: svchost.exe -> svchost.exe Access=1000	
00004415	88.97825623	System	PAC: svchost.exe -> svchost.exe Access=1000	
00004416	88.98015594	System	PAC: svchost.exe -> svchost.exe Access=1000	
00004417	88.98281860	System	PAC: svchost.exe -> svchost.exe Access=1000	
00004418	88.98445129	System	PAC: svchost.exe -> svchost.exe Access=1000	
00004419	88.98622131	System	PAC: svchost.exe -> svchost.exe Access=1000	
00004420	88.98758698	System	PAC: svchost.exe -> svchost.exe Access=1000	
00004421	88.98949432	System	PAC: svchost.exe -> svchost.exe Access=1000	
00004422	88.99140167	System	PAC: svchost.exe -> svchost.exe Access=1000	
00004423	88.99314880	System	PAC: svchost.exe -> svchost.exe Access=1000	
00004424	88.99507904	System	PAC: svchost.exe -> svchost.exe Access=1000	
00004425	89.00180054	System	PAC: svchost.exe -> svchost.exe Access=1000	
00004426	89.00189209	System	PAC: svchost.exe -> svchost.exe Access=1000	
00004427	89.00196838	System	PAC: svchost.exe -> svchost.exe Access=1000	
00004428	89.00211334	System	PAC: svchost.exe -> svchost.exe Access=1000	
00004429	89.00219727	System	PAC: svchost.exe -> svchost.exe Access=1000	
00004430	89.00225830	System	PAC: svchost.exe -> svchost.exe Access=1000	
00004431	89.00233459	System	PAC: svchost.exe -> svchost.exe Access=1000	
00004432	89.00265503	System	PAC: svchost.exe -> svchost.exe Access=1000	
00004433	89.00319672	System	PAC: svchost.exe -> svchost.exe Access=1000	
00004434	89.00370789	System	PAC: svchost.exe -> svchost.exe Access=1000	
00004435	89.02159882	System	PAC: svchost.exe -> svchost.exe Access=1000	
00004436	89.02161407	System	PAC: svchost.exe -> svchost.exe Access=1000	
00004437	89.02162170	System	PAC: svchost.exe -> svchost.exe Access=1000	
00004438	89.02799988	System	PAC: svchost.exe -> svchost.exe Access=1000	
00004439	89.02800751	System	PAC: svchost.exe -> svchost.exe Access=1000	
00004440	89.02830505	System	PAC: svchost.exe -> svchost.exe Access=1000	
00004441	89.02836609	System	PAC: svchost.exe -> svchost.exe Access=1000	
00004442	89.02853394	System	PAC: svchost.exe -> svchost.exe Access=1000	
00004443	89.02874756	System	PAC: svchost.exe -> svchost.exe Access=1000	
00004444	89.02875519	System	PAC: svchost.exe -> svchost.exe Access=1000	
00004445	89.02887726	System	PAC: svchost.exe -> svchost.exe Access=1000	
00004446	89.02907562	System	PAC: svchost.exe -> svchost.exe Access=1000	
00004447	89.02915192	System	PAC: svchost.exe -> svchost.exe Access=1000	
00004448	89.02917480	System	PAC: svchost.exe -> svchost.exe Access=1000	
00004449	89.02925110	System	PAC: svchost.exe -> svchost.exe Access=1000	
00004450	89.02941132	System	PAC: svchost.exe -> svchost.exe Access=1000	
00004451	89.02947998	System	PAC: svchost.exe -> svchost.exe Access=1000	
00004452	89.02970123	System	PAC: svchost.exe -> svchost.exe Access=1000	
00004453	89.02979279	System	PAC: svchost.exe -> svchost.exe Access=1000	
00004454	89.03006744	System	PAC: svchost.exe -> svchost.exe Access=1000	
00004455	89.03011322	System	PAC: svchost.exe -> svchost.exe Access=1000	
00004456	89.03016663	System	PAC: svchost.exe -> svchost.exe Access=1000	
00004457	89.03020477	System	PAC: svchost.exe -> svchost.exe Access=1000	
00004458	89.03023529	System	PAC: svchost.exe -> svchost.exe Access=1000	
00004459	89.03026581	System	PAC: svchost.exe -> svchost.exe Access=1000	
00004460	89.03029633	System	PAC: svchost.exe -> svchost.exe Access=1000	
00004461	89.03032684	System	PAC: svchost.exe -> svchost.exe Access=1000	
00004462	89.03036499	System	PAC: svchost.exe -> svchost.exe Access=1000	
00004463	89.03048706	System	PAC: svchost.exe -> svchost.exe Access=1000	
00004464	89.03054810	System	PAC: svchost.exe -> svchost.exe Access=1000	
00004465	89.03057861	System	PAC: svchost.exe -> svchost.exe Access=1000	
00004466	89.03071594	System	PAC: svchost.exe -> svchost.exe Access=1000	
00004467	89.03080750	System	PAC: svchost.exe -> svchost.exe Access=1000	
00004468	89.03112030	System	PAC: svchost.exe -> svchost.exe Access=1000	
00004469	89.03131866	System	PAC: svchost.exe -> svchost.exe Access=1000	
00004470	89.03144836	System	PAC: svchost.exe -> svchost.exe Access=1000	
00004471	89.03153992	System	PAC: svchost.exe -> svchost.exe Access=1000	
00004472	89.03163147	System	PAC: svchost.exe -> svchost.exe Access=1000	
00004473	89.03247833	System	PAC: svchost.exe -> svchost.exe Access=1000	
00004474	89.03257751	System	PAC: svchost.exe -> svchost.exe Access=1000	
00004475	89.03263855	System	PAC: svchost.exe -> svchost.exe Access=1000	
00004476	89.03272247	System	PAC: svchost.exe -> svchost.exe Access=1000	
00004477	89.03311920	System	PAC: svchost.exe -> svchost.exe Access=1000	
00004478	89.03330231	System	PAC: svchost.exe -> svchost.exe Access=1000	
00004479	89.03343201	System	PAC: svchost.exe -> svchost.exe Access=1000	
00004480	89.05188751	System	PAC: svchost.exe -> svchost.exe Access=1000	
00004481	89.05435944	System	PAC: svchost.exe -> svchost.exe Access=1000	
00004482	89.05602264	System	PAC: svchost.exe -> svchost.exe Access=1000	
00004483	89.05804443	System	PAC: svchost.exe -> svchost.exe Access=1000	
00004484	89.13896179	System	PAC: svchost.exe -> svchost.exe Access=1000	
00004485	89.19747925	System	PAC: svchost.exe -> svchost.exe Access=1000	
00004486	89.19749451	System	PAC: svchost.exe -> svchost.exe Access=40	
00004487	89.19847870	System	PAC: svchost.exe -> svchost.exe Access=1000	
00004488	89.19848633	System	PAC: svchost.exe -> svchost.exe Access=1000	
00004489	89.19855499	System	PAC: svchost.exe -> svchost.exe Access=1000	
00004490	89.19873047	System	PAC: svchost.exe -> svchost.exe Access=1000	
00004491	89.19880676	System	PAC: svchost.exe -> svchost.exe Access=1000	
00004492	89.19915009	System	PAC: svchost.exe -> StartMenuExper Access=1000	
00004493	89.19944000	System	PAC: svchost.exe -> explorer.exe Access=1000	
00004494	89.20040131	System	PAC: svchost.exe -> svchost.exe Access=1000	
00004495	89.20047760	System	PAC: svchost.exe -> explorer.exe Access=1000	
00004496	89.20407867	System	PAC: svchost.exe -> sihost.exe Access=1000	
00004497	89.20714569	System	PAC: svchost.exe -> sihost.exe Access=1000	
00004498	89.20820618	System	PAC: lsass.exe -> sihost.exe Access=1000	
00004499	89.20838928	System	PAC: lsass.exe -> sihost.exe Access=1000	
00004500	89.20858002	System	PAC: lsass.exe -> sihost.exe Access=1000	
00004501	89.20870972	System	PAC: lsass.exe -> sihost.exe Access=1000	
00004502	89.21134186	System	PAC: svchost.exe -> SearchIndexer. Access=1000	
00004503	89.21166992	System	PAC: svchost.exe -> svchost.exe Access=1000	
00004504	89.21234894	System	PAC: svchost.exe -> svchost.exe Access=1000	
00004505	89.21242523	System	PAC: svchost.exe -> SearchIndexer. Access=1000	
00004506	89.21437073	System	PAC: svchost.exe -> svchost.exe Access=1000	
00004507	89.21443939	System	PAC: sihost.exe -> sihost.exe Access=1000	
00004508	89.21445465	System	PAC: sihost.exe -> sihost.exe Access=1000	
00004509	89.21524811	System	PAC: svchost.exe -> SearchIndexer. Access=1000	
00004510	89.21546173	System	PAC: svchost.exe -> svchost.exe Access=1000	
00004511	89.21578217	System	PAC: svchost.exe -> svchost.exe Access=1000	
00004512	89.21644592	System	PAC: svchost.exe -> SearchIndexer. Access=1000	
00004513	89.21651459	System	PAC: svchost.exe -> SearchIndexer. Access=1000	
00004514	89.21999359	System	PAC: svchost.exe -> explorer.exe Access=1000	
00004515	89.22110748	System	PAC: svchost.exe -> explorer.exe Access=1000	
00004516	89.22216797	System	PAC: svchost.exe -> explorer.exe Access=1000	
00004517	89.22261047	System	PAC: svchost.exe -> explorer.exe Access=1000	
00004518	89.22319031	System	PAC: svchost.exe -> sihost.exe Access=1014C0	
00004519	89.22336578	System	PAC: svchost.exe -> explorer.exe Access=1000	
00004520	89.22522736	System	PAC: svchost.exe -> explorer.exe Access=1000	
00004521	89.22702789	System	PAC: svchost.exe -> sihost.exe Access=1410	
00004522	89.22803497	System	PAC: svchost.exe -> explorer.exe Access=1000	
00004523	89.22866821	System	PAC: svchost.exe -> explorer.exe Access=1000	
00004524	89.22875214	System	PAC: svchost.exe -> explorer.exe Access=1000	
00004525	89.22884369	System	PAC: svchost.exe -> StartMenuExper Access=1000	
00004526	89.23030090	System	PAC: svchost.exe -> svchost.exe Access=1000	
00004527	89.23034668	System	PAC: svchost.exe -> svchost.exe Access=1000	
00004528	89.23056793	System	PAC: svchost.exe -> explorer.exe Access=1000	
00004529	89.23123169	System	PAC: svchost.exe -> explorer.exe Access=1000	
00004530	89.23276520	System	PAC: MsMpEng.exe -> M365Copilot.ex Access=3600	
00004531	89.23347473	System	PAC: MsMpEng.exe -> M365Copilot.ex Access=1000	
00004532	89.23383331	System	PAC: svchost.exe -> M365Copilot.ex Access=1FFFFF	
00004533	89.23415375	System	PAC: svchost.exe -> explorer.exe Access=1000	
00004534	89.23536682	System	PAC: csrss.exe -> M365Copilot.ex Access=1FFFFF	
00004535	89.23547363	System	PAC: svchost.exe -> explorer.exe Access=1000	
00004536	89.23574829	System	PAC: svchost.exe -> M365Copilot.ex Access=1FFFFF	
00004537	89.23577118	System	PAC: svchost.exe -> M365Copilot.ex Access=1501	
00004538	89.23578644	System	PAC: svchost.exe -> explorer.exe Access=1000	
00004539	89.23675537	System	PAC: svchost.exe -> svchost.exe Access=1000	
00004540	89.23715210	System	PAC: svchost.exe -> explorer.exe Access=1000	
00004541	89.23822784	System	PAC: svchost.exe -> svchost.exe Access=1000	
00004542	89.23904419	System	PAC: svchost.exe -> explorer.exe Access=1000	
00004543	89.24044037	System	PAC: svchost.exe -> explorer.exe Access=1000	
00004544	89.24131775	System	PAC: svchost.exe -> explorer.exe Access=1000	
00004545	89.24272156	System	PAC: svchost.exe -> svchost.exe Access=1000	
00004546	89.24400330	System	PAC: svchost.exe -> explorer.exe Access=1000	
00004547	89.24406433	System	PAC: svchost.exe -> svchost.exe Access=1000	
00004548	89.24407959	System	PAC: svchost.exe -> svchost.exe Access=1000	
00004549	89.24414062	System	PAC: svchost.exe -> RuntimeBroker. Access=1000	
00004550	89.24416351	System	PAC: svchost.exe -> explorer.exe Access=1000	
00004551	89.24432373	System	PAC: svchost.exe -> explorer.exe Access=1000	
00004552	89.24701691	System	PAC: svchost.exe -> explorer.exe Access=1000	
00004553	89.24856567	System	PAC: svchost.exe -> explorer.exe Access=1000	
00004554	89.25075531	System	PAC: svchost.exe -> explorer.exe Access=1000	
00004555	89.25154877	System	PAC: svchost.exe -> explorer.exe Access=1000	
00004556	89.25188446	System	PAC: svchost.exe -> StartMenuExper Access=1000	
00004557	89.25290680	System	PAC: svchost.exe -> explorer.exe Access=1000	
00004558	89.25292969	System	PAC: svchost.exe -> explorer.exe Access=1000	
00004559	89.25297546	System	PAC: svchost.exe -> explorer.exe Access=1000	
00004560	89.25334930	System	PAC: svchost.exe -> explorer.exe Access=1000	
00004561	89.25429535	System	PAC: svchost.exe -> explorer.exe Access=1000	
00004562	89.25445557	System	PAC: svchost.exe -> StartMenuExper Access=1000	
00004563	89.25578308	System	PAC: svchost.exe -> explorer.exe Access=1000	
00004564	89.25582123	System	PAC: svchost.exe -> explorer.exe Access=1000	
00004565	89.25636292	System	PAC: svchost.exe -> explorer.exe Access=1000	
00004566	89.25701141	System	PAC: svchost.exe -> explorer.exe Access=1000	
00004567	89.25793457	System	PAC: svchost.exe -> explorer.exe Access=1000	
00004568	89.25870514	System	PAC: svchost.exe -> explorer.exe Access=1000	
00004569	89.25891876	System	PAC: svchost.exe -> StartMenuExper Access=1000	
00004570	89.25910187	System	PAC: svchost.exe -> explorer.exe Access=1000	
00004571	89.25956726	System	PAC: svchost.exe -> StartMenuExper Access=1000	
00004572	89.25971222	System	PAC: svchost.exe -> explorer.exe Access=1000	
00004573	89.25984192	System	PAC: svchost.exe -> StartMenuExper Access=1000	
00004574	89.26013947	System	PAC: svchost.exe -> explorer.exe Access=1000	
00004575	89.26082611	System	PAC: svchost.exe -> explorer.exe Access=1000	
00004576	89.26116943	System	PAC: svchost.exe -> explorer.exe Access=1000	
00004577	89.26207733	System	PAC: svchost.exe -> explorer.exe Access=1000	
00004578	89.26325989	System	PAC: svchost.exe -> explorer.exe Access=1000	
00004579	89.26357269	System	PAC: svchost.exe -> explorer.exe Access=1000	
00004580	89.26382446	System	PAC: svchost.exe -> explorer.exe Access=1000	
00004581	89.26444244	System	PAC: svchost.exe -> explorer.exe Access=1000	
00004582	89.26631927	System	PAC: svchost.exe -> explorer.exe Access=1000	
00004583	89.26660156	System	PAC: svchost.exe -> explorer.exe Access=1000	
00004584	89.26802826	System	PAC: svchost.exe -> explorer.exe Access=1000	
00004585	89.27073669	System	PAC: svchost.exe -> explorer.exe Access=1000	
00004586	89.27192688	System	PAC: svchost.exe -> explorer.exe Access=1000	
00004587	89.27219391	System	PAC: svchost.exe -> explorer.exe Access=1000	
00004588	89.27315521	System	PAC: svchost.exe -> explorer.exe Access=1000	
00004589	89.27323151	System	PAC: svchost.exe -> explorer.exe Access=1000	
00004590	89.27438354	System	PAC: svchost.exe -> explorer.exe Access=1000	
00004591	89.27470398	System	PAC: svchost.exe -> StartMenuExper Access=1000	
00004592	89.27501678	System	PAC: svchost.exe -> explorer.exe Access=1000	
00004593	89.27578735	System	PAC: svchost.exe -> explorer.exe Access=1000	
00004594	89.27716827	System	PAC: svchost.exe -> explorer.exe Access=1000	
00004595	89.27822876	System	PAC: svchost.exe -> explorer.exe Access=1000	
00004596	89.27979279	System	PAC: svchost.exe -> explorer.exe Access=1000	
00004597	89.28293610	System	PAC: svchost.exe -> explorer.exe Access=1000	
00004598	89.28312683	System	PAC: svchost.exe -> StartMenuExper Access=1000	
00004599	89.28519440	System	PAC: svchost.exe -> explorer.exe Access=1000	
00004600	89.28554535	System	PAC: svchost.exe -> svchost.exe Access=1000	
00004601	89.28559113	System	PAC: svchost.exe -> explorer.exe Access=1000	
00004602	89.28633118	System	PAC: svchost.exe -> explorer.exe Access=1000	
00004603	89.28675079	System	PAC: svchost.exe -> svchost.exe Access=1000	
00004604	89.28916168	System	PAC: svchost.exe -> explorer.exe Access=1000	
00004605	89.28974152	System	PAC: svchost.exe -> StartMenuExper Access=1000	
00004606	89.29003143	System	PAC: svchost.exe -> explorer.exe Access=1000	
00004607	89.29055023	System	PAC: svchost.exe -> explorer.exe Access=1000	
00004608	89.29172516	System	PAC: svchost.exe -> explorer.exe Access=1000	
00004609	89.29212952	System	PAC: svchost.exe -> explorer.exe Access=1000	
00004610	89.29251862	System	PAC: svchost.exe -> explorer.exe Access=1000	
00004611	89.29460144	System	PAC: svchost.exe -> explorer.exe Access=1000	
00004612	89.29603577	System	PAC: svchost.exe -> explorer.exe Access=1000	
00004613	89.29658508	System	PAC: svchost.exe -> svchost.exe Access=1000	
00004614	89.29682159	System	PAC: svchost.exe -> explorer.exe Access=1000	
00004615	89.29743195	System	PAC: svchost.exe -> explorer.exe Access=1000	
00004616	89.29756165	System	PAC: svchost.exe -> explorer.exe Access=1000	
00004617	89.29787445	System	PAC: svchost.exe -> explorer.exe Access=1000	
00004618	89.29958344	System	PAC: svchost.exe -> svchost.exe Access=1000	
00004619	89.29976654	System	PAC: svchost.exe -> explorer.exe Access=1000	
00004620	89.30036163	System	PAC: svchost.exe -> explorer.exe Access=1000	
00004621	89.30099487	System	PAC: svchost.exe -> explorer.exe Access=1000	
00004622	89.30108643	System	PAC: svchost.exe -> explorer.exe Access=1000	
00004623	89.30131531	System	PAC: svchost.exe -> svchost.exe Access=1000	
00004624	89.30203247	System	PAC: svchost.exe -> explorer.exe Access=1000	
00004625	89.30205536	System	PAC: svchost.exe -> svchost.exe Access=1000	
00004626	89.30239868	System	PAC: svchost.exe -> explorer.exe Access=1000	
00004627	89.30316162	System	PAC: svchost.exe -> explorer.exe Access=1000	
00004628	89.30316925	System	PAC: svchost.exe -> explorer.exe Access=1000	
00004629	89.30319977	System	PAC: svchost.exe -> svchost.exe Access=1000	
00004630	89.30361938	System	PAC: svchost.exe -> explorer.exe Access=1000	
00004631	89.30403137	System	PAC: svchost.exe -> explorer.exe Access=1000	
00004632	89.30437469	System	PAC: svchost.exe -> explorer.exe Access=1000	
00004633	89.30467987	System	PAC: svchost.exe -> explorer.exe Access=1000	
00004634	89.30528259	System	PAC: svchost.exe -> explorer.exe Access=1000	
00004635	89.30570984	System	PAC: svchost.exe -> explorer.exe Access=1000	
00004636	89.30576324	System	PAC: svchost.exe -> explorer.exe Access=1000	
00004637	89.30596161	System	PAC: svchost.exe -> explorer.exe Access=1000	
00004638	89.30629730	System	PAC: svchost.exe -> explorer.exe Access=1000	
00004639	89.30664825	System	PAC: svchost.exe -> explorer.exe Access=1000	
00004640	89.30736542	System	PAC: svchost.exe -> svchost.exe Access=1000	
00004641	89.30798340	System	PAC: svchost.exe -> explorer.exe Access=1000	
00004642	89.30802917	System	PAC: svchost.exe -> explorer.exe Access=1000	
00004643	89.30892181	System	PAC: svchost.exe -> explorer.exe Access=1000	
00004644	89.30997467	System	PAC: svchost.exe -> explorer.exe Access=1000	
00004645	89.31039429	System	PAC: svchost.exe -> explorer.exe Access=1000	
00004646	89.31053925	System	PAC: svchost.exe -> explorer.exe Access=1000	
00004647	89.31092834	System	PAC: svchost.exe -> explorer.exe Access=1000	
00004648	89.31118774	System	PAC: svchost.exe -> explorer.exe Access=1000	
00004649	89.31159973	System	PAC: svchost.exe -> explorer.exe Access=1000	
00004650	89.31265259	System	PAC: svchost.exe -> explorer.exe Access=1000	
00004651	89.31295776	System	PAC: svchost.exe -> explorer.exe Access=1000	
00004652	89.31303406	System	PAC: svchost.exe -> explorer.exe Access=1000	
00004653	89.31359100	System	PAC: svchost.exe -> explorer.exe Access=1000	
00004654	89.31359100	System	PAC: svchost.exe -> explorer.exe Access=1000	
00004655	89.31385040	System	PAC: svchost.exe -> explorer.exe Access=1000	
00004656	89.31408691	System	PAC: svchost.exe -> explorer.exe Access=1000	
00004657	89.31446075	System	PAC: svchost.exe -> explorer.exe Access=1000	
00004658	89.31484222	System	PAC: svchost.exe -> explorer.exe Access=1000	
00004659	89.31533813	System	PAC: svchost.exe -> explorer.exe Access=1000	
00004660	89.31631470	System	PAC: svchost.exe -> explorer.exe Access=1000	
00004661	89.31666565	System	PAC: svchost.exe -> explorer.exe Access=1000	
00004662	89.31690979	System	PAC: svchost.exe -> explorer.exe Access=1000	
00004663	89.31716156	System	PAC: svchost.exe -> explorer.exe Access=1000	
00004664	89.31758118	System	PAC: svchost.exe -> explorer.exe Access=1000	
00004665	89.31784821	System	PAC: svchost.exe -> explorer.exe Access=1000	
00004666	89.31808472	System	PAC: svchost.exe -> explorer.exe Access=1000	
00004667	89.31856537	System	PAC: svchost.exe -> explorer.exe Access=1000	
00004668	89.31884003	System	PAC: svchost.exe -> explorer.exe Access=1000	
00004669	89.31914520	System	PAC: svchost.exe -> explorer.exe Access=1000	
00004670	89.31938171	System	PAC: svchost.exe -> explorer.exe Access=1000	
00004671	89.31985474	System	PAC: svchost.exe -> explorer.exe Access=1000	
00004672	89.32021332	System	PAC: svchost.exe -> explorer.exe Access=1000	
00004673	89.32069397	System	PAC: svchost.exe -> explorer.exe Access=1000	
00004674	89.32117462	System	PAC: svchost.exe -> explorer.exe Access=1000	
00004675	89.32118988	System	PAC: svchost.exe -> explorer.exe Access=1000	
00004676	89.32119751	System	PAC: svchost.exe -> explorer.exe Access=1000	
00004677	89.32119751	System	PAC: svchost.exe -> explorer.exe Access=1000	
00004678	89.32120514	System	PAC: svchost.exe -> explorer.exe Access=1000	
00004679	89.32121277	System	PAC: svchost.exe -> explorer.exe Access=1000	
00004680	89.32121277	System	PAC: svchost.exe -> explorer.exe Access=1000	
00004681	89.32121277	System	PAC: svchost.exe -> explorer.exe Access=1000	
00004682	89.32122040	System	PAC: svchost.exe -> explorer.exe Access=1000	
00004683	89.32122040	System	PAC: svchost.exe -> explorer.exe Access=1000	
00004684	89.32126617	System	PAC: svchost.exe -> explorer.exe Access=1000	
00004685	89.32127380	System	PAC: svchost.exe -> explorer.exe Access=1000	
00004686	89.32128143	System	PAC: svchost.exe -> explorer.exe Access=1000	
00004687	89.32128143	System	PAC: svchost.exe -> explorer.exe Access=1000	
00004688	89.32128906	System	PAC: svchost.exe -> explorer.exe Access=1000	
00004689	89.32128906	System	PAC: svchost.exe -> explorer.exe Access=1000	
00004690	89.32129669	System	PAC: svchost.exe -> explorer.exe Access=1000	
00004691	89.32129669	System	PAC: svchost.exe -> explorer.exe Access=1000	
00004692	89.32131195	System	PAC: svchost.exe -> explorer.exe Access=1000	
00004693	89.32131958	System	PAC: svchost.exe -> explorer.exe Access=1000	
00004694	89.32139587	System	PAC: svchost.exe -> explorer.exe Access=1000	
00004695	89.32140350	System	PAC: svchost.exe -> explorer.exe Access=1000	
00004696	89.32141113	System	PAC: svchost.exe -> explorer.exe Access=1000	
00004697	89.32141113	System	PAC: svchost.exe -> explorer.exe Access=1000	
00004698	89.32141113	System	PAC: svchost.exe -> explorer.exe Access=1000	
00004699	89.32141876	System	PAC: svchost.exe -> explorer.exe Access=1000	
00004700	89.32142639	System	PAC: svchost.exe -> explorer.exe Access=1000	
00004701	89.32142639	System	PAC: svchost.exe -> explorer.exe Access=1000	
00004702	89.32143402	System	PAC: svchost.exe -> explorer.exe Access=1000	
00004703	89.32144165	System	PAC: svchost.exe -> explorer.exe Access=1000	
00004704	89.32144165	System	PAC: svchost.exe -> explorer.exe Access=1000	
00004705	89.32144928	System	PAC: svchost.exe -> explorer.exe Access=1000	
00004706	89.32144928	System	PAC: svchost.exe -> explorer.exe Access=1000	
00004707	89.32144928	System	PAC: svchost.exe -> explorer.exe Access=1000	
00004708	89.32145691	System	PAC: svchost.exe -> explorer.exe Access=1000	
00004709	89.32145691	System	PAC: svchost.exe -> explorer.exe Access=1000	
00004710	89.32146454	System	PAC: svchost.exe -> explorer.exe Access=1000	
00004711	89.32147217	System	PAC: svchost.exe -> explorer.exe Access=1000	
00004712	89.32147217	System	PAC: svchost.exe -> explorer.exe Access=1000	
00004713	89.32147980	System	PAC: svchost.exe -> explorer.exe Access=1000	
00004714	89.32147980	System	PAC: svchost.exe -> explorer.exe Access=1000	
00004715	89.32148743	System	PAC: svchost.exe -> explorer.exe Access=1000	
00004716	89.32148743	System	PAC: svchost.exe -> explorer.exe Access=1000	
00004717	89.32148743	System	PAC: svchost.exe -> explorer.exe Access=1000	
00004718	89.32149506	System	PAC: svchost.exe -> explorer.exe Access=1000	
00004719	89.32151031	System	PAC: svchost.exe -> explorer.exe Access=1000	
00004720	89.32151031	System	PAC: svchost.exe -> explorer.exe Access=1000	
00004721	89.32151794	System	PAC: svchost.exe -> explorer.exe Access=1000	
00004722	89.32152557	System	PAC: svchost.exe -> explorer.exe Access=1000	
00004723	89.32152557	System	PAC: svchost.exe -> explorer.exe Access=1000	
00004724	89.32153320	System	PAC: svchost.exe -> explorer.exe Access=1000	
00004725	89.32153320	System	PAC: svchost.exe -> explorer.exe Access=1000	
00004726	89.32153320	System	PAC: svchost.exe -> explorer.exe Access=1000	
00004727	89.32154083	System	PAC: svchost.exe -> explorer.exe Access=1000	
00004728	89.32154083	System	PAC: svchost.exe -> explorer.exe Access=1000	
00004729	89.32154846	System	PAC: svchost.exe -> explorer.exe Access=1000	
00004730	89.32155609	System	PAC: svchost.exe -> explorer.exe Access=1000	
00004731	89.32166290	System	PAC: svchost.exe -> explorer.exe Access=1000	
00004732	89.32168579	System	PAC: svchost.exe -> explorer.exe Access=1000	
00004733	89.32168579	System	PAC: svchost.exe -> explorer.exe Access=1000	
00004734	89.32169342	System	PAC: svchost.exe -> explorer.exe Access=1000	
00004735	89.32170105	System	PAC: svchost.exe -> explorer.exe Access=1000	
00004736	89.32170105	System	PAC: svchost.exe -> explorer.exe Access=1000	
00004737	89.32170868	System	PAC: svchost.exe -> explorer.exe Access=1000	
00004738	89.32171631	System	PAC: svchost.exe -> explorer.exe Access=1000	
00004739	89.32171631	System	PAC: svchost.exe -> explorer.exe Access=1000	
00004740	89.32172394	System	PAC: svchost.exe -> explorer.exe Access=1000	
00004741	89.32172394	System	PAC: svchost.exe -> explorer.exe Access=1000	
00004742	89.32173157	System	PAC: svchost.exe -> explorer.exe Access=1000	
00004743	89.32173157	System	PAC: svchost.exe -> explorer.exe Access=1000	
00004744	89.32173157	System	PAC: svchost.exe -> explorer.exe Access=1000	
00004745	89.32173920	System	PAC: svchost.exe -> explorer.exe Access=1000	
00004746	89.32174683	System	PAC: svchost.exe -> explorer.exe Access=1000	
00004747	89.32182312	System	PAC: svchost.exe -> explorer.exe Access=1000	
00004748	89.32183075	System	PAC: svchost.exe -> explorer.exe Access=1000	
00004749	89.32183075	System	PAC: svchost.exe -> explorer.exe Access=1000	
00004750	89.32183838	System	PAC: svchost.exe -> explorer.exe Access=1000	
00004751	89.32184601	System	PAC: svchost.exe -> explorer.exe Access=1000	
00004752	89.32184601	System	PAC: svchost.exe -> explorer.exe Access=1000	
00004753	89.32184601	System	PAC: svchost.exe -> explorer.exe Access=1000	
00004754	89.32191467	System	PAC: svchost.exe -> explorer.exe Access=1000	
00004755	89.32192230	System	PAC: svchost.exe -> explorer.exe Access=1000	
00004756	89.32192993	System	PAC: svchost.exe -> explorer.exe Access=1000	
00004757	89.32192993	System	PAC: svchost.exe -> explorer.exe Access=1000	
00004758	89.32192993	System	PAC: svchost.exe -> explorer.exe Access=1000	
00004759	89.32193756	System	PAC: svchost.exe -> explorer.exe Access=1000	
00004760	89.32193756	System	PAC: svchost.exe -> explorer.exe Access=1000	
00004761	89.32194519	System	PAC: svchost.exe -> explorer.exe Access=1000	
00004762	89.32195282	System	PAC: svchost.exe -> explorer.exe Access=1000	
00004763	89.32205963	System	PAC: svchost.exe -> explorer.exe Access=1000	
00004764	89.32207489	System	PAC: svchost.exe -> explorer.exe Access=1000	
00004765	89.32208252	System	PAC: svchost.exe -> explorer.exe Access=1000	
00004766	89.32209015	System	PAC: svchost.exe -> explorer.exe Access=1000	
00004767	89.32209015	System	PAC: svchost.exe -> explorer.exe Access=1000	
00004768	89.32209015	System	PAC: svchost.exe -> explorer.exe Access=1000	
00004769	89.32209778	System	PAC: svchost.exe -> explorer.exe Access=1000	
00004770	89.32209778	System	PAC: svchost.exe -> explorer.exe Access=1000	
00004771	89.32210541	System	PAC: svchost.exe -> explorer.exe Access=1000	
00004772	89.32210541	System	PAC: svchost.exe -> explorer.exe Access=1000	
00004773	89.32211304	System	PAC: svchost.exe -> explorer.exe Access=1000	
00004774	89.32212067	System	PAC: svchost.exe -> explorer.exe Access=1000	
00004775	89.32350159	System	PAC: svchost.exe -> explorer.exe Access=1000	
00004776	89.32700348	System	PAC: svchost.exe -> M365Copilot.ex Access=1101	
00004777	89.32855225	System	PAC: svchost.exe -> sihost.exe Access=1440	
00004778	89.32860565	System	PAC: svchost.exe -> M365Copilot.ex Access=1FFFFF	
00004779	89.32862091	System	PAC: svchost.exe -> M365Copilot.ex Access=1000	
00004780	89.32933044	System	PAC: svchost.exe -> M365Copilot.ex Access=1FFFFF	
00004781	89.32936859	System	PAC: sihost.exe -> M365Copilot.ex Access=1FFFFF	
00004782	89.33094788	System	PAC: csrss.exe -> M365Copilot.ex Access=1FFFFF	
00004783	89.33785248	System	PAC: svchost.exe -> explorer.exe Access=1000	
00004784	89.33786011	System	PAC: svchost.exe -> explorer.exe Access=1000	
00004785	89.33786774	System	PAC: svchost.exe -> explorer.exe Access=1000	
00004786	89.33786774	System	PAC: svchost.exe -> explorer.exe Access=1000	
00004787	89.33787537	System	PAC: svchost.exe -> explorer.exe Access=1000	
00004788	89.33787537	System	PAC: svchost.exe -> explorer.exe Access=1000	
00004789	89.33788300	System	PAC: svchost.exe -> explorer.exe Access=1000	
00004790	89.33788300	System	PAC: svchost.exe -> explorer.exe Access=1000	
00004791	89.33789062	System	PAC: svchost.exe -> explorer.exe Access=1000	
00004792	89.33789062	System	PAC: svchost.exe -> explorer.exe Access=1000	
00004793	89.33789062	System	PAC: svchost.exe -> explorer.exe Access=1000	
00004794	89.33789062	System	PAC: svchost.exe -> explorer.exe Access=1000	
00004795	89.33789825	System	PAC: svchost.exe -> explorer.exe Access=1000	
00004796	89.33789825	System	PAC: svchost.exe -> explorer.exe Access=1000	
00004797	89.33789825	System	PAC: svchost.exe -> explorer.exe Access=1000	
00004798	89.33790588	System	PAC: svchost.exe -> explorer.exe Access=1000	
00004799	89.33790588	System	PAC: svchost.exe -> explorer.exe Access=1000	
00004800	89.33791351	System	PAC: svchost.exe -> explorer.exe Access=1000	
00004801	89.33791351	System	PAC: svchost.exe -> explorer.exe Access=1000	
00004802	89.33792114	System	PAC: svchost.exe -> explorer.exe Access=1000	
00004803	89.33792114	System	PAC: svchost.exe -> explorer.exe Access=1000	
00004804	89.33792877	System	PAC: svchost.exe -> explorer.exe Access=1000	
00004805	89.33792877	System	PAC: svchost.exe -> explorer.exe Access=1000	
00004806	89.33793640	System	PAC: svchost.exe -> explorer.exe Access=1000	
00004807	89.33793640	System	PAC: svchost.exe -> explorer.exe Access=1000	
00004808	89.33793640	System	PAC: svchost.exe -> explorer.exe Access=1000	
00004809	89.33793640	System	PAC: svchost.exe -> explorer.exe Access=1000	
00004810	89.33793640	System	PAC: svchost.exe -> explorer.exe Access=1000	
00004811	89.33794403	System	PAC: svchost.exe -> explorer.exe Access=1000	
00004812	89.33794403	System	PAC: svchost.exe -> explorer.exe Access=1000	
00004813	89.33795166	System	PAC: svchost.exe -> explorer.exe Access=1000	
00004814	89.33795166	System	PAC: svchost.exe -> explorer.exe Access=1000	
00004815	89.33795929	System	PAC: svchost.exe -> explorer.exe Access=1000	
00004816	89.33795929	System	PAC: svchost.exe -> explorer.exe Access=1000	
00004817	89.33796692	System	PAC: svchost.exe -> explorer.exe Access=1000	
00004818	89.33796692	System	PAC: svchost.exe -> explorer.exe Access=1000	
00004819	89.33797455	System	PAC: svchost.exe -> explorer.exe Access=1000	
00004820	89.33797455	System	PAC: svchost.exe -> explorer.exe Access=1000	
00004821	89.33797455	System	PAC: svchost.exe -> explorer.exe Access=1000	
00004822	89.33797455	System	PAC: svchost.exe -> explorer.exe Access=1000	
00004823	89.33797455	System	PAC: svchost.exe -> explorer.exe Access=1000	
00004824	89.33798218	System	PAC: svchost.exe -> explorer.exe Access=1000	
00004825	89.33798218	System	PAC: svchost.exe -> explorer.exe Access=1000	
00004826	89.33798981	System	PAC: svchost.exe -> explorer.exe Access=1000	
00004827	89.33798981	System	PAC: svchost.exe -> explorer.exe Access=1000	
00004828	89.33799744	System	PAC: svchost.exe -> explorer.exe Access=1000	
00004829	89.33799744	System	PAC: svchost.exe -> explorer.exe Access=1000	
00004830	89.33800507	System	PAC: svchost.exe -> explorer.exe Access=1000	
00004831	89.33800507	System	PAC: svchost.exe -> explorer.exe Access=1000	
00004832	89.33800507	System	PAC: svchost.exe -> explorer.exe Access=1000	
00004833	89.33801270	System	PAC: svchost.exe -> explorer.exe Access=1000	
00004834	89.33801270	System	PAC: svchost.exe -> explorer.exe Access=1000	
00004835	89.33801270	System	PAC: svchost.exe -> explorer.exe Access=1000	
00004836	89.33801270	System	PAC: svchost.exe -> explorer.exe Access=1000	
00004837	89.33802032	System	PAC: svchost.exe -> explorer.exe Access=1000	
00004838	89.33802032	System	PAC: svchost.exe -> explorer.exe Access=1000	
00004839	89.33802795	System	PAC: svchost.exe -> explorer.exe Access=1000	
00004840	89.33802795	System	PAC: svchost.exe -> explorer.exe Access=1000	
00004841	89.33803558	System	PAC: svchost.exe -> explorer.exe Access=1000	
00004842	89.33803558	System	PAC: svchost.exe -> explorer.exe Access=1000	
00004843	89.33803558	System	PAC: svchost.exe -> explorer.exe Access=1000	
00004844	89.33804321	System	PAC: svchost.exe -> explorer.exe Access=1000	
00004845	89.33804321	System	PAC: svchost.exe -> explorer.exe Access=1000	
00004846	89.33805084	System	PAC: svchost.exe -> explorer.exe Access=1000	
00004847	89.33805084	System	PAC: svchost.exe -> explorer.exe Access=1000	
00004848	89.33805084	System	PAC: svchost.exe -> explorer.exe Access=1000	
00004849	89.33805084	System	PAC: svchost.exe -> explorer.exe Access=1000	
00004850	89.33805847	System	PAC: svchost.exe -> explorer.exe Access=1000	
00004851	89.33805847	System	PAC: svchost.exe -> explorer.exe Access=1000	
00004852	89.33806610	System	PAC: svchost.exe -> explorer.exe Access=1000	
00004853	89.33806610	System	PAC: svchost.exe -> explorer.exe Access=1000	
00004854	89.33807373	System	PAC: svchost.exe -> explorer.exe Access=1000	
00004855	89.33807373	System	PAC: svchost.exe -> explorer.exe Access=1000	
00004856	89.33807373	System	PAC: svchost.exe -> explorer.exe Access=1000	
00004857	89.33808136	System	PAC: svchost.exe -> explorer.exe Access=1000	
00004858	89.33808136	System	PAC: svchost.exe -> explorer.exe Access=1000	
00004859	89.33808899	System	PAC: svchost.exe -> explorer.exe Access=1000	
00004860	89.33808899	System	PAC: svchost.exe -> explorer.exe Access=1000	
00004861	89.33808899	System	PAC: svchost.exe -> explorer.exe Access=1000	
00004862	89.33808899	System	PAC: svchost.exe -> explorer.exe Access=1000	
00004863	89.33809662	System	PAC: svchost.exe -> explorer.exe Access=1000	
00004864	89.33809662	System	PAC: svchost.exe -> explorer.exe Access=1000	
00004865	89.33810425	System	PAC: svchost.exe -> explorer.exe Access=1000	
00004866	89.33810425	System	PAC: svchost.exe -> explorer.exe Access=1000	
00004867	89.33811188	System	PAC: svchost.exe -> explorer.exe Access=1000	
00004868	89.33811188	System	PAC: svchost.exe -> explorer.exe Access=1000	
00004869	89.33811951	System	PAC: svchost.exe -> explorer.exe Access=1000	
00004870	89.33812714	System	PAC: svchost.exe -> explorer.exe Access=1000	
00004871	89.33813477	System	PAC: svchost.exe -> explorer.exe Access=1000	
00004872	89.33813477	System	PAC: svchost.exe -> explorer.exe Access=1000	
00004873	89.33814240	System	PAC: svchost.exe -> explorer.exe Access=1000	
00004874	89.33814240	System	PAC: svchost.exe -> explorer.exe Access=1000	
00004875	89.33815002	System	PAC: svchost.exe -> explorer.exe Access=1000	
00004876	89.33815765	System	PAC: svchost.exe -> explorer.exe Access=1000	
00004877	89.33816528	System	PAC: svchost.exe -> explorer.exe Access=1000	
00004878	89.33816528	System	PAC: svchost.exe -> explorer.exe Access=1000	
00004879	89.33817291	System	PAC: svchost.exe -> explorer.exe Access=1000	
00004880	89.33817291	System	PAC: svchost.exe -> explorer.exe Access=1000	
00004881	89.33817291	System	PAC: svchost.exe -> explorer.exe Access=1000	
00004882	89.33818054	System	PAC: svchost.exe -> explorer.exe Access=1000	
00004883	89.33818817	System	PAC: svchost.exe -> explorer.exe Access=1000	
00004884	89.33830261	System	PAC: svchost.exe -> explorer.exe Access=1000	
00004885	89.33896637	System	PAC: svchost.exe -> explorer.exe Access=1000	
00004886	89.33898163	System	PAC: svchost.exe -> explorer.exe Access=1000	
00004887	89.33899689	System	PAC: svchost.exe -> explorer.exe Access=1000	
00004888	89.33900452	System	PAC: svchost.exe -> explorer.exe Access=1000	
00004889	89.34031677	System	PAC: svchost.exe -> explorer.exe Access=1000	
00004890	89.34032440	System	PAC: svchost.exe -> explorer.exe Access=1000	
00004891	89.34032440	System	PAC: svchost.exe -> explorer.exe Access=1000	
00004892	89.34040833	System	PAC: svchost.exe -> explorer.exe Access=1000	
00004893	89.41630554	System	PAC: svchost.exe -> M365Copilot.ex Access=1000	
00004894	89.41632843	System	PAC: svchost.exe -> M365Copilot.ex Access=100000	
00004895	89.42121124	System	PAC: svchost.exe -> M365Copilot.ex Access=1000	
00004896	89.42270660	System	PAC: svchost.exe -> M365Copilot.ex Access=1000	
00004897	89.42470551	System	PAC: svchost.exe -> M365Copilot.ex Access=1000	
00004898	89.42629242	System	PAC: svchost.exe -> M365Copilot.ex Access=1000	
00004899	89.43865967	System	PAC: lsass.exe -> M365Copilot.ex Access=1000	
00004900	89.46433258	System	PAC: SearchIndexer. -> M365Copilot.ex Access=1000	
00004901	89.46537781	System	PAC: SearchIndexer. -> M365Copilot.ex Access=1000	
00004902	89.46730804	System	PAC: SearchIndexer. -> M365Copilot.ex Access=1000	
00004903	89.47607422	System	PAC: svchost.exe -> M365Copilot.ex Access=1478	
00004904	89.47628784	System	PAC: svchost.exe -> M365Copilot.ex Access=1400	
00004905	89.48155212	System	PAC: MsMpEng.exe -> msedgewebview2 Access=1000	
00004906	89.48157501	System	PAC: MsMpEng.exe -> msedgewebview2 Access=1000	
00004907	89.48158264	System	PAC: MsMpEng.exe -> msedgewebview2 Access=1000	
00004908	89.48158264	System	PAC: MsMpEng.exe -> msedgewebview2 Access=101000	
00004909	89.48161316	System	7892031250 - STORMINI: StorAHCI - LPM: SystemIoBusNumber:0 Port:00 - IDLE	
00004910	89.48163605	System	PAC: MsMpEng.exe -> msedgewebview2 Access=1000	
00004911	89.48165131	System	PAC: MsMpEng.exe -> msedgewebview2 Access=1000	
00004912	89.48165131	System	PAC: MsMpEng.exe -> msedgewebview2 Access=1000	
00004913	89.48182678	System	PAC: MsMpEng.exe -> svchost.exe Access=1000	
00004914	89.48182678	System	PAC: MsMpEng.exe -> svchost.exe Access=1000	
00004915	89.48184204	System	PAC: MsMpEng.exe -> svchost.exe Access=1000	
00004916	89.49714661	System	PAC: M365Copilot.ex -> FangameTale-Wi Access=1000	
00004917	89.50833130	System	PAC: sihost.exe -> M365Copilot.ex Access=101000	
00004918	89.50833893	System	PAC: sihost.exe -> M365Copilot.ex Access=1000	
00004919	89.50839233	System	PAC: sihost.exe -> M365Copilot.ex Access=101000	
00004920	89.50839996	System	PAC: sihost.exe -> M365Copilot.ex Access=1000	
00004921	89.50843048	System	PAC: sihost.exe -> M365Copilot.ex Access=101000	
00004922	89.50843048	System	PAC: sihost.exe -> M365Copilot.ex Access=1000	
00004923	89.50874329	System	PAC: M365Copilot.ex -> M365Copilot.ex Access=1000	
00004924	89.50928497	System	PAC: sihost.exe -> M365Copilot.ex Access=101000	
00004925	89.50929260	System	PAC: sihost.exe -> M365Copilot.ex Access=1000	
00004926	89.50932312	System	PAC: sihost.exe -> M365Copilot.ex Access=101000	
00004927	89.50933075	System	PAC: sihost.exe -> M365Copilot.ex Access=1000	
00004928	89.52143097	System	PAC: svchost.exe -> M365Copilot.ex Access=101000	
00004929	89.52547455	System	PAC: SearchIndexer. -> M365Copilot.ex Access=1000	
00004930	89.52559662	System	PAC: SearchIndexer. -> M365Copilot.ex Access=1000	
00004931	89.52570343	System	PAC: svchost.exe -> M365Copilot.ex Access=101000	
00004932	89.52684784	System	PAC: SearchIndexer. -> M365Copilot.ex Access=1000	
00004933	89.52905273	System	PAC: svchost.exe -> M365Copilot.ex Access=101000	
00004934	89.53054047	System	PAC: lsass.exe -> M365Copilot.ex Access=1000	
00004935	89.53056335	System	PAC: lsass.exe -> M365Copilot.ex Access=1478	
00004936	89.53768921	System	PAC: M365Copilot.ex -> M365Copilot.ex Access=1400	
00004937	89.53787231	System	PAC: M365Copilot.ex -> M365Copilot.ex Access=1400	
00004938	89.54444885	System	7892656250 - STORMINI: StorAHCI - LPM: SystemIoBusNumber:0 Port:00 - ACTIVE	
00004939	89.54445648	System	7892656250 - STORMINI: StorAHCI - LPM: SystemIoBusNumber:0 Port:00 - Transit into Slumber from Partial - Canceled	
00004940	89.55838013	System	PAC: SearchIndexer. -> M365Copilot.ex Access=1000	
00004941	89.55857086	System	PAC: SearchIndexer. -> M365Copilot.ex Access=1000	
00004942	89.56039429	System	PAC: SearchIndexer. -> M365Copilot.ex Access=1000	
00004943	89.57801056	System	PAC: svchost.exe -> M365Copilot.ex Access=101000	
00004944	89.58174133	System	PAC: svchost.exe -> M365Copilot.ex Access=101000	
00004945	89.58329010	System	PAC: svchost.exe -> M365Copilot.ex Access=101000	
00004946	89.58547211	9104	[ConsumerHandoffRouter] App.cpp checkpoint, launchInfo.type=Normal	
00004947	89.58586121	9104	[ConsumerHandoffRouter] EvaluateAndRouteForBoot ENTRY	
00004948	89.58602142	9104	[ConsumerHandoffRouter] gateOn=false	
00004949	89.58833313	9104	[ConsumerHandoffRouter] activeAccount type=None, otherCached count=0, allTypes=, hasLoginName=false	
00004950	89.58969879	9104	[ConsumerHandoffRouter] decision=stay, reason=gate off	
00004951	89.59482574	System	PAC: M365Copilot.ex -> M365Copilot.ex Access=1000	
00004952	89.59635925	System	PAC: RuntimeBroker. -> M365Copilot.ex Access=1000	
00004953	89.59892273	System	PAC: sihost.exe -> M365Copilot.ex Access=101000	
00004954	89.59893036	System	PAC: sihost.exe -> M365Copilot.ex Access=1000	
00004955	89.60183716	System	PAC: explorer.exe -> M365Copilot.ex Access=1000	
00004956	89.60239410	System	PAC: RuntimeBroker. -> M365Copilot.ex Access=1000	
00004957	89.60517883	System	PAC: svchost.exe -> M365Copilot.ex Access=101000	
00004958	89.60518646	System	PAC: svchost.exe -> M365Copilot.ex Access=101000	
00004959	89.60519409	System	PAC: svchost.exe -> M365Copilot.ex Access=1000	
00004960	89.60519409	System	PAC: svchost.exe -> M365Copilot.ex Access=1000	
00004961	89.60559845	System	PAC: explorer.exe -> explorer.exe Access=1000	
00004962	89.60566711	System	PAC: explorer.exe -> explorer.exe Access=1000	
00004963	89.60594177	System	PAC: svchost.exe -> svchost.exe Access=1000	
00004964	89.60594940	System	PAC: svchost.exe -> svchost.exe Access=40	
00004965	89.60599518	System	PAC: svchost.exe -> svchost.exe Access=1000	
00004966	89.60600281	System	PAC: svchost.exe -> svchost.exe Access=40	
00004967	89.60649872	System	PAC: explorer.exe -> FangameTale-Wi Access=1000	
00004968	89.60654449	System	PAC: explorer.exe -> Dbgview.exe Access=1000	
00004969	89.60656738	System	PAC: explorer.exe -> explorer.exe Access=1000	
00004970	89.60659027	System	PAC: explorer.exe -> cmd.exe Access=1000	
00004971	89.60662079	System	PAC: explorer.exe -> explorer.exe Access=1000	
00004972	89.60665131	System	PAC: explorer.exe -> explorer.exe Access=1000	
00004973	89.60666656	System	PAC: explorer.exe -> explorer.exe Access=1000	
00004974	89.60668945	System	PAC: explorer.exe -> explorer.exe Access=1000	
00004975	89.60737610	System	PAC: explorer.exe -> M365Copilot.ex Access=1000	
00004976	89.60975647	System	PAC: services.exe -> svchost.exe Access=1FFFFF	
00004977	89.60977936	System	PAC: MsMpEng.exe -> svchost.exe Access=1000	
00004978	89.60990906	System	PAC: csrss.exe -> svchost.exe Access=1FFFFF	
00004979	89.61009216	System	PAC: svchost.exe -> svchost.exe Access=1101	
00004980	89.61051178	System	PAC: svchost.exe -> svchost.exe Access=1000	
00004981	89.61079407	System	PAC: svchost.exe -> svchost.exe Access=1000	
00004982	89.61090088	System	PAC: MsMpEng.exe -> services.exe Access=1000	
00004983	89.61398315	System	PAC: svchost.exe -> M365Copilot.ex Access=1000	
00004984	89.61451721	System	PAC: svchost.exe -> M365Copilot.ex Access=1000	
00004985	89.61611176	System	PAC: csrss.exe -> svchost.exe Access=1FFFFF	
00004986	89.62216187	System	PAC: svchost.exe -> M365Copilot.ex Access=101000	
00004987	89.62217712	System	PAC: svchost.exe -> M365Copilot.ex Access=1000	
00004988	89.62245178	System	PAC: svchost.exe -> svchost.exe Access=1000	
00004989	89.62245941	System	PAC: svchost.exe -> svchost.exe Access=40	
00004990	89.62253571	System	PAC: svchost.exe -> M365Copilot.ex Access=101000	
00004991	89.62255096	System	PAC: svchost.exe -> M365Copilot.ex Access=1000	
00004992	89.62265778	System	PAC: svchost.exe -> svchost.exe Access=1000	
00004993	89.62266541	System	PAC: svchost.exe -> svchost.exe Access=40	
00004994	89.62533569	System	PAC: svchost.exe -> M365Copilot.ex Access=101000	
00004995	89.62535095	System	PAC: svchost.exe -> M365Copilot.ex Access=1000	
00004996	89.62609100	System	PAC: svchost.exe -> M365Copilot.ex Access=101000	
00004997	89.62611389	System	PAC: svchost.exe -> M365Copilot.ex Access=1000	
00004998	89.62628937	System	PAC: svchost.exe -> svchost.exe Access=1000	
00004999	89.62640381	System	PAC: svchost.exe -> svchost.exe Access=40	
00005000	89.62641144	System	PAC: svchost.exe -> svchost.exe Access=1000	
00005001	89.62641907	System	PAC: svchost.exe -> svchost.exe Access=40	
00005002	89.62808228	System	PAC: svchost.exe -> svchost.exe Access=1000	
00005003	89.62810516	System	PAC: svchost.exe -> svchost.exe Access=1000	
00005004	89.63571167	System	PAC: svchost.exe -> M365Copilot.ex Access=101000	
00005005	89.63572693	System	PAC: svchost.exe -> M365Copilot.ex Access=1000	
00005006	89.63589478	System	PAC: svchost.exe -> M365Copilot.ex Access=101000	
00005007	89.63591003	System	PAC: svchost.exe -> M365Copilot.ex Access=1000	
00005008	89.63607025	System	PAC: svchost.exe -> svchost.exe Access=1000	
00005009	89.63607788	System	PAC: svchost.exe -> svchost.exe Access=40	
00005010	89.63616180	System	PAC: svchost.exe -> svchost.exe Access=1000	
00005011	89.63616943	System	PAC: svchost.exe -> svchost.exe Access=40	
00005012	89.64025116	System	PAC: svchost.exe -> svchost.exe Access=1000	
00005013	89.64025879	System	PAC: svchost.exe -> svchost.exe Access=100000	
00005014	89.64308167	System	PAC: services.exe -> svchost.exe Access=1000	
00005015	89.64315033	System	PAC: services.exe -> svchost.exe Access=1000	
00005016	89.64348602	System	PAC: services.exe -> svchost.exe Access=1FFFFF	
00005017	89.64411926	System	PAC: services.exe -> svchost.exe Access=1000	
00005018	89.64421082	System	PAC: svchost.exe -> M365Copilot.ex Access=1000	
00005019	89.64431000	System	PAC: svchost.exe -> M365Copilot.ex Access=101000	
00005020	89.64431000	System	PAC: svchost.exe -> M365Copilot.ex Access=1000	
00005021	89.64431763	System	PAC: svchost.exe -> M365Copilot.ex Access=1000	
00005022	89.64434814	System	PAC: svchost.exe -> M365Copilot.ex Access=101000	
00005023	89.64435577	System	PAC: svchost.exe -> M365Copilot.ex Access=1000	
00005024	89.64897156	System	PAC: svchost.exe -> M365Copilot.ex Access=1000	
00005025	89.64903259	System	PAC: svchost.exe -> M365Copilot.ex Access=1000	
00005026	89.65277100	System	PAC: svchost.exe -> M365Copilot.ex Access=101000	
00005027	89.65278625	System	PAC: svchost.exe -> M365Copilot.ex Access=1000	
00005028	89.65290070	System	PAC: svchost.exe -> M365Copilot.ex Access=101000	
00005029	89.65291595	System	PAC: svchost.exe -> M365Copilot.ex Access=1000	
00005030	89.65334320	System	PAC: svchost.exe -> svchost.exe Access=1000	
00005031	89.65335083	System	PAC: svchost.exe -> svchost.exe Access=40	
00005032	89.65342712	System	PAC: svchost.exe -> svchost.exe Access=1000	
00005033	89.65343475	System	PAC: svchost.exe -> svchost.exe Access=40	
00005034	89.65454865	System	PAC: svchost.exe -> M365Copilot.ex Access=101000	
00005035	89.65455627	System	PAC: svchost.exe -> M365Copilot.ex Access=1000	
00005036	89.65483093	System	PAC: svchost.exe -> M365Copilot.ex Access=101000	
00005037	89.65483093	System	PAC: svchost.exe -> svchost.exe Access=1000	
00005038	89.65483856	System	PAC: svchost.exe -> svchost.exe Access=40	
00005039	89.65483856	System	PAC: svchost.exe -> M365Copilot.ex Access=1000	
00005040	89.65544128	System	PAC: svchost.exe -> svchost.exe Access=1000	
00005041	89.65544891	System	PAC: svchost.exe -> svchost.exe Access=40	
00005042	89.65681458	System	PAC: svchost.exe -> svchost.exe Access=1000	
00005043	89.65692902	System	PAC: services.exe -> svchost.exe Access=1FFFFF	
00005044	89.65776062	System	PAC: svchost.exe -> M365Copilot.ex Access=101000	
00005045	89.65777588	System	PAC: svchost.exe -> M365Copilot.ex Access=1000	
00005046	89.65797424	System	PAC: svchost.exe -> svchost.exe Access=1000	
00005047	89.65797424	System	PAC: svchost.exe -> svchost.exe Access=40	
00005048	89.66227722	System	PAC: svchost.exe -> M365Copilot.ex Access=1000	
00005049	89.66230774	System	PAC: svchost.exe -> M365Copilot.ex Access=101000	
00005050	89.66238403	System	PAC: svchost.exe -> M365Copilot.ex Access=1000	
00005051	89.67485809	System	PAC: svchost.exe -> M365Copilot.ex Access=1000	
00005052	89.67488098	System	PAC: svchost.exe -> M365Copilot.ex Access=101000	
00005053	89.67495728	System	PAC: svchost.exe -> M365Copilot.ex Access=1000	
00005054	89.68479156	System	PAC: M365Copilot.ex -> M365Copilot.ex Access=1000	
00005055	89.69812775	System	PAC: explorer.exe -> M365Copilot.ex Access=1000	
00005056	89.70861053	System	PAC: ctfmon.exe -> M365Copilot.ex Access=1000	
00005057	89.71410370	System	PAC: ctfmon.exe -> M365Copilot.ex Access=1000	
00005058	89.73377228	System	7894531250 - STORMINI: StorAHCI - LPM: Port 01 - Port Stopped	
00005059	89.73447418	System	7894531250 - STORMINI: StorAHCI - LPM: Port 01 - Port Started	
00005060	89.73509979	System	PAC: explorer.exe -> M365Copilot.ex Access=1000	
00005061	89.74150085	System	PAC: SearchIndexer. -> M365Copilot.ex Access=1000	
00005062	89.74185944	System	PAC: SearchIndexer. -> M365Copilot.ex Access=1000	
00005063	89.74333954	System	PAC: SearchIndexer. -> M365Copilot.ex Access=1000	
00005064	89.74805450	System	PAC: MsMpEng.exe -> M365Copilot.ex Access=101000	
00005065	89.76676178	System	PAC: svchost.exe -> M365Copilot.ex Access=1000	
00005066	89.76703644	System	PAC: svchost.exe -> M365Copilot.ex Access=1000	
00005067	89.84671783	System	PAC: explorer.exe -> explorer.exe Access=1000	
00005068	89.84674835	System	PAC: explorer.exe -> explorer.exe Access=1000	
00005069	89.84676361	System	PAC: explorer.exe -> FangameTale-Wi Access=1000	
00005070	89.84677887	System	PAC: explorer.exe -> Dbgview.exe Access=1000	
00005071	89.84679413	System	PAC: explorer.exe -> explorer.exe Access=1000	
00005072	89.85295105	System	PAC: explorer.exe -> cmd.exe Access=1000	
00005073	89.85865021	System	PAC: explorer.exe -> explorer.exe Access=1000	
00005074	89.86180115	System	PAC: explorer.exe -> explorer.exe Access=1000	
00005075	89.86545563	System	PAC: explorer.exe -> explorer.exe Access=1000	
00005076	89.86562347	System	PAC: explorer.exe -> explorer.exe Access=1000	
00005077	89.86574554	System	PAC: explorer.exe -> M365Copilot.ex Access=1000	
00005078	89.91808319	System	PAC: svchost.exe -> M365Copilot.ex Access=40	
00005079	89.91835785	System	PAC: svchost.exe -> M365Copilot.ex Access=40	
00005080	89.93261719	System	PAC: svchost.exe -> M365Copilot.ex Access=40	
00005081	89.93438721	System	PAC: svchost.exe -> M365Copilot.ex Access=40	
00005082	89.95205688	System	PAC: svchost.exe -> VBoxService.ex Access=1000	
00005083	89.95209503	System	PAC: svchost.exe -> VBoxService.ex Access=1000	
00005084	89.95268250	System	PAC: svchost.exe -> VBoxService.ex Access=1000	
00005085	89.96576691	System	PAC: M365Copilot.ex -> M365Copilot.ex Access=1000	
00005086	89.98976898	System	PAC: svchost.exe -> explorer.exe Access=2000	
00005087	90.02416992	System	PAC: explorer.exe -> explorer.exe Access=1410	
00005088	90.02417755	System	PAC: explorer.exe -> explorer.exe Access=1000	
00005089	90.02980042	System	PAC: svchost.exe -> explorer.exe Access=2000	
00005090	90.04208374	System	PAC: ctfmon.exe -> explorer.exe Access=1000	
00005091	90.05477142	System	PAC: M365Copilot.ex -> M365Copilot.ex Access=1000	
00005092	90.08179474	System	PAC: svchost.exe -> M365Copilot.ex Access=1000	
00005093	90.12028503	System	PAC: explorer.exe -> M365Copilot.ex Access=1000	
00005094	90.19537354	System	PAC: explorer.exe -> explorer.exe Access=1000	
00005095	90.19960022	System	PAC: explorer.exe -> explorer.exe Access=1000	
00005096	90.20534515	System	PAC: explorer.exe -> FangameTale-Wi Access=1000	
00005097	90.21101379	System	PAC: explorer.exe -> Dbgview.exe Access=1000	
00005098	90.21635437	System	PAC: explorer.exe -> explorer.exe Access=1000	
00005099	90.23056793	System	PAC: explorer.exe -> cmd.exe Access=1000	
00005100	90.24110413	System	PAC: explorer.exe -> explorer.exe Access=1000	
00005101	90.25348663	System	PAC: explorer.exe -> explorer.exe Access=1000	
00005102	90.26004791	System	PAC: explorer.exe -> explorer.exe Access=1000	
00005103	90.26893616	System	PAC: explorer.exe -> explorer.exe Access=1000	
00005104	90.28437805	System	PAC: svchost.exe -> explorer.exe Access=2000	
00005105	90.28453827	System	PAC: explorer.exe -> M365Copilot.ex Access=1000	
00005106	90.30501556	System	PAC: explorer.exe -> explorer.exe Access=1000	
00005107	90.31467438	System	PAC: explorer.exe -> explorer.exe Access=1000	
00005108	90.32054901	System	PAC: explorer.exe -> explorer.exe Access=1000	
00005109	90.32723999	System	PAC: explorer.exe -> FangameTale-Wi Access=1000	
00005110	90.33075714	System	PAC: svchost.exe -> M365Copilot.ex Access=101000	
00005111	90.33077240	System	PAC: svchost.exe -> M365Copilot.ex Access=1000	
00005112	90.33087158	System	PAC: svchost.exe -> M365Copilot.ex Access=101000	
00005113	90.33088684	System	PAC: svchost.exe -> M365Copilot.ex Access=1000	
00005114	90.33142853	System	PAC: svchost.exe -> svchost.exe Access=1000	
00005115	90.33149719	System	PAC: svchost.exe -> svchost.exe Access=40	
00005116	90.33150482	System	PAC: svchost.exe -> svchost.exe Access=1000	
00005117	90.33152008	System	PAC: svchost.exe -> svchost.exe Access=40	
00005118	90.33413696	System	PAC: explorer.exe -> Dbgview.exe Access=1000	
00005119	90.33570862	System	PAC: ctfmon.exe -> explorer.exe Access=1000	
00005120	90.34068298	System	PAC: svchost.exe -> M365Copilot.ex Access=1000	
00005121	90.34078979	System	PAC: svchost.exe -> M365Copilot.ex Access=1000	
00005122	90.34187317	System	PAC: explorer.exe -> explorer.exe Access=1000	
00005123	90.34351349	System	PAC: svchost.exe -> M365Copilot.ex Access=101000	
00005124	90.34352875	System	PAC: svchost.exe -> M365Copilot.ex Access=1000	
00005125	90.34395599	System	PAC: svchost.exe -> svchost.exe Access=1000	
00005126	90.34396362	System	PAC: svchost.exe -> svchost.exe Access=40	
00005127	90.34407043	System	PAC: svchost.exe -> M365Copilot.ex Access=101000	
00005128	90.34408569	System	PAC: svchost.exe -> M365Copilot.ex Access=1000	
00005129	90.34420013	System	PAC: svchost.exe -> svchost.exe Access=1000	
00005130	90.34420776	System	PAC: svchost.exe -> svchost.exe Access=40	
00005131	90.34568024	System	PAC: M365Copilot.ex -> explorer.exe Access=40	
00005132	90.34569550	System	PAC: M365Copilot.ex -> explorer.exe Access=40	
00005133	90.34571838	System	PAC: svchost.exe -> M365Copilot.ex Access=101000	
00005134	90.34573364	System	PAC: svchost.exe -> M365Copilot.ex Access=1000	
00005135	90.34583282	System	PAC: svchost.exe -> M365Copilot.ex Access=101000	
00005136	90.34584808	System	PAC: svchost.exe -> M365Copilot.ex Access=1000	
00005137	90.34587860	System	PAC: svchost.exe -> svchost.exe Access=1000	
00005138	90.34587860	System	PAC: svchost.exe -> svchost.exe Access=40	
00005139	90.34603882	System	PAC: svchost.exe -> svchost.exe Access=1000	
00005140	90.34603882	System	PAC: svchost.exe -> svchost.exe Access=40	
00005141	90.34877777	System	PAC: svchost.exe -> M365Copilot.ex Access=101000	
00005142	90.34878540	System	PAC: svchost.exe -> M365Copilot.ex Access=1000	
00005143	90.34889221	System	PAC: svchost.exe -> svchost.exe Access=1000	
00005144	90.34898376	System	PAC: svchost.exe -> svchost.exe Access=40	
00005145	90.34948730	System	PAC: svchost.exe -> M365Copilot.ex Access=101000	
00005146	90.34949493	System	PAC: svchost.exe -> M365Copilot.ex Access=1000	
00005147	90.34966278	System	PAC: explorer.exe -> cmd.exe Access=1000	
00005148	90.34967804	System	PAC: svchost.exe -> svchost.exe Access=1000	
00005149	90.34968567	System	PAC: svchost.exe -> svchost.exe Access=40	
00005150	90.35009003	System	PAC: M365Copilot.ex -> explorer.exe Access=40	
00005151	90.35378265	System	PAC: M365Copilot.ex -> explorer.exe Access=40	
00005152	90.35381317	System	PAC: M365Copilot.ex -> explorer.exe Access=40	
00005153	90.35699463	System	PAC: svchost.exe -> M365Copilot.ex Access=1000	
00005154	90.35702515	System	PAC: svchost.exe -> M365Copilot.ex Access=101000	
00005155	90.35703278	System	PAC: svchost.exe -> M365Copilot.ex Access=1000	
00005156	90.35763550	System	PAC: svchost.exe -> M365Copilot.ex Access=101000	
00005157	90.35770416	System	PAC: svchost.exe -> M365Copilot.ex Access=1000	
00005158	90.35786438	System	PAC: svchost.exe -> svchost.exe Access=1000	
00005159	90.35787201	System	PAC: svchost.exe -> svchost.exe Access=40	
00005160	90.35895538	System	PAC: explorer.exe -> explorer.exe Access=1000	
00005161	90.35906982	System	PAC: M365Copilot.ex -> explorer.exe Access=40	
00005162	90.36085510	System	PAC: svchost.exe -> M365Copilot.ex Access=1000	
00005163	90.36128998	System	PAC: M365Copilot.ex -> explorer.exe Access=40	
00005164	90.36498260	System	PAC: svchost.exe -> M365Copilot.ex Access=1000	
00005165	90.36820984	System	PAC: svchost.exe -> M365Copilot.ex Access=101000	
00005166	90.36822510	System	PAC: svchost.exe -> M365Copilot.ex Access=1000	
00005167	90.36863708	System	PAC: svchost.exe -> svchost.exe Access=1000	
00005168	90.36863708	System	PAC: svchost.exe -> svchost.exe Access=40	
00005169	90.36944580	System	PAC: explorer.exe -> explorer.exe Access=1000	
00005170	90.36986542	System	PAC: svchost.exe -> M365Copilot.ex Access=101000	
00005171	90.36987305	System	PAC: svchost.exe -> M365Copilot.ex Access=1000	
00005172	90.37023926	System	PAC: svchost.exe -> svchost.exe Access=1000	
00005173	90.37023926	System	PAC: svchost.exe -> svchost.exe Access=40	
00005174	90.37039185	System	PAC: svchost.exe -> M365Copilot.ex Access=101000	
00005175	90.37040710	System	PAC: svchost.exe -> M365Copilot.ex Access=1000	
00005176	90.37079620	System	PAC: svchost.exe -> svchost.exe Access=1000	
00005177	90.37080383	System	PAC: svchost.exe -> svchost.exe Access=40	
00005178	90.37591553	System	PAC: svchost.exe -> M365Copilot.ex Access=101000	
00005179	90.37593079	System	PAC: svchost.exe -> M365Copilot.ex Access=1000	
00005180	90.37612915	System	PAC: svchost.exe -> svchost.exe Access=1000	
00005181	90.37613678	System	PAC: svchost.exe -> svchost.exe Access=40	
00005182	90.38185883	System	PAC: svchost.exe -> M365Copilot.ex Access=101000	
00005183	90.38187408	System	PAC: svchost.exe -> M365Copilot.ex Access=1000	
00005184	90.38200378	System	PAC: svchost.exe -> svchost.exe Access=1000	
00005185	90.38201141	System	PAC: svchost.exe -> svchost.exe Access=40	
00005186	90.38592529	System	PAC: explorer.exe -> explorer.exe Access=1000	
00005187	90.39092255	System	PAC: svchost.exe -> M365Copilot.ex Access=1000	
00005188	90.39095306	System	PAC: svchost.exe -> M365Copilot.ex Access=101000	
00005189	90.39096069	System	PAC: svchost.exe -> M365Copilot.ex Access=1000	
00005190	90.40109253	System	PAC: explorer.exe -> explorer.exe Access=1000	
00005191	90.41843414	System	PAC: explorer.exe -> explorer.exe Access=1000	
00005192	90.50200653	System	PAC: explorer.exe -> explorer.exe Access=2000	
00005193	90.50208282	System	PAC: explorer.exe -> TextInputHost. Access=2000	
00005194	90.50208282	System	PAC: explorer.exe -> SearchApp.exe Access=2000	
00005195	90.50208282	System	PAC: explorer.exe -> StartMenuExper Access=2000	
00005196	90.50209045	System	PAC: explorer.exe -> FangameTale-Wi Access=2000	
00005197	90.51457214	System	PAC: MsMpEng.exe -> M365Copilot.ex Access=1000	
00005198	90.51475525	System	PAC: MsMpEng.exe -> M365Copilot.ex Access=1000	
00005199	90.51488495	System	PAC: MsMpEng.exe -> M365Copilot.ex Access=101000	
00005200	90.51499176	System	PAC: MsMpEng.exe -> M365Copilot.ex Access=1000	
00005201	90.51500702	System	PAC: MsMpEng.exe -> M365Copilot.ex Access=1000	
00005202	90.55959320	System	7902812500 - STORMINI: StorAHCI - LPM: SystemIoBusNumber:0 Port:00 - IDLE	
00005203	90.56944275	System	PAC: explorer.exe -> explorer.exe Access=1000	
00005204	90.57551575	System	PAC: explorer.exe -> explorer.exe Access=1000	
00005205	90.58161926	System	PAC: explorer.exe -> explorer.exe Access=1000	
00005206	90.58819580	System	PAC: explorer.exe -> FangameTale-Wi Access=1000	
00005207	90.59397888	System	PAC: explorer.exe -> Dbgview.exe Access=1000	
00005208	90.59504700	System	PAC: lsass.exe -> M365Copilot.ex Access=1000	
00005209	90.59951782	System	PAC: explorer.exe -> explorer.exe Access=1000	
00005210	90.60484314	System	PAC: MsMpEng.exe -> msedgewebview2 Access=1000	
00005211	90.60488129	System	PAC: M365Copilot.ex -> msedgewebview2 Access=1FFFFF	
00005212	90.60533905	System	PAC: csrss.exe -> msedgewebview2 Access=1FFFFF	
00005213	90.60919952	System	PAC: explorer.exe -> cmd.exe Access=1000	
00005214	90.61978149	System	PAC: explorer.exe -> explorer.exe Access=1000	
00005215	90.62548065	System	PAC: lsass.exe -> msedgewebview2 Access=1000	
00005216	90.62663269	System	PAC: msedgewebview2 -> msedgewebview2 Access=1F3FFF	
00005217	90.62712860	System	PAC: explorer.exe -> explorer.exe Access=1000	
00005218	90.63106537	System	PAC: MsMpEng.exe -> msedgewebview2 Access=1000	
00005219	90.63133240	System	PAC: msedgewebview2 -> msedgewebview2 Access=1FFFFF	
00005220	90.63175964	System	PAC: csrss.exe -> msedgewebview2 Access=1FFFFF	
00005221	90.63803864	System	PAC: explorer.exe -> explorer.exe Access=1000	
00005222	90.64335632	System	PAC: explorer.exe -> explorer.exe Access=1000	
00005223	90.64436340	System	PAC: msedgewebview2 -> msedgewebview2 Access=1451	
00005224	90.64440918	System	PAC: msedgewebview2 -> msedgewebview2 Access=1F3FFF	
00005225	90.65116119	System	PAC: explorer.exe -> M365Copilot.ex Access=1000	
00005226	90.66822052	System	PAC: svchost.exe -> msedgewebview2 Access=1478	
00005227	90.66949463	System	PAC: svchost.exe -> msedgewebview2 Access=1400	
00005228	90.72589874	System	PAC: svchost.exe -> msedgewebview2 Access=1478	
00005229	90.72631836	System	PAC: svchost.exe -> msedgewebview2 Access=1400	
00005230	90.73043823	System	PAC: explorer.exe -> msedgewebview2 Access=1000	
00005231	90.73355103	System	7904531250 - STORMINI: StorAHCI - LPM: Port 01 - Port Stopped	
00005232	90.73437500	System	7904531250 - STORMINI: StorAHCI - LPM: Port 01 - Port Started	
00005233	90.74746704	System	PAC: explorer.exe -> explorer.exe Access=1000	
00005234	90.75173950	System	PAC: explorer.exe -> explorer.exe Access=1000	
00005235	90.75544739	System	PAC: explorer.exe -> explorer.exe Access=1000	
00005236	90.76031494	System	PAC: explorer.exe -> FangameTale-Wi Access=1000	
00005237	90.76310730	System	PAC: explorer.exe -> Dbgview.exe Access=1000	
00005238	90.76330566	System	PAC: explorer.exe -> explorer.exe Access=1000	
00005239	90.76332092	System	PAC: explorer.exe -> cmd.exe Access=1000	
00005240	90.76334381	System	PAC: explorer.exe -> explorer.exe Access=1000	
00005241	90.76335144	System	PAC: explorer.exe -> explorer.exe Access=1000	
00005242	90.76335907	System	PAC: explorer.exe -> explorer.exe Access=1000	
00005243	90.76337433	System	PAC: explorer.exe -> explorer.exe Access=1000	
00005244	90.76907349	System	PAC: explorer.exe -> msedgewebview2 Access=1000	
00005245	90.76922607	System	PAC: lsass.exe -> svchost.exe Access=1000	
00005246	90.80747223	System	PAC: explorer.exe -> msedgewebview2 Access=1000	
00005247	90.81359100	System	PAC: svchost.exe -> msedgewebview2 Access=40	
00005248	90.81390381	System	PAC: svchost.exe -> msedgewebview2 Access=40	
00005249	90.84565735	System	PAC: explorer.exe -> explorer.exe Access=1000	
00005250	90.85028839	System	PAC: explorer.exe -> explorer.exe Access=1000	
00005251	90.85626221	System	PAC: explorer.exe -> explorer.exe Access=1000	
00005252	90.86062622	System	7905937500 - STORMINI: StorAHCI - LPM: SystemIoBusNumber:0 Port:00 - ACTIVE	
00005253	90.86062622	System	7905937500 - STORMINI: StorAHCI - LPM: SystemIoBusNumber:0 Port:00 - Transit into Slumber from Partial - Canceled	
00005254	90.86481476	System	PAC: msedgewebview2 -> msedgewebview2 Access=1000	
00005255	90.86518097	System	PAC: explorer.exe -> FangameTale-Wi Access=1000	
00005256	90.86723328	System	PAC: explorer.exe -> Dbgview.exe Access=1000	
00005257	90.86726379	System	PAC: explorer.exe -> explorer.exe Access=1000	
00005258	90.86727905	System	PAC: explorer.exe -> cmd.exe Access=1000	
00005259	90.86730194	System	PAC: explorer.exe -> explorer.exe Access=1000	
00005260	90.86738586	System	PAC: explorer.exe -> explorer.exe Access=1000	
00005261	90.87058258	System	PAC: explorer.exe -> explorer.exe Access=1000	
00005262	90.87446594	System	PAC: explorer.exe -> explorer.exe Access=1000	
00005263	90.87512970	System	PAC: ctfmon.exe -> msedgewebview2 Access=1000	
00005264	90.87976837	System	PAC: explorer.exe -> msedgewebview2 Access=1000	
00005265	90.88913727	System	PAC: ctfmon.exe -> msedgewebview2 Access=1000	
00005266	90.90538788	System	PAC: msedgewebview2 -> msedgewebview2 Access=1000	
00005267	90.90691376	System	PAC: svchost.exe -> msedgewebview2 Access=1000	
00005268	90.90692902	System	PAC: svchost.exe -> msedgewebview2 Access=100000	
00005269	90.91660309	System	PAC: msedgewebview2 -> msedgewebview2 Access=1000	
00005270	90.91976929	System	PAC: svchost.exe -> msedgewebview2 Access=1000	
00005271	90.92003632	System	PAC: svchost.exe -> msedgewebview2 Access=1000	
00005272	90.93515015	System	PAC: MsMpEng.exe -> msedgewebview2 Access=1000	
00005273	90.93544006	System	PAC: msedgewebview2 -> msedgewebview2 Access=1FFFFF	
00005274	90.93574524	System	PAC: csrss.exe -> msedgewebview2 Access=1FFFFF	
00005275	90.93671417	System	PAC: MsMpEng.exe -> msedgewebview2 Access=1000	
00005276	90.93684387	System	PAC: msedgewebview2 -> msedgewebview2 Access=1FFFFF	
00005277	90.93703461	System	PAC: csrss.exe -> msedgewebview2 Access=1FFFFF	
00005278	90.93734741	System	PAC: msedgewebview2 -> msedgewebview2 Access=1FFFFF	
00005279	90.93751526	System	PAC: msedgewebview2 -> msedgewebview2 Access=1FFFFF	
00005280	90.93852234	System	PAC: msedgewebview2 -> msedgewebview2 Access=1FFFFF	
00005281	90.93955994	8248	RecursiveDirectoryCreate( C:\Users\Kauchen\AppData\Local\Packages\Microsoft.MicrosoftOfficeHub_8wekyb3d8bbwe\LocalState\EBWebView directory exists )	
00005282	90.94380951	System	PAC: msedgewebview2 -> msedgewebview2 Access=1F1C51	
00005283	90.94381714	System	PAC: lsass.exe -> msedgewebview2 Access=1000	
00005284	90.94384003	System	PAC: lsass.exe -> msedgewebview2 Access=1478	
00005285	90.94953918	System	PAC: msedgewebview2 -> msedgewebview2 Access=1F1C51	
00005286	90.95275116	System	PAC: svchost.exe -> msedgewebview2 Access=40	
00005287	90.95337677	System	PAC: svchost.exe -> VBoxService.ex Access=1000	
00005288	90.95341492	System	PAC: svchost.exe -> VBoxService.ex Access=1000	
00005289	90.95358276	System	PAC: svchost.exe -> VBoxService.ex Access=1000	
00005290	90.95557404	System	PAC: msedgewebview2 -> msedgewebview2 Access=1000	
00005291	90.97599030	System	PAC: msedgewebview2 -> msedgewebview2 Access=1FFFFF	
00005292	90.97613525	System	PAC: csrss.exe -> msedgewebview2 Access=1FFFFF	
00005293	90.97638702	System	PAC: msedgewebview2 -> msedgewebview2 Access=1FFFFF	
00005294	90.97682953	System	PAC: msedgewebview2 -> msedgewebview2 Access=1FFFFF	
00005295	90.97810364	System	PAC: MsMpEng.exe -> msedgewebview2 Access=1000	
00005296	90.99768066	System	PAC: svchost.exe -> msedgewebview2 Access=1000	
00005297	90.99795532	System	PAC: M365Copilot.ex -> msedgewebview2 Access=40	
00005298	90.99893951	System	PAC: msedgewebview2 -> msedgewebview2 Access=101401	
00005299	90.99894714	System	PAC: msedgewebview2 -> msedgewebview2 Access=1000	
00005300	91.00049591	System	PAC: msedgewebview2 -> msedgewebview2 Access=1F1C51	
00005301	91.00093079	System	PAC: msedgewebview2 -> msedgewebview2 Access=1FFFFF	
00005302	91.00093079	System	PAC: msedgewebview2 -> msedgewebview2 Access=1FFFFF	
00005303	91.00093842	System	PAC: msedgewebview2 -> msedgewebview2 Access=1FFFFF	
00005304	91.00094604	System	PAC: msedgewebview2 -> msedgewebview2 Access=1000	
00005305	91.00112915	System	PAC: msedgewebview2 -> msedgewebview2 Access=1FFFFF	
00005306	91.00113678	System	PAC: msedgewebview2 -> msedgewebview2 Access=1000	
00005307	91.00141907	System	PAC: msedgewebview2 -> msedgewebview2 Access=101401	
00005308	91.00142670	System	PAC: msedgewebview2 -> msedgewebview2 Access=1000	
00005309	91.00149536	System	PAC: msedgewebview2 -> msedgewebview2 Access=1FFFFF	
00005310	91.00335693	System	PAC: msedgewebview2 -> msedgewebview2 Access=1FFFFF	
00005311	91.00335693	System	PAC: msedgewebview2 -> msedgewebview2 Access=1FFFFF	
00005312	91.00335693	System	PAC: msedgewebview2 -> msedgewebview2 Access=1FFFFF	
00005313	91.00336456	System	PAC: msedgewebview2 -> msedgewebview2 Access=1000	
00005314	91.00417328	System	PAC: msedgewebview2 -> msedgewebview2 Access=1FFFFF	
00005315	91.00418854	System	PAC: msedgewebview2 -> msedgewebview2 Access=1000	
00005316	91.00428772	System	PAC: msedgewebview2 -> msedgewebview2 Access=101401	
00005317	91.00429535	System	PAC: msedgewebview2 -> msedgewebview2 Access=1000	
00005318	91.00904083	System	PAC: msedgewebview2 -> msedgewebview2 Access=1000	
00005319	91.01133728	System	PAC: msedgewebview2 -> msedgewebview2 Access=1400	
00005320	91.01148987	System	PAC: msedgewebview2 -> msedgewebview2 Access=1400	
00005321	91.01486206	System	PAC: svchost.exe -> msedgewebview2 Access=1000	
00005322	91.01524353	System	PAC: svchost.exe -> msedgewebview2 Access=1000	
00005323	91.01554108	System	PAC: svchost.exe -> msedgewebview2 Access=40	
00005324	91.02069855	System	PAC: svchost.exe -> msedgewebview2 Access=101000	
00005325	91.02071381	System	PAC: svchost.exe -> msedgewebview2 Access=1000	
00005326	91.02082825	System	PAC: svchost.exe -> msedgewebview2 Access=101000	
00005327	91.02083588	System	PAC: svchost.exe -> msedgewebview2 Access=1000	
00005328	91.02099609	System	PAC: svchost.exe -> msedgewebview2 Access=101000	
00005329	91.02101135	System	PAC: svchost.exe -> msedgewebview2 Access=1000	
00005330	91.02164459	System	PAC: svchost.exe -> svchost.exe Access=1000	
00005331	91.02165222	System	PAC: svchost.exe -> svchost.exe Access=40	
00005332	91.02672577	System	PAC: svchost.exe -> svchost.exe Access=1000	
00005333	91.02674103	System	PAC: svchost.exe -> svchost.exe Access=40	
00005334	91.02793884	System	PAC: svchost.exe -> svchost.exe Access=1000	
00005335	91.02793884	System	PAC: svchost.exe -> svchost.exe Access=40	
00005336	91.03005219	System	PAC: svchost.exe -> msedgewebview2 Access=101000	
00005337	91.03006744	System	PAC: svchost.exe -> msedgewebview2 Access=1000	
00005338	91.03026581	System	PAC: svchost.exe -> svchost.exe Access=1000	
00005339	91.03027344	System	PAC: svchost.exe -> svchost.exe Access=40	
00005340	91.03118134	System	PAC: svchost.exe -> msedgewebview2 Access=101000	
00005341	91.03118896	System	PAC: svchost.exe -> msedgewebview2 Access=1000	
00005342	91.03128052	System	PAC: svchost.exe -> svchost.exe Access=1000	
00005343	91.03128815	System	PAC: svchost.exe -> svchost.exe Access=40	
00005344	91.03505707	System	PAC: explorer.exe -> explorer.exe Access=1000	
00005345	91.03610992	System	PAC: svchost.exe -> msedgewebview2 Access=101000	
00005346	91.03612518	System	PAC: svchost.exe -> msedgewebview2 Access=1000	
00005347	91.03626251	System	PAC: svchost.exe -> svchost.exe Access=1000	
00005348	91.03627777	System	PAC: svchost.exe -> svchost.exe Access=40	
00005349	91.03662109	System	PAC: svchost.exe -> msedgewebview2 Access=101000	
00005350	91.03663635	System	PAC: svchost.exe -> msedgewebview2 Access=1000	
00005351	91.03787231	System	PAC: svchost.exe -> svchost.exe Access=1000	
00005352	91.03787231	System	PAC: svchost.exe -> svchost.exe Access=40	
00005353	91.03938293	System	PAC: svchost.exe -> msedgewebview2 Access=101000	
00005354	91.03939819	System	PAC: svchost.exe -> msedgewebview2 Access=1000	
00005355	91.03943634	System	PAC: svchost.exe -> msedgewebview2 Access=101000	
00005356	91.03944397	System	PAC: svchost.exe -> msedgewebview2 Access=1000	
00005357	91.03950500	System	PAC: svchost.exe -> svchost.exe Access=1000	
00005358	91.03951263	System	PAC: svchost.exe -> svchost.exe Access=40	
00005359	91.03954315	System	PAC: svchost.exe -> svchost.exe Access=1000	
00005360	91.03954315	System	PAC: svchost.exe -> svchost.exe Access=40	
00005361	91.04058838	System	PAC: svchost.exe -> msedgewebview2 Access=101000	
00005362	91.04060364	System	PAC: svchost.exe -> msedgewebview2 Access=1000	
00005363	91.04077148	System	PAC: svchost.exe -> svchost.exe Access=1000	
00005364	91.04077148	System	PAC: svchost.exe -> svchost.exe Access=40	
00005365	91.04104614	System	PAC: explorer.exe -> explorer.exe Access=1000	
00005366	91.04190063	System	PAC: svchost.exe -> msedgewebview2 Access=101000	
00005367	91.04190826	System	PAC: svchost.exe -> msedgewebview2 Access=1000	
00005368	91.04199982	System	PAC: svchost.exe -> svchost.exe Access=1000	
00005369	91.04199982	System	PAC: svchost.exe -> svchost.exe Access=40	
00005370	91.04267883	System	PAC: svchost.exe -> msedgewebview2 Access=101000	
00005371	91.04269409	System	PAC: svchost.exe -> msedgewebview2 Access=1000	
00005372	91.04293823	System	PAC: svchost.exe -> svchost.exe Access=1000	
00005373	91.04294586	System	PAC: svchost.exe -> svchost.exe Access=40	
00005374	91.04298401	System	PAC: svchost.exe -> msedgewebview2 Access=101000	
00005375	91.04299164	System	PAC: svchost.exe -> msedgewebview2 Access=1000	
00005376	91.04308319	System	PAC: svchost.exe -> svchost.exe Access=1000	
00005377	91.04309082	System	PAC: svchost.exe -> svchost.exe Access=40	
00005378	91.04535675	System	PAC: explorer.exe -> explorer.exe Access=1000	
00005379	91.04653931	System	PAC: svchost.exe -> msedgewebview2 Access=1478	
00005380	91.04674530	System	PAC: svchost.exe -> msedgewebview2 Access=1400	
00005381	91.04744720	System	PAC: svchost.exe -> msedgewebview2 Access=101000	
00005382	91.04745483	System	PAC: svchost.exe -> msedgewebview2 Access=1000	
00005383	91.04769135	System	PAC: svchost.exe -> svchost.exe Access=1000	
00005384	91.04769897	System	PAC: svchost.exe -> svchost.exe Access=40	
00005385	91.04844666	System	PAC: svchost.exe -> msedgewebview2 Access=1000	
00005386	91.04846191	System	PAC: svchost.exe -> msedgewebview2 Access=1000	
00005387	91.04850769	System	PAC: svchost.exe -> msedgewebview2 Access=101000	
00005388	91.04851532	System	PAC: svchost.exe -> msedgewebview2 Access=1000	
00005389	91.04934692	System	PAC: svchost.exe -> msedgewebview2 Access=101000	
00005390	91.04935455	System	PAC: svchost.exe -> msedgewebview2 Access=1000	
00005391	91.04947662	System	PAC: svchost.exe -> svchost.exe Access=1000	
00005392	91.04948425	System	PAC: svchost.exe -> svchost.exe Access=40	
00005393	91.05261230	System	PAC: explorer.exe -> FangameTale-Wi Access=1000	
00005394	91.05302429	System	PAC: svchost.exe -> msedgewebview2 Access=101000	
00005395	91.05333710	System	PAC: svchost.exe -> msedgewebview2 Access=1000	
00005396	91.05343628	System	PAC: svchost.exe -> svchost.exe Access=1000	
00005397	91.05344391	System	PAC: svchost.exe -> svchost.exe Access=40	
00005398	91.05638885	System	PAC: svchost.exe -> msedgewebview2 Access=101000	
00005399	91.05639648	System	PAC: svchost.exe -> msedgewebview2 Access=1000	
00005400	91.05649567	System	PAC: svchost.exe -> svchost.exe Access=1000	
00005401	91.05649567	System	PAC: svchost.exe -> svchost.exe Access=40	
00005402	91.05661774	System	PAC: svchost.exe -> msedgewebview2 Access=101000	
00005403	91.05663300	System	PAC: svchost.exe -> msedgewebview2 Access=1000	
00005404	91.05672455	System	PAC: svchost.exe -> svchost.exe Access=1000	
00005405	91.05673218	System	PAC: svchost.exe -> svchost.exe Access=40	
00005406	91.05833435	System	PAC: svchost.exe -> msedgewebview2 Access=101000	
00005407	91.05835724	System	PAC: svchost.exe -> msedgewebview2 Access=1000	
00005408	91.05844879	System	PAC: svchost.exe -> svchost.exe Access=1000	
00005409	91.05845642	System	PAC: svchost.exe -> svchost.exe Access=40	
00005410	91.06401062	System	PAC: explorer.exe -> Dbgview.exe Access=1000	
00005411	91.06472015	System	PAC: svchost.exe -> msedgewebview2 Access=101000	
00005412	91.06473541	System	PAC: svchost.exe -> msedgewebview2 Access=1000	
00005413	91.06493378	System	PAC: svchost.exe -> svchost.exe Access=1000	
00005414	91.06494141	System	PAC: svchost.exe -> svchost.exe Access=40	
00005415	91.06641388	System	PAC: svchost.exe -> msedgewebview2 Access=101000	
00005416	91.06642914	System	PAC: svchost.exe -> msedgewebview2 Access=1000	
00005417	91.06668091	System	PAC: svchost.exe -> svchost.exe Access=1000	
00005418	91.06668854	System	PAC: svchost.exe -> svchost.exe Access=40	
00005419	91.06708527	System	PAC: explorer.exe -> explorer.exe Access=1000	
00005420	91.08426666	System	PAC: explorer.exe -> cmd.exe Access=1000	
00005421	91.08852386	System	PAC: svchost.exe -> msedgewebview2 Access=1000	
00005422	91.08860016	System	PAC: svchost.exe -> msedgewebview2 Access=1000	
00005423	91.08865356	System	PAC: svchost.exe -> msedgewebview2 Access=101000	
00005424	91.08866119	System	PAC: svchost.exe -> msedgewebview2 Access=1000	
00005425	91.09459686	System	PAC: explorer.exe -> explorer.exe Access=1000	
00005426	91.11201477	System	PAC: MsMpEng.exe -> msedgewebview2 Access=101000	
00005427	91.12223816	System	PAC: explorer.exe -> explorer.exe Access=1000	
00005428	91.13871002	System	PAC: explorer.exe -> explorer.exe Access=1000	
00005429	91.14279938	System	PAC: MsMpEng.exe -> msedgewebview2 Access=101000	
00005430	91.15350342	System	PAC: explorer.exe -> explorer.exe Access=1000	
00005431	91.16336060	System	PAC: explorer.exe -> msedgewebview2 Access=1000	
00005432	91.17074585	System	PAC: svchost.exe -> msedgewebview2 Access=1000	
00005433	91.17076111	System	PAC: svchost.exe -> msedgewebview2 Access=100000	
00005434	91.21175385	System	PAC: svchost.exe -> msedgewebview2 Access=101000	
00005435	91.26024628	System	PAC: svchost.exe -> Dbgview.exe Access=2000	
00005436	91.35529327	System	PAC: MsMpEng.exe -> msedgewebview2 Access=1000	
00005437	91.35540771	System	PAC: msedgewebview2 -> msedgewebview2 Access=1FFFFF	
00005438	91.35565948	System	PAC: csrss.exe -> msedgewebview2 Access=1FFFFF	
00005439	91.35679626	System	PAC: msedgewebview2 -> msedgewebview2 Access=1FFFFF	
00005440	91.35719299	System	PAC: msedgewebview2 -> msedgewebview2 Access=1FFFFF	
00005441	91.36478424	System	PAC: msedgewebview2 -> msedgewebview2 Access=1F1C51	
00005442	91.40405273	System	PAC: msedgewebview2 -> msedgewebview2 Access=101451	
00005443	91.43914032	System	PAC: MsMpEng.exe -> msedgewebview2 Access=101000	
00005444	91.43917084	System	PAC: MsMpEng.exe -> msedgewebview2 Access=101000	
00005445	91.46417999	System	PAC: msedgewebview2 -> msedgewebview2 Access=1FFFFF	
00005446	91.48210907	System	PAC: msedgewebview2 -> msedgewebview2 Access=101451	
00005447	91.48213196	System	PAC: msedgewebview2 -> msedgewebview2 Access=1000	
00005448	91.48258209	System	PAC: msedgewebview2 -> msedgewebview2 Access=1FFFFF	
00005449	91.48258972	System	PAC: msedgewebview2 -> msedgewebview2 Access=1000	
00005450	91.48290253	System	PAC: msedgewebview2 -> msedgewebview2 Access=101401	
00005451	91.48290253	System	PAC: msedgewebview2 -> msedgewebview2 Access=1000	
00005452	91.48509979	System	PAC: MsMpEng.exe -> msedgewebview2 Access=101000	
00005453	91.48746490	System	PAC: msedgewebview2 -> msedgewebview2 Access=1FFFFF	
00005454	91.48779297	System	PAC: msedgewebview2 -> msedgewebview2 Access=1FFFFF	
00005455	91.48782349	System	PAC: msedgewebview2 -> msedgewebview2 Access=1000	
00005456	91.48794556	System	PAC: msedgewebview2 -> msedgewebview2 Access=1FFFFF	
00005457	91.48804474	System	PAC: msedgewebview2 -> msedgewebview2 Access=1000	
00005458	91.48843384	System	PAC: msedgewebview2 -> msedgewebview2 Access=1FFFFF	
00005459	91.49459839	System	PAC: svchost.exe -> msedgewebview2 Access=1478	
00005460	91.49491882	System	PAC: svchost.exe -> msedgewebview2 Access=1400	
00005461	91.50202942	System	PAC: msedgewebview2 -> msedgewebview2 Access=101401	
00005462	91.50203705	System	PAC: msedgewebview2 -> msedgewebview2 Access=1000	
00005463	91.52539825	System	PAC: explorer.exe -> msedgewebview2 Access=1000	
00005464	91.57509613	System	PAC: M365Copilot.ex -> msedgewebview2 Access=3640	
00005465	91.57514954	System	PAC: M365Copilot.ex -> msedgewebview2 Access=3640	
00005466	91.61007690	System	PAC: MsMpEng.exe -> msedgewebview2 Access=1000	
00005467	91.61010742	System	PAC: MsMpEng.exe -> msedgewebview2 Access=1000	
00005468	91.61011505	System	PAC: MsMpEng.exe -> msedgewebview2 Access=101000	
00005469	91.65267181	System	PAC: explorer.exe -> Dbgview.exe Access=1000	
00005470	91.65269470	System	PAC: explorer.exe -> Dbgview.exe Access=1000	
00005471	91.65662384	System	PAC: explorer.exe -> explorer.exe Access=1000	
00005472	91.66935730	System	PAC: explorer.exe -> explorer.exe Access=1000	
00005473	91.67900085	System	PAC: explorer.exe -> Dbgview.exe Access=1000	
00005474	91.68479919	System	PAC: explorer.exe -> FangameTale-Wi Access=1000	
00005475	91.68893433	System	PAC: svchost.exe -> Dbgview.exe Access=2000	
00005476	91.69012451	System	PAC: explorer.exe -> explorer.exe Access=1000	
00005477	91.69660187	System	PAC: explorer.exe -> cmd.exe Access=1000	
00005478	91.70265198	System	PAC: explorer.exe -> explorer.exe Access=1000	
00005479	91.70294189	System	PAC: ctfmon.exe -> Dbgview.exe Access=1000	
00005480	91.71167755	System	PAC: explorer.exe -> explorer.exe Access=1000	
00005481	91.72055054	System	PAC: explorer.exe -> explorer.exe Access=1000	
00005482	91.72634888	System	PAC: explorer.exe -> explorer.exe Access=1000	
00005483	91.73690796	System	7914687500 - STORMINI: StorAHCI - LPM: Port 01 - Port Stopped	
00005484	91.73731232	System	7914687500 - STORMINI: StorAHCI - LPM: Port 01 - Port Started	
00005485	91.74024200	System	PAC: explorer.exe -> Dbgview.exe Access=1000	
00005486	91.85420227	System	PAC: explorer.exe -> explorer.exe Access=2000	
00005487	91.85421753	System	PAC: explorer.exe -> TextInputHost. Access=2000	
00005488	91.85421753	System	PAC: explorer.exe -> SearchApp.exe Access=2000	
00005489	91.85421753	System	PAC: explorer.exe -> StartMenuExper Access=2000	
00005490	91.85422516	System	PAC: explorer.exe -> FangameTale-Wi Access=2000	
00005491	91.86230469	System	PAC: explorer.exe -> Dbgview.exe Access=1000	
00005492	91.86301422	System	7915937500 - STORMINI: StorAHCI - LPM: SystemIoBusNumber:0 Port:00 - IDLE	
00005493	91.86305237	System	PAC: MsMpEng.exe -> msedgewebview2 Access=101000	
00005494	91.88685608	System	7916093750 - STORMINI: StorAHCI - LPM: SystemIoBusNumber:0 Port:00 - ACTIVE	
00005495	91.88686371	System	7916093750 - STORMINI: StorAHCI - LPM: SystemIoBusNumber:0 Port:00 - Transit into Slumber from Partial - Canceled	
00005496	91.91248322	System	PAC: VBoxService.ex -> winlogon.exe Access=1400	
00005497	91.91249847	System	PAC: VBoxService.ex -> lsass.exe Access=1400	
00005498	91.91250610	System	PAC: VBoxService.ex -> svchost.exe Access=1400	
00005499	91.91251373	System	PAC: VBoxService.ex -> fontdrvhost.ex Access=1400	
00005500	91.91252136	System	PAC: VBoxService.ex -> fontdrvhost.ex Access=1400	
00005501	91.91252136	System	PAC: VBoxService.ex -> svchost.exe Access=1400	
00005502	91.91252899	System	PAC: VBoxService.ex -> svchost.exe Access=1400	
00005503	91.91252899	System	PAC: VBoxService.ex -> dwm.exe Access=1400	
00005504	91.91253662	System	PAC: VBoxService.ex -> svchost.exe Access=1400	
00005505	91.91254425	System	PAC: VBoxService.ex -> svchost.exe Access=1400	
00005506	91.91254425	System	PAC: VBoxService.ex -> svchost.exe Access=1400	
00005507	91.91255188	System	PAC: VBoxService.ex -> svchost.exe Access=1400	
00005508	91.91255951	System	PAC: VBoxService.ex -> svchost.exe Access=1400	
00005509	91.91255951	System	PAC: VBoxService.ex -> svchost.exe Access=1400	
00005510	91.91255951	System	PAC: VBoxService.ex -> svchost.exe Access=1400	
00005511	91.91256714	System	PAC: VBoxService.ex -> svchost.exe Access=1400	
00005512	91.91256714	System	PAC: VBoxService.ex -> svchost.exe Access=1400	
00005513	91.91257477	System	PAC: VBoxService.ex -> svchost.exe Access=1400	
00005514	91.91260529	System	PAC: VBoxService.ex -> svchost.exe Access=1400	
00005515	91.91262054	System	PAC: VBoxService.ex -> svchost.exe Access=1400	
00005516	91.91262817	System	PAC: VBoxService.ex -> VBoxService.ex Access=1400	
00005517	91.91262817	System	PAC: VBoxService.ex -> svchost.exe Access=1400	
00005518	91.91263580	System	PAC: VBoxService.ex -> svchost.exe Access=1400	
00005519	91.91263580	System	PAC: VBoxService.ex -> svchost.exe Access=1400	
00005520	91.91264343	System	PAC: VBoxService.ex -> svchost.exe Access=1400	
00005521	91.91264343	System	PAC: VBoxService.ex -> svchost.exe Access=1400	
00005522	91.91265106	System	PAC: VBoxService.ex -> svchost.exe Access=1400	
00005523	91.91265106	System	PAC: VBoxService.ex -> svchost.exe Access=1400	
00005524	91.91265869	System	PAC: VBoxService.ex -> svchost.exe Access=1400	
00005525	91.91266632	System	PAC: VBoxService.ex -> svchost.exe Access=1400	
00005526	91.91266632	System	PAC: VBoxService.ex -> svchost.exe Access=1400	
00005527	91.91267395	System	PAC: VBoxService.ex -> svchost.exe Access=1400	
00005528	91.91268158	System	PAC: VBoxService.ex -> svchost.exe Access=1400	
00005529	91.91268158	System	PAC: VBoxService.ex -> svchost.exe Access=1400	
00005530	91.91268158	System	PAC: VBoxService.ex -> svchost.exe Access=1400	
00005531	91.91268921	System	PAC: VBoxService.ex -> svchost.exe Access=1400	
00005532	91.91268921	System	PAC: VBoxService.ex -> svchost.exe Access=1400	
00005533	91.91269684	System	PAC: VBoxService.ex -> spoolsv.exe Access=1400	
00005534	91.91270447	System	PAC: VBoxService.ex -> svchost.exe Access=1400	
00005535	91.91277313	System	PAC: VBoxService.ex -> svchost.exe Access=1400	
00005536	91.91278076	System	PAC: VBoxService.ex -> svchost.exe Access=1400	
00005537	91.91278839	System	PAC: VBoxService.ex -> svchost.exe Access=1400	
00005538	91.91279602	System	PAC: VBoxService.ex -> svchost.exe Access=1400	
00005539	91.91280365	System	PAC: VBoxService.ex -> svchost.exe Access=1400	
00005540	91.91280365	System	PAC: VBoxService.ex -> svchost.exe Access=1400	
00005541	91.91280365	System	PAC: VBoxService.ex -> svchost.exe Access=1400	
00005542	91.91281128	System	PAC: VBoxService.ex -> wallpaperservi Access=1400	
00005543	91.91281891	System	PAC: VBoxService.ex -> svchost.exe Access=1400	
00005544	91.91281891	System	PAC: VBoxService.ex -> svchost.exe Access=1400	
00005545	91.91282654	System	PAC: VBoxService.ex -> svchost.exe Access=1400	
00005546	91.91283417	System	PAC: VBoxService.ex -> svchost.exe Access=1400	
00005547	91.91283417	System	PAC: VBoxService.ex -> svchost.exe Access=1400	
00005548	91.91284180	System	PAC: VBoxService.ex -> svchost.exe Access=1400	
00005549	91.91284180	System	PAC: VBoxService.ex -> dllhost.exe Access=1400	
00005550	91.91284943	System	PAC: VBoxService.ex -> WmiPrvSE.exe Access=1400	
00005551	91.91284943	System	PAC: VBoxService.ex -> svchost.exe Access=1400	
00005552	91.91285706	System	PAC: VBoxService.ex -> sihost.exe Access=1400	
00005553	91.91286469	System	PAC: VBoxService.ex -> svchost.exe Access=1400	
00005554	91.91286469	System	PAC: VBoxService.ex -> svchost.exe Access=1400	
00005555	91.91287231	System	PAC: VBoxService.ex -> MicrosoftEdgeU Access=1400	
00005556	91.91287994	System	PAC: VBoxService.ex -> svchost.exe Access=1400	
00005557	91.91287994	System	PAC: VBoxService.ex -> svchost.exe Access=1400	
00005558	91.91287994	System	PAC: VBoxService.ex -> ctfmon.exe Access=1400	
00005559	91.91288757	System	PAC: VBoxService.ex -> taskhostw.exe Access=1400	
00005560	91.91288757	System	PAC: VBoxService.ex -> svchost.exe Access=1400	
00005561	91.91289520	System	PAC: VBoxService.ex -> explorer.exe Access=1400	
00005562	91.91289520	System	PAC: VBoxService.ex -> svchost.exe Access=1400	
00005563	91.91290283	System	PAC: VBoxService.ex -> svchost.exe Access=1400	
00005564	91.91291046	System	PAC: VBoxService.ex -> svchost.exe Access=1400	
00005565	91.91291809	System	PAC: VBoxService.ex -> svchost.exe Access=1400	
00005566	91.91291809	System	PAC: VBoxService.ex -> StartMenuExper Access=1400	
00005567	91.91291809	System	PAC: VBoxService.ex -> RuntimeBroker. Access=1400	
00005568	91.91291809	System	PAC: VBoxService.ex -> svchost.exe Access=1400	
00005569	91.91292572	System	PAC: VBoxService.ex -> SearchApp.exe Access=1400	
00005570	91.91293335	System	PAC: VBoxService.ex -> SearchIndexer. Access=1400	
00005571	91.91294098	System	PAC: VBoxService.ex -> RuntimeBroker. Access=1400	
00005572	91.91294861	System	PAC: VBoxService.ex -> svchost.exe Access=1400	
00005573	91.91294861	System	PAC: VBoxService.ex -> RuntimeBroker. Access=1400	
00005574	91.91295624	System	PAC: VBoxService.ex -> TextInputHost. Access=1400	
00005575	91.91295624	System	PAC: VBoxService.ex -> SecurityHealth Access=1400	
00005576	91.91295624	System	PAC: VBoxService.ex -> VBoxTray.exe Access=1400	
00005577	91.91296387	System	PAC: VBoxService.ex -> OneDrive.exe Access=1400	
00005578	91.91297150	System	PAC: VBoxService.ex -> svchost.exe Access=1400	
00005579	91.91297150	System	PAC: VBoxService.ex -> RuntimeBroker. Access=1400	
00005580	91.91297913	System	PAC: VBoxService.ex -> svchost.exe Access=1400	
00005581	91.91297913	System	PAC: VBoxService.ex -> dllhost.exe Access=1400	
00005582	91.91298676	System	PAC: VBoxService.ex -> audiodg.exe Access=1400	
00005583	91.91299438	System	PAC: VBoxService.ex -> cmd.exe Access=1400	
00005584	91.91299438	System	PAC: VBoxService.ex -> conhost.exe Access=1400	
00005585	91.91300201	System	PAC: VBoxService.ex -> svchost.exe Access=1400	
00005586	91.91300201	System	PAC: VBoxService.ex -> svchost.exe Access=1400	
00005587	91.91300964	System	PAC: VBoxService.ex -> svchost.exe Access=1400	
00005588	91.91300964	System	PAC: VBoxService.ex -> backgroundTask Access=1400	
00005589	91.91301727	System	PAC: VBoxService.ex -> PhoneExperienc Access=1400	
00005590	91.91302490	System	PAC: VBoxService.ex -> FangameTale.ex Access=1400	
00005591	91.91302490	System	PAC: VBoxService.ex -> rundll32.exe Access=1400	
00005592	91.91303253	System	PAC: VBoxService.ex -> UserOOBEBroker Access=1400	
00005593	91.91304016	System	PAC: VBoxService.ex -> smartscreen.ex Access=1400	
00005594	91.91304016	System	PAC: VBoxService.ex -> Dbgview.exe Access=1400	
00005595	91.91304016	System	PAC: VBoxService.ex -> FangameTale.ex Access=1400	
00005596	91.91304016	System	PAC: VBoxService.ex -> FangameTale-Wi Access=1400	
00005597	91.91304779	System	PAC: VBoxService.ex -> EpicWebHelper. Access=1400	
00005598	91.91305542	System	PAC: VBoxService.ex -> EpicWebHelper. Access=1400	
00005599	91.91305542	System	PAC: VBoxService.ex -> M365Copilot.ex Access=1400	
00005600	91.91306305	System	PAC: VBoxService.ex -> msedgewebview2 Access=1400	
00005601	91.91306305	System	PAC: VBoxService.ex -> msedgewebview2 Access=1400	
00005602	91.91307068	System	PAC: VBoxService.ex -> msedgewebview2 Access=1400	
00005603	91.91307831	System	PAC: VBoxService.ex -> msedgewebview2 Access=1400	
00005604	91.91307831	System	PAC: VBoxService.ex -> msedgewebview2 Access=1400	
00005605	91.91307831	System	PAC: VBoxService.ex -> msedgewebview2 Access=1400	
00005606	91.91339874	System	PAC: svchost.exe -> VBoxService.ex Access=1000	
00005607	91.91371155	System	PAC: svchost.exe -> VBoxService.ex Access=1000	
00005608	91.95683289	System	PAC: svchost.exe -> VBoxService.ex Access=1000	
00005609	91.95688629	System	PAC: svchost.exe -> VBoxService.ex Access=1000	
00005610	91.95700073	System	PAC: svchost.exe -> VBoxService.ex Access=1000	
00005611	91.96788788	9104	Warning: AddWebResourceRequestedFilter without SourceKind parameter is deprecated! It does not behave as expected for iframes.Please use AddWebResourceRequestedFilterWithRequestSourceKinds instead. For more information, please see https://go.microsoft.com/fwlink/?linkid=2286319	
00005612	91.97216797	System	PAC: svchost.exe -> SecurityHealth Access=1000	
00005613	91.97254181	System	PAC: svchost.exe -> SecurityHealth Access=1000	
00005614	91.97271729	System	PAC: svchost.exe -> SecurityHealth Access=1000	
00005615	91.97278595	System	PAC: svchost.exe -> SecurityHealth Access=1000	
00005616	91.97285461	System	PAC: svchost.exe -> SecurityHealth Access=1000	
00005617	91.97291565	System	PAC: svchost.exe -> SecurityHealth Access=1000	
00005618	91.97296906	System	PAC: svchost.exe -> SecurityHealth Access=1000	
00005619	91.97303009	System	PAC: svchost.exe -> SecurityHealth Access=1000	
00005620	91.97309875	System	PAC: svchost.exe -> SecurityHealth Access=1000	
00005621	91.97348785	System	PAC: svchost.exe -> SecurityHealth Access=1000	
00005622	91.97413635	System	PAC: svchost.exe -> SecurityHealth Access=1000	
00005623	91.97423553	System	PAC: svchost.exe -> SecurityHealth Access=1000	
00005624	91.97429657	System	PAC: svchost.exe -> SecurityHealth Access=1000	
00005625	91.97435760	System	PAC: svchost.exe -> SecurityHealth Access=1000	
00005626	91.97441864	System	PAC: svchost.exe -> SecurityHealth Access=1000	
00005627	91.97447968	System	PAC: svchost.exe -> SecurityHealth Access=1000	
00005628	91.97453308	System	PAC: svchost.exe -> SecurityHealth Access=1000	
00005629	91.97475433	System	PAC: svchost.exe -> SecurityHealth Access=1000	
00005630	91.97503662	System	PAC: svchost.exe -> SecurityHealth Access=1000	
00005631	91.97531891	System	PAC: svchost.exe -> SecurityHealth Access=1000	
00005632	91.97555542	System	PAC: svchost.exe -> SecurityHealth Access=1000	
00005633	91.97563171	System	PAC: svchost.exe -> SecurityHealth Access=1000	
00005634	91.97569275	System	PAC: svchost.exe -> SecurityHealth Access=1000	
00005635	91.97575378	System	PAC: svchost.exe -> SecurityHealth Access=1000	
00005636	91.97581482	System	PAC: svchost.exe -> SecurityHealth Access=1000	
00005637	91.97586823	System	PAC: svchost.exe -> SecurityHealth Access=1000	
00005638	91.97602844	System	PAC: svchost.exe -> SecurityHealth Access=1000	
00005639	91.97636414	System	PAC: svchost.exe -> SecurityHealth Access=1000	
00005640	91.97666931	System	PAC: svchost.exe -> SecurityHealth Access=1000	
00005641	91.97695160	System	PAC: svchost.exe -> SecurityHealth Access=1000	
00005642	91.97726440	System	PAC: svchost.exe -> SecurityHealth Access=1000	
00005643	91.97830963	System	PAC: svchost.exe -> SecurityHealth Access=1000	
00005644	91.97864532	System	PAC: svchost.exe -> SecurityHealth Access=1000	
00005645	91.97920227	System	PAC: svchost.exe -> SecurityHealth Access=1000	
00005646	91.97930145	System	PAC: svchost.exe -> SecurityHealth Access=1000	
00005647	91.97938538	System	PAC: svchost.exe -> SecurityHealth Access=1000	
00005648	91.97946930	System	PAC: svchost.exe -> SecurityHealth Access=1000	
00005649	91.98040009	System	PAC: svchost.exe -> SecurityHealth Access=1000	
00005650	91.98162842	System	PAC: svchost.exe -> SecurityHealth Access=1000	
00005651	91.98214722	System	PAC: svchost.exe -> SecurityHealth Access=1000	
00005652	91.98254395	System	PAC: svchost.exe -> SecurityHealth Access=1000	
00005653	91.98272705	System	PAC: svchost.exe -> SecurityHealth Access=1000	
00005654	91.98281860	System	PAC: svchost.exe -> SecurityHealth Access=1000	
00005655	91.98290253	System	PAC: svchost.exe -> SecurityHealth Access=1000	
00005656	91.98316193	System	PAC: svchost.exe -> SecurityHealth Access=1000	
00005657	91.98417664	System	PAC: svchost.exe -> SecurityHealth Access=1000	
00005658	91.98455811	System	PAC: svchost.exe -> SecurityHealth Access=1000	
00005659	91.98484039	System	PAC: svchost.exe -> SecurityHealth Access=1000	
00005660	91.98501587	System	PAC: svchost.exe -> SecurityHealth Access=1000	
00005661	91.98509979	System	PAC: svchost.exe -> SecurityHealth Access=1000	
00005662	91.98517609	System	PAC: svchost.exe -> SecurityHealth Access=1000	
00005663	92.02841187	9104	Warning: AddWebResourceRequestedFilter without SourceKind parameter is deprecated! It does not behave as expected for iframes.Please use AddWebResourceRequestedFilterWithRequestSourceKinds instead. For more information, please see https://go.microsoft.com/fwlink/?linkid=2286319	
00005664	92.07411194	9104	Warning: AddWebResourceRequestedFilter without SourceKind parameter is deprecated! It does not behave as expected for iframes.Please use AddWebResourceRequestedFilterWithRequestSourceKinds instead. For more information, please see https://go.microsoft.com/fwlink/?linkid=2286319	
00005665	92.08924103	9104	Warning: AddWebResourceRequestedFilter without SourceKind parameter is deprecated! It does not behave as expected for iframes.Please use AddWebResourceRequestedFilterWithRequestSourceKinds instead. For more information, please see https://go.microsoft.com/fwlink/?linkid=2286319	
00005666	92.14890289	9104	Warning: AddWebResourceRequestedFilter without SourceKind parameter is deprecated! It does not behave as expected for iframes.Please use AddWebResourceRequestedFilterWithRequestSourceKinds instead. For more information, please see https://go.microsoft.com/fwlink/?linkid=2286319	
00005667	92.20160675	9104	Warning: AddWebResourceRequestedFilter without SourceKind parameter is deprecated! It does not behave as expected for iframes.Please use AddWebResourceRequestedFilterWithRequestSourceKinds instead. For more information, please see https://go.microsoft.com/fwlink/?linkid=2286319	
00005668	92.24850464	9104	Warning: AddWebResourceRequestedFilter without SourceKind parameter is deprecated! It does not behave as expected for iframes.Please use AddWebResourceRequestedFilterWithRequestSourceKinds instead. For more information, please see https://go.microsoft.com/fwlink/?linkid=2286319	
00005669	92.26258850	9104	Warning: AddWebResourceRequestedFilter without SourceKind parameter is deprecated! It does not behave as expected for iframes.Please use AddWebResourceRequestedFilterWithRequestSourceKinds instead. For more information, please see https://go.microsoft.com/fwlink/?linkid=2286319	
00005670	92.27522278	System	PAC: svchost.exe -> M365Copilot.ex Access=101000	
00005671	92.30252838	System	PAC: svchost.exe -> M365Copilot.ex Access=101000	
00005672	92.30254364	System	PAC: svchost.exe -> M365Copilot.ex Access=1000	
00005673	92.30258179	System	PAC: svchost.exe -> M365Copilot.ex Access=101000	
00005674	92.30259705	System	PAC: svchost.exe -> M365Copilot.ex Access=1000	
00005675	92.30314636	System	PAC: svchost.exe -> svchost.exe Access=1000	
00005676	92.30315399	System	PAC: svchost.exe -> svchost.exe Access=1000	
00005677	92.30315399	System	PAC: svchost.exe -> svchost.exe Access=40	
00005678	92.30316162	System	PAC: svchost.exe -> svchost.exe Access=40	
00005679	92.30506897	System	PAC: svchost.exe -> M365Copilot.ex Access=1000	
00005680	92.30563354	System	PAC: svchost.exe -> M365Copilot.ex Access=1000	
00005681	92.30699921	System	PAC: svchost.exe -> M365Copilot.ex Access=101000	
00005682	92.30702209	System	PAC: svchost.exe -> M365Copilot.ex Access=1000	
00005683	92.30709076	System	PAC: svchost.exe -> M365Copilot.ex Access=101000	
00005684	92.30710602	System	PAC: svchost.exe -> M365Copilot.ex Access=1000	
00005685	92.30718994	System	PAC: svchost.exe -> svchost.exe Access=1000	
00005686	92.30718994	System	PAC: svchost.exe -> svchost.exe Access=40	
00005687	92.30721283	System	PAC: svchost.exe -> svchost.exe Access=1000	
00005688	92.30722046	System	PAC: svchost.exe -> svchost.exe Access=40	
00005689	92.30834198	System	PAC: svchost.exe -> M365Copilot.ex Access=101000	
00005690	92.30835724	System	PAC: svchost.exe -> M365Copilot.ex Access=1000	
00005691	92.30843353	System	PAC: svchost.exe -> M365Copilot.ex Access=101000	
00005692	92.30844879	System	PAC: svchost.exe -> M365Copilot.ex Access=1000	
00005693	92.30855560	System	PAC: svchost.exe -> svchost.exe Access=1000	
00005694	92.30856323	System	PAC: svchost.exe -> svchost.exe Access=40	
00005695	92.30863953	System	PAC: svchost.exe -> svchost.exe Access=1000	
00005696	92.30864716	System	PAC: svchost.exe -> svchost.exe Access=40	
00005697	92.31338501	System	PAC: svchost.exe -> M365Copilot.ex Access=101000	
00005698	92.31340027	System	PAC: svchost.exe -> M365Copilot.ex Access=1000	
00005699	92.31363678	System	PAC: svchost.exe -> svchost.exe Access=1000	
00005700	92.31364441	System	PAC: svchost.exe -> svchost.exe Access=40	
00005701	92.31375122	System	PAC: svchost.exe -> M365Copilot.ex Access=101000	
00005702	92.31376648	System	PAC: svchost.exe -> M365Copilot.ex Access=1000	
00005703	92.31407928	System	PAC: svchost.exe -> svchost.exe Access=1000	
00005704	92.31408691	System	PAC: svchost.exe -> svchost.exe Access=40	
00005705	92.31600189	System	PAC: svchost.exe -> M365Copilot.ex Access=1000	
00005706	92.31602478	System	PAC: svchost.exe -> M365Copilot.ex Access=101000	
00005707	92.31603241	System	PAC: svchost.exe -> M365Copilot.ex Access=1000	
00005708	92.31604767	System	PAC: svchost.exe -> M365Copilot.ex Access=1000	
00005709	92.31608582	System	PAC: svchost.exe -> M365Copilot.ex Access=101000	
00005710	92.31608582	System	PAC: svchost.exe -> M365Copilot.ex Access=1000	
00005711	92.31986237	System	PAC: svchost.exe -> M365Copilot.ex Access=1000	
00005712	92.32009888	System	PAC: svchost.exe -> M365Copilot.ex Access=1000	
00005713	92.32263947	System	PAC: svchost.exe -> M365Copilot.ex Access=101000	
00005714	92.32264709	System	PAC: svchost.exe -> M365Copilot.ex Access=1000	
00005715	92.32305908	System	PAC: svchost.exe -> M365Copilot.ex Access=101000	
00005716	92.32313538	System	PAC: svchost.exe -> svchost.exe Access=1000	
00005717	92.32313538	System	PAC: svchost.exe -> M365Copilot.ex Access=1000	
00005718	92.32314301	System	PAC: svchost.exe -> svchost.exe Access=40	
00005719	92.32325745	System	PAC: svchost.exe -> svchost.exe Access=1000	
00005720	92.32326508	System	PAC: svchost.exe -> svchost.exe Access=40	
00005721	92.32487488	System	PAC: svchost.exe -> M365Copilot.ex Access=101000	
00005722	92.32489014	System	PAC: svchost.exe -> M365Copilot.ex Access=1000	
00005723	92.32500458	System	PAC: svchost.exe -> svchost.exe Access=1000	
00005724	92.32500458	System	PAC: svchost.exe -> svchost.exe Access=40	
00005725	92.32506561	System	PAC: svchost.exe -> M365Copilot.ex Access=101000	
00005726	92.32507324	System	PAC: svchost.exe -> M365Copilot.ex Access=1000	
00005727	92.32530975	System	PAC: svchost.exe -> svchost.exe Access=1000	
00005728	92.32531738	System	PAC: svchost.exe -> svchost.exe Access=40	
00005729	92.32746124	System	PAC: svchost.exe -> M365Copilot.ex Access=101000	
00005730	92.32760620	System	PAC: svchost.exe -> M365Copilot.ex Access=1000	
00005731	92.32773590	System	PAC: svchost.exe -> svchost.exe Access=1000	
00005732	92.32774353	System	PAC: svchost.exe -> svchost.exe Access=40	
00005733	92.32991791	System	PAC: svchost.exe -> M365Copilot.ex Access=1000	
00005734	92.32994843	System	PAC: svchost.exe -> M365Copilot.ex Access=101000	
00005735	92.32995605	System	PAC: svchost.exe -> M365Copilot.ex Access=1000	
00005736	92.33354950	System	PAC: svchost.exe -> M365Copilot.ex Access=1000	
00005737	92.33363342	System	PAC: svchost.exe -> M365Copilot.ex Access=101000	
00005738	92.33364868	System	PAC: svchost.exe -> M365Copilot.ex Access=1000	
00005739	92.35858917	9104	TestingSimulation: Feature gate disabled, skipping initialization	
00005740	92.38247681	9104	HandleSISInteractionRequiredAsync: Starting SIS interaction required handling	
00005741	92.42370605	9104	ReadDiscoveredAccountsFromOneAuth: Found 0 accounts	
00005742	92.45748138	9104	HandleSISInteractionRequiredAsync: No accounts found after discovery	
00005743	92.47129822	System	PAC: svchost.exe -> explorer.exe Access=2000	
00005744	92.51448059	System	PAC: explorer.exe -> explorer.exe Access=1410	
00005745	92.51449585	System	PAC: explorer.exe -> explorer.exe Access=1000	
00005746	92.51664734	System	PAC: svchost.exe -> explorer.exe Access=2000	
00005747	92.54325104	System	PAC: ctfmon.exe -> explorer.exe Access=1000	
00005748	92.60311127	System	PAC: msedgewebview2 -> msedgewebview2 Access=1FFFFF	
00005749	92.60316467	System	PAC: msedgewebview2 -> msedgewebview2 Access=1FFFFF	
00005750	92.60358429	System	PAC: M365Copilot.ex -> msedgewebview2 Access=1FFFFF	
00005751	92.73167419	System	PAC: svchost.exe -> explorer.exe Access=2000	
00005752	92.75188446	System	7924843750 - STORMINI: StorAHCI - LPM: Port 01 - Port Stopped	
00005753	92.75254059	System	7924843750 - STORMINI: StorAHCI - LPM: Port 01 - Port Started	
00005754	92.75292969	System	PAC: explorer.exe -> explorer.exe Access=1000	
00005755	92.76210785	System	PAC: explorer.exe -> explorer.exe Access=1000	
00005756	92.76869965	System	PAC: explorer.exe -> explorer.exe Access=1000	
00005757	92.76928711	System	PAC: ctfmon.exe -> explorer.exe Access=1000	
00005758	92.77581024	System	PAC: explorer.exe -> explorer.exe Access=1000	
00005759	92.78680420	System	PAC: explorer.exe -> explorer.exe Access=1000	
00005760	92.79459381	System	PAC: explorer.exe -> Dbgview.exe Access=1000	
00005761	92.79913330	System	PAC: explorer.exe -> FangameTale-Wi Access=1000	
00005762	92.80536652	System	PAC: explorer.exe -> explorer.exe Access=1000	
00005763	92.81319427	System	PAC: explorer.exe -> cmd.exe Access=1000	
00005764	92.81835938	System	PAC: explorer.exe -> explorer.exe Access=1000	
00005765	92.82391357	System	PAC: explorer.exe -> explorer.exe Access=1000	
00005766	92.83216858	System	PAC: explorer.exe -> explorer.exe Access=1000	
00005767	92.83807373	System	PAC: explorer.exe -> explorer.exe Access=1000	
00005768	92.84568024	System	PAC: explorer.exe -> explorer.exe Access=2000	
00005769	92.87864685	System	PAC: explorer.exe -> explorer.exe Access=2000	
00005770	92.87865448	System	PAC: explorer.exe -> TextInputHost. Access=2000	
00005771	92.87866211	System	PAC: explorer.exe -> SearchApp.exe Access=2000	
00005772	92.87866974	System	PAC: explorer.exe -> StartMenuExper Access=2000	
00005773	92.87867737	System	PAC: explorer.exe -> FangameTale-Wi Access=2000	
00005774	92.89109039	System	7926250000 - STORMINI: StorAHCI - LPM: SystemIoBusNumber:0 Port:00 - IDLE	
00005775	92.93730927	9104	SystemManufacturers OS Version: 	
00005776	92.96035767	9104	10	
00005777	92.97005463	System	PAC: svchost.exe -> VBoxService.ex Access=1000	
00005778	92.97029877	System	PAC: svchost.exe -> VBoxService.ex Access=1000	
00005779	92.97046661	System	PAC: svchost.exe -> VBoxService.ex Access=1000	
00005781	93.08457184	System	PAC: M365Copilot.ex -> msedgewebview2 Access=1410	
00005782	93.08457947	System	PAC: M365Copilot.ex -> msedgewebview2 Access=1410	
00005783	93.08458710	System	PAC: M365Copilot.ex -> msedgewebview2 Access=1410	
00005784	93.08465576	System	PAC: M365Copilot.ex -> msedgewebview2 Access=1410	
00005785	93.08466339	System	PAC: M365Copilot.ex -> msedgewebview2 Access=1410	
00005786	93.15809631	System	7928906250 - STORMINI: StorAHCI - LPM: SystemIoBusNumber:0 Port:00 - ACTIVE	
00005787	93.15810394	System	7928906250 - STORMINI: StorAHCI - LPM: SystemIoBusNumber:0 Port:00 - Transit into Slumber from Partial - Canceled	
00005788	93.21798706	System	PAC: services.exe -> svchost.exe Access=1FFFFF	
00005789	93.21807861	System	PAC: MsMpEng.exe -> svchost.exe Access=1000	
00005790	93.21813965	System	PAC: csrss.exe -> svchost.exe Access=1FFFFF	
00005791	93.21839905	System	PAC: svchost.exe -> svchost.exe Access=1101	
00005792	93.21881866	System	PAC: svchost.exe -> svchost.exe Access=1000	
00005793	93.21891785	System	PAC: svchost.exe -> svchost.exe Access=1000	
00005794	93.21943665	System	PAC: MsMpEng.exe -> services.exe Access=1000	
00005795	93.22145081	System	PAC: csrss.exe -> svchost.exe Access=1FFFFF	
00005796	93.22461700	System	PAC: svchost.exe -> M365Copilot.ex Access=1000	
00005797	93.23233795	System	PAC: M365Copilot.ex -> M365Copilot.ex Access=1000	
00005798	93.23256683	System	PAC: svchost.exe -> svchost.exe Access=1000	
00005799	93.23258972	System	PAC: svchost.exe -> svchost.exe Access=1000	
00005800	93.23305511	System	PAC: lsass.exe -> M365Copilot.ex Access=1000	
00005801	93.23318481	System	PAC: lsass.exe -> M365Copilot.ex Access=1000	
00005802	93.23335266	System	PAC: lsass.exe -> M365Copilot.ex Access=1000	
00005803	93.23343658	System	PAC: lsass.exe -> M365Copilot.ex Access=1000	
00005804	93.23606110	System	PAC: svchost.exe -> svchost.exe Access=1000	
00005805	93.23607635	System	PAC: svchost.exe -> svchost.exe Access=100000	
00005806	93.23748779	System	PAC: services.exe -> svchost.exe Access=1000	
00005807	93.23764801	System	PAC: services.exe -> svchost.exe Access=1000	
00005808	93.23765564	System	PAC: services.exe -> svchost.exe Access=1FFFFF	
00005809	93.23796844	System	PAC: svchost.exe -> M365Copilot.ex Access=1000	
00005810	93.23822784	System	PAC: services.exe -> svchost.exe Access=1000	
00005811	93.23969269	System	PAC: svchost.exe -> M365Copilot.ex Access=1000	
00005812	93.24130249	System	PAC: svchost.exe -> M365Copilot.ex Access=1000	
00005813	93.24281311	System	PAC: svchost.exe -> M365Copilot.ex Access=1000	
00005814	93.24362183	System	PAC: svchost.exe -> M365Copilot.ex Access=1000	
00005815	93.24501038	System	PAC: svchost.exe -> M365Copilot.ex Access=1000	
00005816	93.24542999	System	PAC: svchost.exe -> M365Copilot.ex Access=1000	
00005817	93.24654388	System	PAC: svchost.exe -> M365Copilot.ex Access=1000	
00005818	93.24686432	System	PAC: svchost.exe -> M365Copilot.ex Access=1000	
00005819	93.24993134	System	PAC: svchost.exe -> M365Copilot.ex Access=1000	
00005820	93.25111389	System	PAC: svchost.exe -> M365Copilot.ex Access=1000	
00005821	93.25202179	System	PAC: svchost.exe -> svchost.exe Access=1000	
00005822	93.25213623	System	PAC: services.exe -> svchost.exe Access=1FFFFF	
00005823	93.25325775	System	PAC: svchost.exe -> M365Copilot.ex Access=1000	
00005824	93.29083252	System	PAC: explorer.exe -> explorer.exe Access=1000	
00005825	93.29638672	System	PAC: explorer.exe -> explorer.exe Access=1000	
00005826	93.30251312	System	PAC: explorer.exe -> explorer.exe Access=1000	
00005827	93.30712891	System	PAC: M365Copilot.ex -> M365Copilot.ex Access=1000	
00005828	93.30811310	System	PAC: explorer.exe -> explorer.exe Access=1000	
00005829	93.31648254	System	PAC: explorer.exe -> explorer.exe Access=1000	
00005830	93.32091522	System	PAC: explorer.exe -> Dbgview.exe Access=1000	
00005831	93.32776642	System	PAC: explorer.exe -> FangameTale-Wi Access=1000	
00005832	93.33428955	System	PAC: explorer.exe -> explorer.exe Access=1000	
00005833	93.33863831	System	PAC: explorer.exe -> cmd.exe Access=1000	
00005834	93.34082794	System	PAC: svchost.exe -> svchost.exe Access=40	
00005835	93.34094238	System	PAC: svchost.exe -> svchost.exe Access=1000	
00005836	93.34098053	System	PAC: svchost.exe -> svchost.exe Access=40	
00005837	93.34322357	System	PAC: explorer.exe -> explorer.exe Access=1000	
00005838	93.34467316	System	PAC: explorer.exe -> explorer.exe Access=1000	
00005839	93.34930420	System	PAC: svchost.exe -> WmiPrvSE.exe Access=1000	
00005840	93.34933472	System	PAC: svchost.exe -> WmiPrvSE.exe Access=1000	
00005841	93.34948730	System	PAC: svchost.exe -> WmiPrvSE.exe Access=1000	
00005842	93.34960175	System	PAC: svchost.exe -> WmiPrvSE.exe Access=1000	
00005843	93.34965515	System	PAC: explorer.exe -> explorer.exe Access=1000	
00005844	93.34967041	System	PAC: svchost.exe -> WmiPrvSE.exe Access=1000	
00005845	93.34973145	System	PAC: svchost.exe -> WmiPrvSE.exe Access=1000	
00005846	93.35218048	System	PAC: explorer.exe -> M365Copilot.ex Access=1000	
00005847	93.37586975	System	PAC: svchost.exe -> svchost.exe Access=40	
00005848	93.37598419	System	PAC: svchost.exe -> svchost.exe Access=1000	
00005849	93.37598419	System	PAC: svchost.exe -> svchost.exe Access=40	
00005850	93.40007782	System	PAC: M365Copilot.ex -> M365Copilot.ex Access=1000	
00005851	93.43612671	System	PAC: svchost.exe -> M365Copilot.ex Access=101000	
00005852	93.43614197	System	PAC: svchost.exe -> M365Copilot.ex Access=1000	
00005853	93.43658447	System	PAC: svchost.exe -> svchost.exe Access=1000	
00005854	93.43659210	System	PAC: svchost.exe -> svchost.exe Access=40	
00005855	93.43861389	System	PAC: svchost.exe -> M365Copilot.ex Access=101000	
00005856	93.43862152	System	PAC: svchost.exe -> M365Copilot.ex Access=1000	
00005857	93.43873596	System	PAC: svchost.exe -> svchost.exe Access=1000	
00005858	93.43873596	System	PAC: svchost.exe -> svchost.exe Access=40	
00005859	93.44341278	System	PAC: svchost.exe -> M365Copilot.ex Access=1000	
00005860	93.44671631	System	PAC: svchost.exe -> M365Copilot.ex Access=1000	
00005861	93.44795990	System	PAC: svchost.exe -> M365Copilot.ex Access=101000	
00005862	93.44797516	System	PAC: svchost.exe -> M365Copilot.ex Access=1000	
00005863	93.44835663	System	PAC: svchost.exe -> svchost.exe Access=1000	
00005864	93.44836426	System	PAC: svchost.exe -> svchost.exe Access=40	
00005865	93.44995880	System	PAC: svchost.exe -> M365Copilot.ex Access=101000	
00005866	93.44996643	System	PAC: svchost.exe -> M365Copilot.ex Access=1000	
00005867	93.45043182	System	PAC: svchost.exe -> svchost.exe Access=1000	
00005868	93.45043945	System	PAC: svchost.exe -> svchost.exe Access=40	
00005869	93.45164490	System	PAC: svchost.exe -> M365Copilot.ex Access=101000	
00005870	93.45166016	System	PAC: svchost.exe -> M365Copilot.ex Access=1000	
00005871	93.45198059	System	PAC: svchost.exe -> svchost.exe Access=1000	
00005872	93.45198822	System	PAC: svchost.exe -> svchost.exe Access=40	
00005873	93.45310211	System	PAC: svchost.exe -> M365Copilot.ex Access=101000	
00005874	93.45310974	System	PAC: svchost.exe -> M365Copilot.ex Access=1000	
00005875	93.45322418	System	PAC: svchost.exe -> svchost.exe Access=1000	
00005876	93.45323181	System	PAC: svchost.exe -> svchost.exe Access=40	
00005877	93.45442963	System	PAC: svchost.exe -> M365Copilot.ex Access=101000	
00005878	93.45444489	System	PAC: svchost.exe -> M365Copilot.ex Access=1000	
00005879	93.45455170	System	PAC: svchost.exe -> svchost.exe Access=1000	
00005880	93.45455933	System	PAC: svchost.exe -> svchost.exe Access=40	
00005881	93.45847321	System	PAC: svchost.exe -> M365Copilot.ex Access=101000	
00005882	93.45849609	System	PAC: svchost.exe -> M365Copilot.ex Access=1000	
00005883	93.45850372	System	PAC: svchost.exe -> M365Copilot.ex Access=101000	
00005884	93.45854187	System	PAC: svchost.exe -> M365Copilot.ex Access=1000	
00005885	93.45873260	System	PAC: svchost.exe -> svchost.exe Access=1000	
00005886	93.45874023	System	PAC: svchost.exe -> svchost.exe Access=40	
00005887	93.45883179	System	PAC: svchost.exe -> svchost.exe Access=1000	
00005888	93.45883179	System	PAC: svchost.exe -> svchost.exe Access=40	
00005889	93.46079254	System	PAC: svchost.exe -> M365Copilot.ex Access=1000	
00005890	93.46109772	System	PAC: svchost.exe -> M365Copilot.ex Access=1000	
00005891	93.46112061	System	PAC: svchost.exe -> M365Copilot.ex Access=101000	
00005892	93.46113586	System	PAC: svchost.exe -> M365Copilot.ex Access=1000	
00005893	93.46280670	System	PAC: svchost.exe -> M365Copilot.ex Access=101000	
00005894	93.46281433	System	PAC: svchost.exe -> M365Copilot.ex Access=1000	
00005895	93.46311951	System	PAC: svchost.exe -> svchost.exe Access=1000	
00005896	93.46311951	System	PAC: svchost.exe -> svchost.exe Access=40	
00005897	93.46453857	System	PAC: svchost.exe -> M365Copilot.ex Access=101000	
00005898	93.46455383	System	PAC: svchost.exe -> M365Copilot.ex Access=1000	
00005899	93.46474457	System	PAC: svchost.exe -> svchost.exe Access=1000	
00005900	93.46475220	System	PAC: svchost.exe -> svchost.exe Access=40	
00005901	93.46511078	System	PAC: svchost.exe -> M365Copilot.ex Access=1000	
00005902	93.46759796	System	PAC: svchost.exe -> M365Copilot.ex Access=101000	
00005903	93.46761322	System	PAC: svchost.exe -> M365Copilot.ex Access=1000	
00005904	93.46776581	System	PAC: svchost.exe -> svchost.exe Access=1000	
00005905	93.46776581	System	PAC: svchost.exe -> svchost.exe Access=40	
00005906	93.46904755	System	PAC: svchost.exe -> M365Copilot.ex Access=101000	
00005907	93.46906281	System	PAC: svchost.exe -> M365Copilot.ex Access=1000	
00005908	93.46917725	System	PAC: svchost.exe -> svchost.exe Access=1000	
00005909	93.46918488	System	PAC: svchost.exe -> svchost.exe Access=40	
00005910	93.47105408	System	PAC: svchost.exe -> M365Copilot.ex Access=101000	
00005911	93.47106934	System	PAC: svchost.exe -> M365Copilot.ex Access=1000	
00005912	93.47119904	System	PAC: svchost.exe -> svchost.exe Access=1000	
00005913	93.47120667	System	PAC: svchost.exe -> svchost.exe Access=40	
00005914	93.48554993	System	PAC: svchost.exe -> M365Copilot.ex Access=1000	
00005915	93.48557281	System	PAC: svchost.exe -> M365Copilot.ex Access=101000	
00005916	93.48558807	System	PAC: svchost.exe -> M365Copilot.ex Access=1000	
00005917	93.54129028	System	PAC: svchost.exe -> WmiPrvSE.exe Access=1000	
00005918	93.54132843	System	PAC: svchost.exe -> WmiPrvSE.exe Access=1000	
00005919	93.54140472	System	PAC: svchost.exe -> WmiPrvSE.exe Access=1000	
00005920	93.54144287	System	PAC: svchost.exe -> WmiPrvSE.exe Access=1000	
00005921	93.54150391	System	PAC: svchost.exe -> WmiPrvSE.exe Access=1000	
00005922	93.54155731	System	PAC: svchost.exe -> WmiPrvSE.exe Access=1000	
00005923	93.60711670	System	PAC: svchost.exe -> svchost.exe Access=1000	
00005924	93.60787964	System	PAC: svchost.exe -> svchost.exe Access=1000	
00005925	93.62642670	System	PAC: svchost.exe -> svchost.exe Access=1000	
00005926	93.62909698	System	PAC: svchost.exe -> svchost.exe Access=1000	
00005927	93.63861847	System	PAC: svchost.exe -> svchost.exe Access=1000	
00005928	93.63969421	System	PAC: svchost.exe -> svchost.exe Access=1000	
00005929	93.64864349	System	PAC: svchost.exe -> svchost.exe Access=1000	
00005930	93.64951324	System	PAC: svchost.exe -> svchost.exe Access=1000	
00005931	93.65364838	System	PAC: svchost.exe -> svchost.exe Access=1000	
00005932	93.65513611	System	PAC: svchost.exe -> svchost.exe Access=1000	
00005933	93.66059875	System	PAC: svchost.exe -> svchost.exe Access=1000	
00005934	93.66098022	System	PAC: svchost.exe -> svchost.exe Access=1000	
00005935	93.66460419	System	PAC: svchost.exe -> svchost.exe Access=1000	
00005936	93.66583252	System	PAC: svchost.exe -> svchost.exe Access=1000	
00005937	93.67163086	System	PAC: svchost.exe -> svchost.exe Access=1000	
00005938	93.67211151	System	PAC: svchost.exe -> svchost.exe Access=1000	
00005939	93.67674255	System	PAC: svchost.exe -> svchost.exe Access=1000	
00005940	93.67794800	System	PAC: svchost.exe -> svchost.exe Access=1000	
00005941	93.68380737	System	PAC: svchost.exe -> svchost.exe Access=1000	
00005942	93.68431091	System	PAC: svchost.exe -> svchost.exe Access=1000	
00005943	93.68620300	System	PAC: svchost.exe -> svchost.exe Access=1000	
00005944	93.68660736	System	PAC: svchost.exe -> svchost.exe Access=1000	
00005945	93.69101715	System	PAC: svchost.exe -> svchost.exe Access=1000	
00005946	93.69179535	System	PAC: svchost.exe -> svchost.exe Access=1000	
00005947	93.69582367	System	PAC: svchost.exe -> svchost.exe Access=1000	
00005948	93.69683075	System	PAC: svchost.exe -> svchost.exe Access=1000	
00005949	93.70272064	System	PAC: svchost.exe -> svchost.exe Access=1000	
00005950	93.70404816	System	PAC: svchost.exe -> svchost.exe Access=1000	
00005951	93.70891571	System	PAC: svchost.exe -> svchost.exe Access=1000	
00005952	93.70944977	System	PAC: svchost.exe -> svchost.exe Access=1000	
00005953	93.76309204	System	7934843750 - STORMINI: StorAHCI - LPM: Port 01 - Port Stopped	
00005954	93.76441956	System	7934843750 - STORMINI: StorAHCI - LPM: Port 01 - Port Started	
00005955	93.84897614	System	PAC: svchost.exe -> svchost.exe Access=40	
00005956	93.84917450	System	PAC: svchost.exe -> svchost.exe Access=1000	
00005957	93.84918976	System	PAC: svchost.exe -> svchost.exe Access=40	
00005958	93.85495758	System	PAC: svchost.exe -> WmiPrvSE.exe Access=1000	
00005959	93.85497284	System	PAC: svchost.exe -> WmiPrvSE.exe Access=1000	
00005960	93.85504913	System	PAC: svchost.exe -> WmiPrvSE.exe Access=1000	
00005961	93.85509491	System	PAC: svchost.exe -> WmiPrvSE.exe Access=1000	
00005962	93.85526276	System	PAC: svchost.exe -> WmiPrvSE.exe Access=1000	
00005963	93.85542297	System	PAC: svchost.exe -> WmiPrvSE.exe Access=1000	
00005964	93.85856628	9104	HandleCommandAsync unhandled function: sid	
00005965	93.87359619	System	PAC: svchost.exe -> svchost.exe Access=40	
00005966	93.87368011	System	PAC: svchost.exe -> svchost.exe Access=1000	
00005967	93.87368011	System	PAC: svchost.exe -> svchost.exe Access=40	
00005968	93.88030243	9104	HandleCommandAsync unhandled function: sid	
00005969	93.98304749	System	PAC: svchost.exe -> VBoxService.ex Access=1000	
00005970	93.98308563	System	PAC: svchost.exe -> VBoxService.ex Access=1000	
00005971	93.98329926	System	PAC: svchost.exe -> VBoxService.ex Access=1000	
00005972	94.03637695	System	PAC: svchost.exe -> WmiPrvSE.exe Access=1000	
00005973	94.03641510	System	PAC: svchost.exe -> WmiPrvSE.exe Access=1000	
00005974	94.03649139	System	PAC: svchost.exe -> WmiPrvSE.exe Access=1000	
00005975	94.03652954	System	PAC: svchost.exe -> WmiPrvSE.exe Access=1000	
00005976	94.03667450	System	PAC: svchost.exe -> WmiPrvSE.exe Access=1000	
00005977	94.03681946	System	PAC: svchost.exe -> WmiPrvSE.exe Access=1000	
00005978	94.09379578	System	PAC: svchost.exe -> Dbgview.exe Access=2000	
00005979	94.09603119	System	PAC: svchost.exe -> svchost.exe Access=1000	
00005980	94.09684753	System	PAC: svchost.exe -> svchost.exe Access=1000	
00005981	94.11032104	System	PAC: svchost.exe -> svchost.exe Access=1000	
00005982	94.11103058	System	PAC: svchost.exe -> svchost.exe Access=1000	
00005983	94.11687469	System	PAC: svchost.exe -> svchost.exe Access=1000	
00005984	94.11743164	System	PAC: svchost.exe -> svchost.exe Access=1000	
00005985	94.12029266	System	PAC: svchost.exe -> svchost.exe Access=1000	
00005986	94.12079620	System	PAC: svchost.exe -> svchost.exe Access=1000	
00005987	94.12375641	System	PAC: svchost.exe -> svchost.exe Access=1000	
00005988	94.12474060	System	PAC: svchost.exe -> svchost.exe Access=1000	
00005989	94.12946320	System	PAC: svchost.exe -> svchost.exe Access=1000	
00005990	94.12993622	System	PAC: svchost.exe -> svchost.exe Access=1000	
00005991	94.13368225	System	PAC: svchost.exe -> svchost.exe Access=1000	
00005992	94.13407135	System	PAC: svchost.exe -> svchost.exe Access=1000	
00005993	94.13606262	System	PAC: svchost.exe -> svchost.exe Access=1000	
00005994	94.13668823	System	PAC: svchost.exe -> svchost.exe Access=1000	
00005995	94.14327240	System	PAC: svchost.exe -> svchost.exe Access=1000	
00005996	94.14420319	System	PAC: svchost.exe -> svchost.exe Access=1000	
00005997	94.14807892	System	PAC: svchost.exe -> svchost.exe Access=1000	
00005998	94.14847565	System	PAC: svchost.exe -> svchost.exe Access=1000	
00005999	94.15055084	System	PAC: svchost.exe -> svchost.exe Access=1000	
00006000	94.15159607	System	PAC: svchost.exe -> svchost.exe Access=1000	
00006001	94.15867615	System	PAC: svchost.exe -> svchost.exe Access=1000	
00006002	94.15914154	System	PAC: svchost.exe -> svchost.exe Access=1000	
00006003	94.16361237	System	PAC: svchost.exe -> svchost.exe Access=1000	
00006004	94.16429138	System	PAC: svchost.exe -> svchost.exe Access=1000	
00006005	94.16715240	System	7938906250 - STORMINI: StorAHCI - LPM: SystemIoBusNumber:0 Port:00 - IDLE	
00006006	94.17247772	System	PAC: svchost.exe -> svchost.exe Access=1000	
00006007	94.17313385	System	PAC: svchost.exe -> svchost.exe Access=1000	
00006008	94.17720032	System	PAC: svchost.exe -> svchost.exe Access=1000	
00006009	94.17767334	System	PAC: svchost.exe -> svchost.exe Access=1000	
00006010	94.19857788	System	7939218750 - STORMINI: StorAHCI - LPM: SystemIoBusNumber:0 Port:00 - ACTIVE	
00006011	94.19857788	System	7939218750 - STORMINI: StorAHCI - LPM: SystemIoBusNumber:0 Port:00 - Transit into Slumber from Partial - Canceled	
00006012	94.19927979	System	PAC: svchost.exe -> Dbgview.exe Access=2000	
00006013	94.22317505	System	PAC: explorer.exe -> Dbgview.exe Access=1000	
00006014	94.22319031	System	PAC: explorer.exe -> Dbgview.exe Access=1000	
00006015	94.22850800	System	PAC: explorer.exe -> explorer.exe Access=1000	
00006016	94.23224640	System	PAC: explorer.exe -> explorer.exe Access=1000	
00006017	94.23657227	System	PAC: explorer.exe -> explorer.exe Access=1000	
00006018	94.23899078	System	PAC: explorer.exe -> explorer.exe Access=1000	
00006019	94.23902130	System	PAC: explorer.exe -> Dbgview.exe Access=1000	
00006020	94.23912048	System	PAC: explorer.exe -> FangameTale-Wi Access=1000	
00006021	94.23913574	System	PAC: explorer.exe -> explorer.exe Access=1000	
00006022	94.23915100	System	PAC: explorer.exe -> cmd.exe Access=1000	
00006023	94.23916626	System	PAC: explorer.exe -> explorer.exe Access=1000	
00006024	94.23918152	System	PAC: explorer.exe -> explorer.exe Access=1000	
00006025	94.23918915	System	PAC: explorer.exe -> explorer.exe Access=1000	
00006026	94.23939514	System	PAC: explorer.exe -> Dbgview.exe Access=1000	
00006027	94.28352356	System	PAC: svchost.exe -> M365Copilot.ex Access=1040	
00006028	94.29365540	System	PAC: ctfmon.exe -> Dbgview.exe Access=1000	
00006029	94.30425262	System	PAC: svchost.exe -> svchost.exe Access=40	
00006030	94.30437469	System	PAC: svchost.exe -> svchost.exe Access=1000	
00006031	94.30438995	System	PAC: svchost.exe -> svchost.exe Access=40	
00006032	94.30955505	System	PAC: svchost.exe -> WmiPrvSE.exe Access=1000	
00006033	94.30957794	System	PAC: svchost.exe -> WmiPrvSE.exe Access=1000	
00006034	94.30965424	System	PAC: svchost.exe -> WmiPrvSE.exe Access=1000	
00006035	94.30969238	System	PAC: svchost.exe -> WmiPrvSE.exe Access=1000	
00006036	94.30975342	System	PAC: svchost.exe -> WmiPrvSE.exe Access=1000	
00006037	94.30989838	System	PAC: svchost.exe -> WmiPrvSE.exe Access=1000	
00006038	94.32446289	System	PAC: svchost.exe -> svchost.exe Access=40	
00006039	94.32455444	System	PAC: svchost.exe -> svchost.exe Access=1000	
00006040	94.32455444	System	PAC: svchost.exe -> svchost.exe Access=40	
00006041	94.36688995	System	PAC: explorer.exe -> explorer.exe Access=2000	
00006042	94.36688995	System	PAC: explorer.exe -> TextInputHost. Access=2000	
00006043	94.36689758	System	PAC: explorer.exe -> SearchApp.exe Access=2000	
00006044	94.36689758	System	PAC: explorer.exe -> StartMenuExper Access=2000	
00006045	94.36690521	System	PAC: explorer.exe -> FangameTale-Wi Access=2000	
00006046	94.36812592	System	PAC: explorer.exe -> Dbgview.exe Access=1000	
00006047	94.36863708	System	PAC: explorer.exe -> Dbgview.exe Access=1000	
00006048	94.41396332	9104	HandleCommandAsync unhandled function: cid	
00006049	94.47488403	System	PAC: svchost.exe -> WmiPrvSE.exe Access=1000	
00006050	94.47492218	System	PAC: svchost.exe -> WmiPrvSE.exe Access=1000	
00006051	94.47507477	System	PAC: svchost.exe -> WmiPrvSE.exe Access=1000	
00006052	94.47512054	System	PAC: svchost.exe -> WmiPrvSE.exe Access=1000	
00006053	94.47518158	System	PAC: svchost.exe -> WmiPrvSE.exe Access=1000	
00006054	94.47523499	System	PAC: svchost.exe -> WmiPrvSE.exe Access=1000	
00006055	94.52199554	System	PAC: svchost.exe -> svchost.exe Access=1000	
00006056	94.52282715	System	PAC: svchost.exe -> svchost.exe Access=1000	
00006057	94.53705597	System	PAC: svchost.exe -> svchost.exe Access=1000	
00006058	94.53798676	System	PAC: svchost.exe -> svchost.exe Access=1000	
00006059	94.54284668	System	PAC: svchost.exe -> svchost.exe Access=1000	
00006060	94.54424286	System	PAC: svchost.exe -> svchost.exe Access=1000	
00006061	94.54883575	System	PAC: svchost.exe -> svchost.exe Access=1000	
00006062	94.54937744	System	PAC: svchost.exe -> svchost.exe Access=1000	
00006063	94.55175781	System	PAC: svchost.exe -> svchost.exe Access=1000	
00006064	94.55218506	System	PAC: svchost.exe -> svchost.exe Access=1000	
00006065	94.55570221	System	PAC: svchost.exe -> svchost.exe Access=1000	
00006066	94.55613708	System	PAC: svchost.exe -> svchost.exe Access=1000	
00006067	94.56078339	System	PAC: svchost.exe -> svchost.exe Access=1000	
00006068	94.56141663	System	PAC: svchost.exe -> svchost.exe Access=1000	
00006069	94.56331635	System	PAC: svchost.exe -> svchost.exe Access=1000	
00006070	94.56370544	System	PAC: svchost.exe -> svchost.exe Access=1000	
00006071	94.56901550	System	PAC: svchost.exe -> svchost.exe Access=1000	
00006072	94.56945038	System	PAC: svchost.exe -> svchost.exe Access=1000	
00006073	94.57286835	System	PAC: svchost.exe -> svchost.exe Access=1000	
00006074	94.57344818	System	PAC: svchost.exe -> svchost.exe Access=1000	
00006075	94.57622528	System	PAC: svchost.exe -> svchost.exe Access=1000	
00006076	94.57723236	System	PAC: svchost.exe -> svchost.exe Access=1000	
00006077	94.58268738	System	PAC: svchost.exe -> svchost.exe Access=1000	
00006078	94.58316040	System	PAC: svchost.exe -> svchost.exe Access=1000	
00006079	94.58625031	System	PAC: svchost.exe -> svchost.exe Access=1000	
00006080	94.58672333	System	PAC: svchost.exe -> svchost.exe Access=1000	
00006081	94.59307861	System	PAC: svchost.exe -> svchost.exe Access=1000	
00006082	94.59350586	System	PAC: svchost.exe -> svchost.exe Access=1000	
00006083	94.59760284	System	PAC: svchost.exe -> svchost.exe Access=1000	
00006084	94.59800720	System	PAC: svchost.exe -> svchost.exe Access=1000	
00006085	94.70384216	System	PAC: svchost.exe -> svchost.exe Access=1000	
00006086	94.70765686	System	PAC: svchost.exe -> M365Copilot.ex Access=1040	
00006087	94.77673340	System	7945000000 - STORMINI: StorAHCI - LPM: Port 01 - Port Stopped	
00006088	94.77750397	System	7945000000 - STORMINI: StorAHCI - LPM: Port 01 - Port Started	
00006089	94.78687286	System	PAC: svchost.exe -> WmiPrvSE.exe Access=1000	
00006090	94.78689575	System	PAC: svchost.exe -> WmiPrvSE.exe Access=1000	
00006091	94.78697968	System	PAC: svchost.exe -> WmiPrvSE.exe Access=1000	
00006092	94.78701782	System	PAC: svchost.exe -> WmiPrvSE.exe Access=1000	
00006093	94.78717041	System	PAC: svchost.exe -> WmiPrvSE.exe Access=1000	
00006094	94.78722382	System	PAC: svchost.exe -> WmiPrvSE.exe Access=1000	
00006095	94.80307770	System	PAC: svchost.exe -> WmiPrvSE.exe Access=1000	
00006096	94.80310059	System	PAC: svchost.exe -> WmiPrvSE.exe Access=1000	
00006097	94.80316925	System	PAC: svchost.exe -> WmiPrvSE.exe Access=1000	
00006098	94.80319977	System	PAC: svchost.exe -> WmiPrvSE.exe Access=1000	
00006099	94.80326080	System	PAC: svchost.exe -> WmiPrvSE.exe Access=1000	
00006100	94.80330658	System	PAC: svchost.exe -> WmiPrvSE.exe Access=1000	
00006101	94.82095337	System	PAC: svchost.exe -> svchost.exe Access=1000	
00006102	94.82112885	System	PAC: svchost.exe -> svchost.exe Access=1000	
00006103	94.82115936	System	PAC: svchost.exe -> svchost.exe Access=1000	
00006104	94.83185577	System	PAC: svchost.exe -> WmiPrvSE.exe Access=1000	
00006105	94.83188629	System	PAC: svchost.exe -> WmiPrvSE.exe Access=1000	
00006106	94.83195496	System	PAC: svchost.exe -> WmiPrvSE.exe Access=1000	
00006107	94.83199310	System	PAC: svchost.exe -> WmiPrvSE.exe Access=1000	
00006108	94.83205414	System	PAC: svchost.exe -> WmiPrvSE.exe Access=1000	
00006109	94.83210754	System	PAC: svchost.exe -> WmiPrvSE.exe Access=1000	
00006110	94.84907532	System	PAC: svchost.exe -> WmiPrvSE.exe Access=1000	
00006111	94.84909821	System	PAC: svchost.exe -> WmiPrvSE.exe Access=1000	
00006112	94.84917450	System	PAC: svchost.exe -> WmiPrvSE.exe Access=1000	
00006113	94.84921265	System	PAC: svchost.exe -> WmiPrvSE.exe Access=1000	
00006114	94.84927368	System	PAC: svchost.exe -> WmiPrvSE.exe Access=1000	
00006115	94.84933472	System	PAC: svchost.exe -> WmiPrvSE.exe Access=1000	
00006116	94.88151550	System	PAC: svchost.exe -> WmiPrvSE.exe Access=1000	
00006117	94.88153839	System	PAC: svchost.exe -> WmiPrvSE.exe Access=1000	
00006118	94.88160706	System	PAC: svchost.exe -> WmiPrvSE.exe Access=1000	
00006119	94.88163757	System	PAC: svchost.exe -> WmiPrvSE.exe Access=1000	
00006120	94.88178253	System	PAC: svchost.exe -> WmiPrvSE.exe Access=1000	
00006121	94.88185883	System	PAC: svchost.exe -> WmiPrvSE.exe Access=1000	
00006122	94.96797180	System	PAC: svchost.exe -> WmiPrvSE.exe Access=1000	
00006123	94.96800995	System	PAC: svchost.exe -> WmiPrvSE.exe Access=1000	
00006124	94.96835327	System	PAC: svchost.exe -> WmiPrvSE.exe Access=1000	
00006125	94.96852875	System	PAC: svchost.exe -> WmiPrvSE.exe Access=1000	
00006126	94.96873474	System	PAC: svchost.exe -> WmiPrvSE.exe Access=1000	
00006127	94.96880341	System	PAC: svchost.exe -> WmiPrvSE.exe Access=1000	
00006128	94.98747253	System	PAC: svchost.exe -> WmiPrvSE.exe Access=1000	
00006129	94.98748779	System	PAC: svchost.exe -> WmiPrvSE.exe Access=1000	
00006130	94.98755646	System	PAC: svchost.exe -> WmiPrvSE.exe Access=1000	
00006131	94.98759460	System	PAC: svchost.exe -> WmiPrvSE.exe Access=1000	
00006132	94.98765564	System	PAC: svchost.exe -> WmiPrvSE.exe Access=1000	
00006133	94.98770905	System	PAC: svchost.exe -> WmiPrvSE.exe Access=1000	
00006134	94.99600983	System	PAC: svchost.exe -> VBoxService.ex Access=1000	
00006135	94.99603271	System	PAC: svchost.exe -> VBoxService.ex Access=1000	
00006136	94.99610901	System	PAC: svchost.exe -> VBoxService.ex Access=1000	
00006137	95.05270386	System	PAC: svchost.exe -> WmiPrvSE.exe Access=1000	
00006138	95.05272675	System	PAC: svchost.exe -> WmiPrvSE.exe Access=1000	
00006139	95.05280304	System	PAC: svchost.exe -> WmiPrvSE.exe Access=1000	
00006140	95.05284119	System	PAC: svchost.exe -> WmiPrvSE.exe Access=1000	
00006141	95.05290222	System	PAC: svchost.exe -> WmiPrvSE.exe Access=1000	
00006142	95.05303955	System	PAC: svchost.exe -> WmiPrvSE.exe Access=1000	
00006143	95.06845093	System	PAC: svchost.exe -> WmiPrvSE.exe Access=1000	
00006144	95.06847382	System	PAC: svchost.exe -> WmiPrvSE.exe Access=1000	
00006145	95.06853485	System	PAC: svchost.exe -> WmiPrvSE.exe Access=1000	
00006146	95.06857300	System	PAC: svchost.exe -> WmiPrvSE.exe Access=1000	
00006147	95.06862640	System	PAC: svchost.exe -> WmiPrvSE.exe Access=1000	
00006148	95.06870270	System	PAC: svchost.exe -> WmiPrvSE.exe Access=1000	
00006149	95.08492279	System	PAC: svchost.exe -> WmiPrvSE.exe Access=1000	
00006150	95.08493805	System	PAC: svchost.exe -> WmiPrvSE.exe Access=1000	
00006151	95.08500671	System	PAC: svchost.exe -> WmiPrvSE.exe Access=1000	
00006152	95.08503723	System	PAC: svchost.exe -> WmiPrvSE.exe Access=1000	
00006153	95.08509064	System	PAC: svchost.exe -> WmiPrvSE.exe Access=1000	
00006154	95.08515167	System	PAC: svchost.exe -> WmiPrvSE.exe Access=1000	
00006155	95.10859680	System	PAC: svchost.exe -> WmiPrvSE.exe Access=1000	
00006156	95.10861969	System	PAC: svchost.exe -> WmiPrvSE.exe Access=1000	
00006157	95.10868835	System	PAC: svchost.exe -> WmiPrvSE.exe Access=1000	
00006158	95.10872650	System	PAC: svchost.exe -> WmiPrvSE.exe Access=1000	
00006159	95.10878754	System	PAC: svchost.exe -> WmiPrvSE.exe Access=1000	
00006160	95.10884857	System	PAC: svchost.exe -> WmiPrvSE.exe Access=1000	
00006161	95.14952850	System	PAC: svchost.exe -> WmiPrvSE.exe Access=1000	
00006162	95.14955139	System	PAC: svchost.exe -> WmiPrvSE.exe Access=1000	
00006163	95.14963531	System	PAC: svchost.exe -> WmiPrvSE.exe Access=1000	
00006164	95.14967346	System	PAC: svchost.exe -> WmiPrvSE.exe Access=1000	
00006165	95.14974213	System	PAC: svchost.exe -> WmiPrvSE.exe Access=1000	
00006166	95.14979553	System	PAC: svchost.exe -> WmiPrvSE.exe Access=1000	
00006167	95.21220398	System	7949375000 - STORMINI: StorAHCI - LPM: SystemIoBusNumber:0 Port:00 - IDLE	
00006168	95.21494293	System	7949375000 - STORMINI: StorAHCI - LPM: SystemIoBusNumber:0 Port:00 - ACTIVE	
00006169	95.21495056	System	7949375000 - STORMINI: StorAHCI - LPM: SystemIoBusNumber:0 Port:00 - Transit into Slumber from Partial - Canceled	
00006170	95.22292328	System	PAC: svchost.exe -> WmiPrvSE.exe Access=1000	
00006171	95.22295380	System	PAC: svchost.exe -> WmiPrvSE.exe Access=1000	
00006172	95.22303009	System	PAC: svchost.exe -> WmiPrvSE.exe Access=1000	
00006173	95.22306824	System	PAC: svchost.exe -> WmiPrvSE.exe Access=1000	
00006174	95.22313690	System	PAC: svchost.exe -> WmiPrvSE.exe Access=1000	
00006175	95.22319031	System	PAC: svchost.exe -> WmiPrvSE.exe Access=1000	
00006176	95.24011230	System	PAC: svchost.exe -> WmiPrvSE.exe Access=1000	
00006177	95.24022675	System	PAC: svchost.exe -> WmiPrvSE.exe Access=1000	
00006178	95.24035645	System	PAC: svchost.exe -> WmiPrvSE.exe Access=1000	
00006179	95.24039459	System	PAC: svchost.exe -> WmiPrvSE.exe Access=1000	
00006180	95.24046326	System	PAC: svchost.exe -> WmiPrvSE.exe Access=1000	
00006181	95.24050903	System	PAC: svchost.exe -> WmiPrvSE.exe Access=1000	
00006182	95.27490234	System	PAC: svchost.exe -> WmiPrvSE.exe Access=1000	
00006183	95.27493286	System	PAC: svchost.exe -> WmiPrvSE.exe Access=1000	
00006184	95.27501678	System	PAC: svchost.exe -> WmiPrvSE.exe Access=1000	
00006185	95.27504730	System	PAC: svchost.exe -> WmiPrvSE.exe Access=1000	
00006186	95.27510834	System	PAC: svchost.exe -> WmiPrvSE.exe Access=1000	
00006187	95.27525330	System	PAC: svchost.exe -> WmiPrvSE.exe Access=1000	
00006188	95.28959656	System	PAC: svchost.exe -> WmiPrvSE.exe Access=1000	
00006189	95.28961945	System	PAC: svchost.exe -> WmiPrvSE.exe Access=1000	
00006190	95.28968048	System	PAC: svchost.exe -> WmiPrvSE.exe Access=1000	
00006191	95.28971863	System	PAC: svchost.exe -> WmiPrvSE.exe Access=1000	
00006192	95.28977203	System	PAC: svchost.exe -> WmiPrvSE.exe Access=1000	
00006193	95.28991699	System	PAC: svchost.exe -> WmiPrvSE.exe Access=1000	
00006194	95.30695343	System	PAC: svchost.exe -> WmiPrvSE.exe Access=1000	
00006195	95.30698395	System	PAC: svchost.exe -> WmiPrvSE.exe Access=1000	
00006196	95.30703735	System	PAC: svchost.exe -> WmiPrvSE.exe Access=1000	
00006197	95.30707550	System	PAC: svchost.exe -> WmiPrvSE.exe Access=1000	
00006198	95.30713654	System	PAC: svchost.exe -> WmiPrvSE.exe Access=1000	
00006199	95.30718994	System	PAC: svchost.exe -> WmiPrvSE.exe Access=1000	
00006200	95.32575226	System	PAC: svchost.exe -> WmiPrvSE.exe Access=1000	
00006201	95.32578278	System	PAC: svchost.exe -> WmiPrvSE.exe Access=1000	
00006202	95.32586670	System	PAC: svchost.exe -> WmiPrvSE.exe Access=1000	
00006203	95.32591248	System	PAC: svchost.exe -> WmiPrvSE.exe Access=1000	
00006204	95.32621002	System	PAC: svchost.exe -> WmiPrvSE.exe Access=1000	
00006205	95.32627106	System	PAC: svchost.exe -> WmiPrvSE.exe Access=1000	
00006206	95.36287689	System	PAC: svchost.exe -> WmiPrvSE.exe Access=1000	
00006207	95.36296844	System	PAC: svchost.exe -> WmiPrvSE.exe Access=1000	
00006208	95.36318207	System	PAC: svchost.exe -> WmiPrvSE.exe Access=1000	
00006209	95.36329651	System	PAC: svchost.exe -> WmiPrvSE.exe Access=1000	
00006210	95.36337280	System	PAC: svchost.exe -> WmiPrvSE.exe Access=1000	
00006211	95.36361694	System	PAC: svchost.exe -> WmiPrvSE.exe Access=1000	
00006212	95.41771698	System	PAC: msedgewebview2 -> msedgewebview2 Access=1000	
00006213	95.41792297	System	PAC: msedgewebview2 -> msedgewebview2 Access=1000	
00006214	95.41811371	System	PAC: msedgewebview2 -> msedgewebview2 Access=1000	
00006215	95.41834259	System	PAC: msedgewebview2 -> msedgewebview2 Access=1000	
00006216	95.41835022	System	PAC: msedgewebview2 -> msedgewebview2 Access=1000	
00006217	95.42004395	System	PAC: msedgewebview2 -> msedgewebview2 Access=1410	
00006218	95.44718170	System	PAC: svchost.exe -> WmiPrvSE.exe Access=1000	
00006219	95.44721985	System	PAC: svchost.exe -> WmiPrvSE.exe Access=1000	
00006220	95.44726562	System	PAC: msedgewebview2 -> msedgewebview2 Access=1410	
00006221	95.44730377	System	PAC: svchost.exe -> WmiPrvSE.exe Access=1000	
00006222	95.44734955	System	PAC: svchost.exe -> WmiPrvSE.exe Access=1000	
00006223	95.44743347	System	PAC: svchost.exe -> WmiPrvSE.exe Access=1000	
00006224	95.44752502	System	PAC: svchost.exe -> WmiPrvSE.exe Access=1000	
00006225	95.45431519	System	PAC: svchost.exe -> msedgewebview2 Access=101000	
00006226	95.45646667	System	PAC: msedgewebview2 -> M365Copilot.ex Access=1000	
00006227	95.46613312	System	PAC: msedgewebview2 -> explorer.exe Access=40	
00006228	95.46619415	System	PAC: msedgewebview2 -> explorer.exe Access=40	
00006229	95.46797180	System	PAC: svchost.exe -> WmiPrvSE.exe Access=1000	
00006230	95.46799469	System	PAC: svchost.exe -> WmiPrvSE.exe Access=1000	
00006231	95.46807098	System	PAC: svchost.exe -> WmiPrvSE.exe Access=1000	
00006232	95.46810913	System	PAC: svchost.exe -> WmiPrvSE.exe Access=1000	
00006233	95.46821594	System	PAC: svchost.exe -> WmiPrvSE.exe Access=1000	
00006234	95.46840668	System	PAC: svchost.exe -> WmiPrvSE.exe Access=1000	
00006235	95.47016144	System	PAC: msedgewebview2 -> explorer.exe Access=40	
00006236	95.47211456	System	PAC: msedgewebview2 -> explorer.exe Access=40	
00006237	95.47215271	System	PAC: msedgewebview2 -> explorer.exe Access=40	
00006238	95.47231293	System	PAC: msedgewebview2 -> explorer.exe Access=40	
00006239	95.47234344	System	PAC: msedgewebview2 -> explorer.exe Access=40	
00006240	95.47605133	System	PAC: msedgewebview2 -> explorer.exe Access=40	
00006241	95.47683716	System	PAC: msedgewebview2 -> msedgewebview2 Access=1410	
00006242	95.47689056	System	PAC: msedgewebview2 -> msedgewebview2 Access=1410	
00006243	95.52723694	System	PAC: explorer.exe -> explorer.exe Access=2000	
00006244	95.52725220	System	PAC: explorer.exe -> TextInputHost. Access=2000	
00006245	95.52725983	System	PAC: explorer.exe -> SearchApp.exe Access=2000	
00006246	95.52726746	System	PAC: explorer.exe -> StartMenuExper Access=2000	
00006247	95.52726746	System	PAC: explorer.exe -> FangameTale-Wi Access=2000	
00006248	95.57936096	System	PAC: svchost.exe -> WmiPrvSE.exe Access=1000	
00006249	95.57941437	System	PAC: svchost.exe -> WmiPrvSE.exe Access=1000	
00006250	95.57951355	System	PAC: svchost.exe -> WmiPrvSE.exe Access=1000	
00006251	95.57955933	System	PAC: svchost.exe -> WmiPrvSE.exe Access=1000	
00006252	95.57962036	System	PAC: svchost.exe -> WmiPrvSE.exe Access=1000	
00006253	95.57980347	System	PAC: svchost.exe -> WmiPrvSE.exe Access=1000	
00006254	95.59472656	System	PAC: svchost.exe -> WmiPrvSE.exe Access=1000	
00006255	95.59481812	System	PAC: svchost.exe -> WmiPrvSE.exe Access=1000	
00006256	95.59489441	System	PAC: svchost.exe -> WmiPrvSE.exe Access=1000	
00006257	95.59492493	System	PAC: svchost.exe -> WmiPrvSE.exe Access=1000	
00006258	95.59518433	System	PAC: svchost.exe -> WmiPrvSE.exe Access=1000	
00006259	95.59538269	System	PAC: svchost.exe -> WmiPrvSE.exe Access=1000	
00006260	95.61293793	System	PAC: svchost.exe -> WmiPrvSE.exe Access=1000	
00006261	95.61296082	System	PAC: svchost.exe -> WmiPrvSE.exe Access=1000	
00006262	95.61310577	System	PAC: svchost.exe -> WmiPrvSE.exe Access=1000	
00006263	95.61314392	System	PAC: svchost.exe -> WmiPrvSE.exe Access=1000	
00006264	95.61329651	System	PAC: svchost.exe -> WmiPrvSE.exe Access=1000	
00006265	95.61335754	System	PAC: svchost.exe -> WmiPrvSE.exe Access=1000	
00006266	95.62656403	System	PAC: svchost.exe -> WmiPrvSE.exe Access=1000	
00006267	95.62658691	System	PAC: svchost.exe -> WmiPrvSE.exe Access=1000	
00006268	95.62673950	System	PAC: svchost.exe -> WmiPrvSE.exe Access=1000	
00006269	95.62684631	System	PAC: svchost.exe -> WmiPrvSE.exe Access=1000	
00006270	95.62691498	System	PAC: svchost.exe -> WmiPrvSE.exe Access=1000	
00006271	95.62705231	System	PAC: svchost.exe -> WmiPrvSE.exe Access=1000	
00006272	95.66909027	System	PAC: svchost.exe -> WmiPrvSE.exe Access=1000	
00006273	95.66933441	System	PAC: svchost.exe -> WmiPrvSE.exe Access=1000	
00006274	95.66944885	System	PAC: svchost.exe -> WmiPrvSE.exe Access=1000	
00006275	95.66958618	System	PAC: svchost.exe -> WmiPrvSE.exe Access=1000	
00006276	95.66969299	System	PAC: svchost.exe -> WmiPrvSE.exe Access=1000	
00006277	95.66977692	System	PAC: svchost.exe -> WmiPrvSE.exe Access=1000	
00006278	95.75246429	System	PAC: svchost.exe -> WmiPrvSE.exe Access=1000	
00006279	95.75260925	System	PAC: svchost.exe -> WmiPrvSE.exe Access=1000	
00006280	95.75286865	System	PAC: svchost.exe -> WmiPrvSE.exe Access=1000	
00006281	95.75298309	System	PAC: svchost.exe -> WmiPrvSE.exe Access=1000	
00006282	95.75321960	System	PAC: svchost.exe -> WmiPrvSE.exe Access=1000	
00006283	95.75335693	System	PAC: svchost.exe -> WmiPrvSE.exe Access=1000	
00006284	95.77149963	System	PAC: svchost.exe -> WmiPrvSE.exe Access=1000	
00006285	95.77152252	System	PAC: svchost.exe -> WmiPrvSE.exe Access=1000	
00006286	95.77172852	System	PAC: svchost.exe -> WmiPrvSE.exe Access=1000	
00006287	95.77177429	System	PAC: svchost.exe -> WmiPrvSE.exe Access=1000	
00006288	95.77198029	System	PAC: svchost.exe -> WmiPrvSE.exe Access=1000	
00006289	95.77212524	System	PAC: svchost.exe -> WmiPrvSE.exe Access=1000	
00006290	95.77740479	System	7955000000 - STORMINI: StorAHCI - LPM: Port 01 - Port Stopped	
00006291	95.77862549	System	7955000000 - STORMINI: StorAHCI - LPM: Port 01 - Port Started	
00006292	95.81362152	System	PAC: svchost.exe -> WmiPrvSE.exe Access=1000	
00006293	95.81366730	System	PAC: svchost.exe -> WmiPrvSE.exe Access=1000	
00006294	95.81381226	System	PAC: svchost.exe -> WmiPrvSE.exe Access=1000	
00006295	95.81388092	System	PAC: svchost.exe -> WmiPrvSE.exe Access=1000	
00006296	95.81398773	System	PAC: svchost.exe -> WmiPrvSE.exe Access=1000	
00006297	95.81419373	System	PAC: svchost.exe -> WmiPrvSE.exe Access=1000	
00006298	95.82942963	System	PAC: svchost.exe -> WmiPrvSE.exe Access=1000	
00006299	95.82945251	System	PAC: svchost.exe -> WmiPrvSE.exe Access=1000	
00006300	95.82975006	System	PAC: svchost.exe -> WmiPrvSE.exe Access=1000	
00006301	95.82987976	System	PAC: svchost.exe -> WmiPrvSE.exe Access=1000	
00006302	95.82994843	System	PAC: svchost.exe -> WmiPrvSE.exe Access=1000	
00006303	95.83038330	System	PAC: svchost.exe -> WmiPrvSE.exe Access=1000	
00006304	95.84598541	System	PAC: svchost.exe -> WmiPrvSE.exe Access=1000	
00006305	95.84600830	System	PAC: svchost.exe -> WmiPrvSE.exe Access=1000	
00006306	95.84606934	System	PAC: svchost.exe -> WmiPrvSE.exe Access=1000	
00006307	95.84619141	System	PAC: svchost.exe -> WmiPrvSE.exe Access=1000	
00006308	95.84626007	System	PAC: svchost.exe -> WmiPrvSE.exe Access=1000	
00006309	95.84631348	System	PAC: svchost.exe -> WmiPrvSE.exe Access=1000	
00006310	95.86260986	System	PAC: svchost.exe -> WmiPrvSE.exe Access=1000	
00006311	95.86263275	System	PAC: svchost.exe -> WmiPrvSE.exe Access=1000	
00006312	95.86277771	System	PAC: svchost.exe -> WmiPrvSE.exe Access=1000	
00006313	95.86281586	System	PAC: svchost.exe -> WmiPrvSE.exe Access=1000	
00006314	95.86295319	System	PAC: svchost.exe -> WmiPrvSE.exe Access=1000	
00006315	95.86302948	System	PAC: svchost.exe -> WmiPrvSE.exe Access=1000	
00006316	95.89882660	System	PAC: svchost.exe -> WmiPrvSE.exe Access=1000	
00006317	95.89893341	System	PAC: svchost.exe -> WmiPrvSE.exe Access=1000	
00006318	95.89907074	System	PAC: svchost.exe -> WmiPrvSE.exe Access=1000	
00006319	95.89912415	System	PAC: svchost.exe -> WmiPrvSE.exe Access=1000	
00006320	95.89920044	System	PAC: svchost.exe -> WmiPrvSE.exe Access=1000	
00006321	95.89925385	System	PAC: svchost.exe -> WmiPrvSE.exe Access=1000	
00006322	95.98579407	System	PAC: svchost.exe -> WmiPrvSE.exe Access=1000	
00006323	95.98582458	System	PAC: svchost.exe -> WmiPrvSE.exe Access=1000	
00006324	95.98590088	System	PAC: svchost.exe -> WmiPrvSE.exe Access=1000	
00006325	95.98593903	System	PAC: svchost.exe -> WmiPrvSE.exe Access=1000	
00006326	95.98600006	System	PAC: svchost.exe -> WmiPrvSE.exe Access=1000	
00006327	95.98606873	System	PAC: svchost.exe -> WmiPrvSE.exe Access=1000	
00006328	96.00061798	System	PAC: svchost.exe -> WmiPrvSE.exe Access=1000	
00006329	96.00065613	System	PAC: svchost.exe -> WmiPrvSE.exe Access=1000	
00006330	96.00076294	System	PAC: svchost.exe -> WmiPrvSE.exe Access=1000	
00006331	96.00098419	System	PAC: svchost.exe -> WmiPrvSE.exe Access=1000	
00006332	96.00109863	System	PAC: svchost.exe -> WmiPrvSE.exe Access=1000	
00006333	96.00121307	System	PAC: svchost.exe -> WmiPrvSE.exe Access=1000	
00006334	96.01091003	System	PAC: svchost.exe -> VBoxService.ex Access=1000	
00006335	96.01094055	System	PAC: svchost.exe -> VBoxService.ex Access=1000	
00006336	96.01102448	System	PAC: svchost.exe -> VBoxService.ex Access=1000	
00006337	96.22783661	System	7959531250 - STORMINI: StorAHCI - LPM: SystemIoBusNumber:0 Port:00 - IDLE	
00006338	96.23747253	System	7959687500 - STORMINI: StorAHCI - LPM: SystemIoBusNumber:0 Port:00 - ACTIVE	
00006339	96.23748016	System	7959687500 - STORMINI: StorAHCI - LPM: SystemIoBusNumber:0 Port:00 - Transit into Slumber from Partial - Canceled	
00006340	96.24070740	System	PAC: svchost.exe -> svchost.exe Access=1000	
00006341	96.33957672	System	PAC: svchost.exe -> explorer.exe Access=1000	
00006342	96.33975983	System	PAC: svchost.exe -> svchost.exe Access=1000	
00006343	96.33987427	System	PAC: svchost.exe -> svchost.exe Access=1000	
00006344	96.34004211	System	PAC: svchost.exe -> RuntimeBroker. Access=1000	
00006345	96.34008026	System	PAC: svchost.exe -> explorer.exe Access=1000	
00006346	96.34677124	System	PAC: svchost.exe -> WmiPrvSE.exe Access=1000	
00006347	96.34679413	System	PAC: svchost.exe -> WmiPrvSE.exe Access=1000	
00006348	96.34689331	System	PAC: svchost.exe -> WmiPrvSE.exe Access=1000	
00006349	96.34693146	System	PAC: svchost.exe -> WmiPrvSE.exe Access=1000	
00006350	96.34699249	System	PAC: svchost.exe -> WmiPrvSE.exe Access=1000	
00006351	96.34706879	System	PAC: svchost.exe -> WmiPrvSE.exe Access=1000	
00006352	96.36262512	System	PAC: svchost.exe -> WmiPrvSE.exe Access=1000	
00006353	96.36264038	System	PAC: svchost.exe -> WmiPrvSE.exe Access=1000	
00006354	96.36270905	System	PAC: svchost.exe -> WmiPrvSE.exe Access=1000	
00006355	96.36281586	System	PAC: svchost.exe -> WmiPrvSE.exe Access=1000	
00006356	96.36288452	System	PAC: svchost.exe -> WmiPrvSE.exe Access=1000	
00006357	96.36293793	System	PAC: svchost.exe -> WmiPrvSE.exe Access=1000	
00006358	96.39224243	System	PAC: svchost.exe -> WmiPrvSE.exe Access=1000	
00006359	96.39226532	System	PAC: svchost.exe -> WmiPrvSE.exe Access=1000	
00006360	96.39233398	System	PAC: svchost.exe -> WmiPrvSE.exe Access=1000	
00006361	96.39236450	System	PAC: svchost.exe -> WmiPrvSE.exe Access=1000	
00006362	96.39242554	System	PAC: svchost.exe -> WmiPrvSE.exe Access=1000	
00006363	96.39247894	System	PAC: svchost.exe -> WmiPrvSE.exe Access=1000	
00006364	96.40329742	System	PAC: svchost.exe -> explorer.exe Access=2000	
00006365	96.43409729	System	PAC: msedgewebview2 -> msedgewebview2 Access=1FFFFF	
00006366	96.43415070	System	PAC: msedgewebview2 -> msedgewebview2 Access=1FFFFF	
00006367	96.43415833	System	PAC: msedgewebview2 -> msedgewebview2 Access=1FFFFF	
00006368	96.43415833	System	PAC: msedgewebview2 -> msedgewebview2 Access=1FFFFF	
00006369	96.43416595	System	PAC: msedgewebview2 -> msedgewebview2 Access=1FFFFF	
00006370	96.43416595	System	PAC: msedgewebview2 -> msedgewebview2 Access=1FFFFF	
00006371	96.43416595	System	PAC: msedgewebview2 -> msedgewebview2 Access=1FFFFF	
00006372	96.43416595	System	PAC: msedgewebview2 -> msedgewebview2 Access=1FFFFF	
00006373	96.43416595	System	PAC: msedgewebview2 -> msedgewebview2 Access=1FFFFF	
00006374	96.43417358	System	PAC: msedgewebview2 -> msedgewebview2 Access=1FFFFF	
00006375	96.43417358	System	PAC: msedgewebview2 -> msedgewebview2 Access=1FFFFF	
00006376	96.43418121	System	PAC: msedgewebview2 -> msedgewebview2 Access=1FFFFF	
00006377	96.43418121	System	PAC: msedgewebview2 -> msedgewebview2 Access=1FFFFF	
00006378	96.43418884	System	PAC: msedgewebview2 -> msedgewebview2 Access=1FFFFF	
00006379	96.43418884	System	PAC: msedgewebview2 -> msedgewebview2 Access=1FFFFF	
00006380	96.43419647	System	PAC: msedgewebview2 -> msedgewebview2 Access=1FFFFF	
00006381	96.43419647	System	PAC: msedgewebview2 -> msedgewebview2 Access=1FFFFF	
00006382	96.43419647	System	PAC: msedgewebview2 -> msedgewebview2 Access=1FFFFF	
00006383	96.43420410	System	PAC: msedgewebview2 -> msedgewebview2 Access=1FFFFF	
00006384	96.43420410	System	PAC: msedgewebview2 -> msedgewebview2 Access=1FFFFF	
00006385	96.43421173	System	PAC: msedgewebview2 -> msedgewebview2 Access=1FFFFF	
00006386	96.45405579	System	PAC: explorer.exe -> explorer.exe Access=1410	
00006387	96.45406342	System	PAC: explorer.exe -> explorer.exe Access=1000	
00006388	96.46032715	System	PAC: svchost.exe -> explorer.exe Access=2000	
00006389	96.46975708	System	PAC: svchost.exe -> svchost.exe Access=40	
00006390	96.47004700	System	PAC: svchost.exe -> svchost.exe Access=1000	
00006391	96.47005463	System	PAC: svchost.exe -> svchost.exe Access=40	
00006392	96.47393799	System	PAC: ctfmon.exe -> explorer.exe Access=1000	
00006393	96.47586823	System	PAC: svchost.exe -> WmiPrvSE.exe Access=1000	
00006394	96.47589874	System	PAC: svchost.exe -> WmiPrvSE.exe Access=1000	
00006395	96.47597504	System	PAC: svchost.exe -> WmiPrvSE.exe Access=1000	
00006396	96.47601318	System	PAC: svchost.exe -> WmiPrvSE.exe Access=1000	
00006397	96.47606659	System	PAC: svchost.exe -> WmiPrvSE.exe Access=1000	
00006398	96.47612000	System	PAC: svchost.exe -> WmiPrvSE.exe Access=1000	
00006399	96.48187256	System	PAC: svchost.exe -> svchost.exe Access=1000	
00006400	96.48189545	System	PAC: svchost.exe -> svchost.exe Access=1000	
00006401	96.49684143	System	PAC: svchost.exe -> svchost.exe Access=40	
00006402	96.49697113	System	PAC: svchost.exe -> svchost.exe Access=1000	
00006403	96.49697876	System	PAC: svchost.exe -> svchost.exe Access=40	
00006404	96.64028931	System	PAC: svchost.exe -> WmiPrvSE.exe Access=1000	
00006405	96.64031982	System	PAC: svchost.exe -> WmiPrvSE.exe Access=1000	
00006406	96.64039612	System	PAC: svchost.exe -> WmiPrvSE.exe Access=1000	
00006407	96.64043427	System	PAC: svchost.exe -> WmiPrvSE.exe Access=1000	
00006408	96.64057922	System	PAC: svchost.exe -> WmiPrvSE.exe Access=1000	
00006409	96.64072418	System	PAC: svchost.exe -> WmiPrvSE.exe Access=1000	
00006410	96.66290283	System	PAC: svchost.exe -> explorer.exe Access=2000	
00006411	96.68339539	System	PAC: explorer.exe -> explorer.exe Access=1000	
00006412	96.68808746	System	PAC: explorer.exe -> explorer.exe Access=1000	
00006413	96.68813324	System	PAC: explorer.exe -> explorer.exe Access=1000	
00006414	96.68816376	System	PAC: explorer.exe -> explorer.exe Access=1000	
00006415	96.68817902	System	PAC: explorer.exe -> explorer.exe Access=1000	
00006416	96.68820190	System	PAC: explorer.exe -> Dbgview.exe Access=1000	
00006417	96.68821716	System	PAC: explorer.exe -> FangameTale-Wi Access=1000	
00006418	96.68824005	System	PAC: explorer.exe -> explorer.exe Access=1000	
00006419	96.68825531	System	PAC: explorer.exe -> cmd.exe Access=1000	
00006420	96.68827820	System	PAC: explorer.exe -> explorer.exe Access=1000	
00006421	96.68828583	System	PAC: explorer.exe -> explorer.exe Access=1000	
00006422	96.68830109	System	PAC: explorer.exe -> explorer.exe Access=1000	
00006423	96.68843079	System	PAC: explorer.exe -> explorer.exe Access=1000	
00006424	96.68875122	System	PAC: explorer.exe -> explorer.exe Access=2000	
00006425	96.69353485	System	PAC: svchost.exe -> svchost.exe Access=1000	
00006426	96.69414520	System	PAC: svchost.exe -> svchost.exe Access=1000	
00006427	96.70448303	System	PAC: ctfmon.exe -> explorer.exe Access=1000	
00006428	96.70932770	System	PAC: svchost.exe -> svchost.exe Access=1000	
00006429	96.70973206	System	PAC: svchost.exe -> svchost.exe Access=1000	
00006430	96.71510315	System	PAC: svchost.exe -> svchost.exe Access=1000	
00006431	96.71553802	System	PAC: svchost.exe -> svchost.exe Access=1000	
00006432	96.72057343	System	PAC: svchost.exe -> svchost.exe Access=1000	
00006433	96.72105408	System	PAC: svchost.exe -> svchost.exe Access=1000	
00006434	96.72422028	System	PAC: svchost.exe -> svchost.exe Access=1000	
00006435	96.72468567	System	PAC: svchost.exe -> svchost.exe Access=1000	
00006436	96.73003387	System	PAC: svchost.exe -> svchost.exe Access=1000	
00006437	96.73120117	System	PAC: svchost.exe -> svchost.exe Access=1000	
00006438	96.73522186	System	PAC: svchost.exe -> svchost.exe Access=1000	
00006439	96.73567963	System	PAC: svchost.exe -> svchost.exe Access=1000	
00006440	96.73797607	System	PAC: svchost.exe -> svchost.exe Access=1000	
00006441	96.73860168	System	PAC: svchost.exe -> svchost.exe Access=1000	
00006442	96.74253082	System	PAC: svchost.exe -> svchost.exe Access=1000	
00006443	96.74295044	System	PAC: svchost.exe -> svchost.exe Access=1000	
00006444	96.74631500	System	PAC: svchost.exe -> svchost.exe Access=1000	
00006445	96.74671936	System	PAC: svchost.exe -> svchost.exe Access=1000	
00006446	96.74877167	System	PAC: svchost.exe -> svchost.exe Access=1000	
00006447	96.74966431	System	PAC: svchost.exe -> svchost.exe Access=1000	
00006448	96.75511932	System	PAC: svchost.exe -> svchost.exe Access=1000	
00006449	96.75595856	System	PAC: svchost.exe -> svchost.exe Access=1000	
00006450	96.76155090	System	PAC: svchost.exe -> svchost.exe Access=1000	
00006451	96.76196289	System	PAC: svchost.exe -> svchost.exe Access=1000	
00006452	96.76899719	System	PAC: svchost.exe -> svchost.exe Access=1000	
00006453	96.76975250	System	PAC: svchost.exe -> svchost.exe Access=1000	
00006454	96.77423859	System	PAC: svchost.exe -> svchost.exe Access=1000	
00006455	96.77474976	System	PAC: svchost.exe -> svchost.exe Access=1000	
00006456	96.78129578	System	7965000000 - STORMINI: StorAHCI - LPM: Port 01 - Port Stopped	
00006457	96.78238678	System	7965156250 - STORMINI: StorAHCI - LPM: Port 01 - Port Started	
00006458	96.81954956	System	PAC: explorer.exe -> explorer.exe Access=2000	
00006459	96.81956482	System	PAC: explorer.exe -> TextInputHost. Access=2000	
00006460	96.81957245	System	PAC: explorer.exe -> SearchApp.exe Access=2000	
00006461	96.81958008	System	PAC: explorer.exe -> StartMenuExper Access=2000	
00006462	96.81958771	System	PAC: explorer.exe -> FangameTale-Wi Access=2000	
00006463	96.87990570	System	PAC: svchost.exe -> svchost.exe Access=1000	
00006464	96.88289642	System	PAC: svchost.exe -> M365Copilot.ex Access=1040	
00006465	96.95955658	System	PAC: svchost.exe -> WmiPrvSE.exe Access=1000	
00006466	96.95960236	System	PAC: svchost.exe -> WmiPrvSE.exe Access=1000	
00006467	96.95968628	System	PAC: svchost.exe -> WmiPrvSE.exe Access=1000	
00006468	96.95972443	System	PAC: svchost.exe -> WmiPrvSE.exe Access=1000	
00006469	96.95978546	System	PAC: svchost.exe -> WmiPrvSE.exe Access=1000	
00006470	96.95984650	System	PAC: svchost.exe -> WmiPrvSE.exe Access=1000	
00006471	96.97727966	System	PAC: svchost.exe -> WmiPrvSE.exe Access=1000	
00006472	96.97730255	System	PAC: svchost.exe -> WmiPrvSE.exe Access=1000	
00006473	96.97744751	System	PAC: svchost.exe -> WmiPrvSE.exe Access=1000	
00006474	96.97748566	System	PAC: svchost.exe -> WmiPrvSE.exe Access=1000	
00006475	96.97769165	System	PAC: svchost.exe -> WmiPrvSE.exe Access=1000	
00006476	96.97776031	System	PAC: svchost.exe -> WmiPrvSE.exe Access=1000	
00006477	96.99586487	System	PAC: svchost.exe -> svchost.exe Access=1000	
00006478	96.99608612	System	PAC: svchost.exe -> svchost.exe Access=1000	
00006479	96.99612427	System	PAC: svchost.exe -> svchost.exe Access=1000	
00006480	97.00521851	System	PAC: svchost.exe -> WmiPrvSE.exe Access=1000	
00006481	97.00525665	System	PAC: svchost.exe -> WmiPrvSE.exe Access=1000	
00006482	97.00534058	System	PAC: svchost.exe -> WmiPrvSE.exe Access=1000	
00006483	97.00537109	System	PAC: svchost.exe -> WmiPrvSE.exe Access=1000	
00006484	97.00543213	System	PAC: svchost.exe -> WmiPrvSE.exe Access=1000	
00006485	97.00548553	System	PAC: svchost.exe -> WmiPrvSE.exe Access=1000	
00006486	97.01472473	System	PAC: svchost.exe -> VBoxService.ex Access=1000	
00006487	97.01475525	System	PAC: svchost.exe -> VBoxService.ex Access=1000	
00006488	97.01483154	System	PAC: svchost.exe -> VBoxService.ex Access=1000	
00006489	97.02133942	System	PAC: svchost.exe -> WmiPrvSE.exe Access=1000	
00006490	97.02135468	System	PAC: svchost.exe -> WmiPrvSE.exe Access=1000	
00006491	97.02141571	System	PAC: svchost.exe -> WmiPrvSE.exe Access=1000	
00006492	97.02144623	System	PAC: svchost.exe -> WmiPrvSE.exe Access=1000	
00006493	97.02150726	System	PAC: svchost.exe -> WmiPrvSE.exe Access=1000	
00006494	97.02155304	System	PAC: svchost.exe -> WmiPrvSE.exe Access=1000	
00006495	97.04164124	System	PAC: svchost.exe -> WmiPrvSE.exe Access=1000	
00006496	97.04167175	System	PAC: svchost.exe -> WmiPrvSE.exe Access=1000	
00006497	97.04180908	System	PAC: svchost.exe -> WmiPrvSE.exe Access=1000	
00006498	97.04184723	System	PAC: svchost.exe -> WmiPrvSE.exe Access=1000	
00006499	97.04205322	System	PAC: svchost.exe -> WmiPrvSE.exe Access=1000	
00006500	97.04212952	System	PAC: svchost.exe -> WmiPrvSE.exe Access=1000	
00006501	97.12541962	System	PAC: svchost.exe -> WmiPrvSE.exe Access=1000	
00006502	97.12545013	System	PAC: svchost.exe -> WmiPrvSE.exe Access=1000	
00006503	97.12552643	System	PAC: svchost.exe -> WmiPrvSE.exe Access=1000	
00006504	97.12556458	System	PAC: svchost.exe -> WmiPrvSE.exe Access=1000	
00006505	97.12575531	System	PAC: svchost.exe -> WmiPrvSE.exe Access=1000	
00006506	97.12590790	System	PAC: svchost.exe -> WmiPrvSE.exe Access=1000	
00006507	97.14206696	System	PAC: svchost.exe -> WmiPrvSE.exe Access=1000	
00006508	97.14211273	System	PAC: svchost.exe -> WmiPrvSE.exe Access=1000	
00006509	97.14223480	System	PAC: svchost.exe -> WmiPrvSE.exe Access=1000	
00006510	97.14228821	System	PAC: svchost.exe -> WmiPrvSE.exe Access=1000	
00006511	97.14240265	System	PAC: svchost.exe -> WmiPrvSE.exe Access=1000	
00006512	97.14268494	System	PAC: svchost.exe -> WmiPrvSE.exe Access=1000	
00006513	97.20496368	System	PAC: svchost.exe -> WmiPrvSE.exe Access=1000	
00006514	97.20499420	System	PAC: svchost.exe -> WmiPrvSE.exe Access=1000	
00006515	97.20507050	System	PAC: svchost.exe -> WmiPrvSE.exe Access=1000	
00006516	97.20517731	System	PAC: svchost.exe -> WmiPrvSE.exe Access=1000	
00006517	97.20525360	System	PAC: svchost.exe -> WmiPrvSE.exe Access=1000	
00006518	97.20531464	System	PAC: svchost.exe -> WmiPrvSE.exe Access=1000	
00006519	97.21838379	System	PAC: svchost.exe -> WmiPrvSE.exe Access=1000	
00006520	97.21849060	System	PAC: svchost.exe -> WmiPrvSE.exe Access=1000	
00006521	97.21855164	System	PAC: svchost.exe -> WmiPrvSE.exe Access=1000	
00006522	97.21858978	System	PAC: svchost.exe -> WmiPrvSE.exe Access=1000	
00006523	97.21865082	System	PAC: svchost.exe -> WmiPrvSE.exe Access=1000	
00006524	97.21870422	System	PAC: svchost.exe -> WmiPrvSE.exe Access=1000	
00006525	97.23276520	System	PAC: svchost.exe -> WmiPrvSE.exe Access=1000	
00006526	97.23278809	System	PAC: svchost.exe -> WmiPrvSE.exe Access=1000	
00006527	97.23284912	System	PAC: svchost.exe -> WmiPrvSE.exe Access=1000	
00006528	97.23287964	System	PAC: svchost.exe -> WmiPrvSE.exe Access=1000	
00006529	97.23294830	System	PAC: svchost.exe -> WmiPrvSE.exe Access=1000	
00006530	97.23302460	System	PAC: svchost.exe -> WmiPrvSE.exe Access=1000	
00006531	97.24727631	System	7969687500 - STORMINI: StorAHCI - LPM: SystemIoBusNumber:0 Port:00 - IDLE	
00006532	97.24761963	System	PAC: svchost.exe -> WmiPrvSE.exe Access=1000	
00006533	97.24764252	System	PAC: svchost.exe -> WmiPrvSE.exe Access=1000	
00006534	97.24770355	System	PAC: svchost.exe -> WmiPrvSE.exe Access=1000	
00006535	97.24773407	System	PAC: svchost.exe -> WmiPrvSE.exe Access=1000	
00006536	97.24779510	System	PAC: svchost.exe -> WmiPrvSE.exe Access=1000	
00006537	97.24784851	System	PAC: svchost.exe -> WmiPrvSE.exe Access=1000	
00006538	97.27635956	System	7970000000 - STORMINI: StorAHCI - LPM: SystemIoBusNumber:0 Port:00 - ACTIVE	
00006539	97.27635956	System	7970000000 - STORMINI: StorAHCI - LPM: SystemIoBusNumber:0 Port:00 - Transit into Slumber from Partial - Canceled	
00006540	97.28038788	System	PAC: svchost.exe -> WmiPrvSE.exe Access=1000	
00006541	97.28042603	System	PAC: svchost.exe -> WmiPrvSE.exe Access=1000	
00006542	97.28050232	System	PAC: svchost.exe -> WmiPrvSE.exe Access=1000	
00006543	97.28057098	System	PAC: svchost.exe -> WmiPrvSE.exe Access=1000	
00006544	97.28064728	System	PAC: svchost.exe -> WmiPrvSE.exe Access=1000	
00006545	97.28075409	System	PAC: svchost.exe -> WmiPrvSE.exe Access=1000	
00006546	97.28455353	System	PAC: svchost.exe -> svchost.exe Access=1000	
00006547	97.28466034	System	PAC: svchost.exe -> svchost.exe Access=1000	
00006548	97.35035706	System	PAC: svchost.exe -> WmiPrvSE.exe Access=1000	
00006549	97.35038757	System	PAC: svchost.exe -> WmiPrvSE.exe Access=1000	
00006550	97.35046387	System	PAC: svchost.exe -> WmiPrvSE.exe Access=1000	
00006551	97.35050201	System	PAC: svchost.exe -> WmiPrvSE.exe Access=1000	
00006552	97.35057068	System	PAC: svchost.exe -> WmiPrvSE.exe Access=1000	
00006553	97.35063171	System	PAC: svchost.exe -> WmiPrvSE.exe Access=1000	
00006554	97.36808777	System	PAC: svchost.exe -> WmiPrvSE.exe Access=1000	
00006555	97.36811829	System	PAC: svchost.exe -> WmiPrvSE.exe Access=1000	
00006556	97.36818695	System	PAC: svchost.exe -> WmiPrvSE.exe Access=1000	
00006557	97.36848450	System	PAC: svchost.exe -> WmiPrvSE.exe Access=1000	
00006558	97.36856842	System	PAC: svchost.exe -> WmiPrvSE.exe Access=1000	
00006559	97.36862946	System	PAC: svchost.exe -> WmiPrvSE.exe Access=1000	
00006560	97.38126373	System	PAC: svchost.exe -> Dbgview.exe Access=2000	
00006561	97.40464783	System	PAC: svchost.exe -> WmiPrvSE.exe Access=1000	
00006562	97.40467072	System	PAC: svchost.exe -> WmiPrvSE.exe Access=1000	
00006563	97.40482330	System	PAC: svchost.exe -> WmiPrvSE.exe Access=1000	
00006564	97.40493774	System	PAC: svchost.exe -> WmiPrvSE.exe Access=1000	
00006565	97.40500641	System	PAC: svchost.exe -> WmiPrvSE.exe Access=1000	
00006566	97.40505981	System	PAC: svchost.exe -> WmiPrvSE.exe Access=1000	
00006567	97.41900635	System	PAC: svchost.exe -> WmiPrvSE.exe Access=1000	
00006568	97.41955566	System	PAC: svchost.exe -> WmiPrvSE.exe Access=1000	
00006569	97.42013550	System	PAC: svchost.exe -> WmiPrvSE.exe Access=1000	
00006570	97.42024994	System	PAC: svchost.exe -> WmiPrvSE.exe Access=1000	
00006571	97.42049408	System	PAC: svchost.exe -> WmiPrvSE.exe Access=1000	
00006572	97.42059326	System	PAC: svchost.exe -> WmiPrvSE.exe Access=1000	
00006573	97.43631744	System	PAC: svchost.exe -> WmiPrvSE.exe Access=1000	
00006574	97.43643188	System	PAC: svchost.exe -> WmiPrvSE.exe Access=1000	
00006575	97.43650818	System	PAC: svchost.exe -> WmiPrvSE.exe Access=1000	
00006576	97.43653870	System	PAC: svchost.exe -> WmiPrvSE.exe Access=1000	
00006577	97.43675232	System	PAC: svchost.exe -> WmiPrvSE.exe Access=1000	
00006578	97.43682098	System	PAC: svchost.exe -> WmiPrvSE.exe Access=1000	
00006579	97.45086670	System	PAC: svchost.exe -> WmiPrvSE.exe Access=1000	
00006580	97.45088959	System	PAC: svchost.exe -> WmiPrvSE.exe Access=1000	
00006581	97.45108795	System	PAC: svchost.exe -> WmiPrvSE.exe Access=1000	
00006582	97.45112610	System	PAC: svchost.exe -> WmiPrvSE.exe Access=1000	
00006583	97.45119476	System	PAC: svchost.exe -> WmiPrvSE.exe Access=1000	
00006584	97.45124817	System	PAC: svchost.exe -> WmiPrvSE.exe Access=1000	
00006585	97.48619843	System	PAC: svchost.exe -> WmiPrvSE.exe Access=1000	
00006586	97.48623657	System	PAC: svchost.exe -> WmiPrvSE.exe Access=1000	
00006587	97.48633575	System	PAC: svchost.exe -> WmiPrvSE.exe Access=1000	
00006588	97.48637390	System	PAC: svchost.exe -> WmiPrvSE.exe Access=1000	
00006589	97.48643494	System	PAC: svchost.exe -> WmiPrvSE.exe Access=1000	
00006590	97.48649597	System	PAC: svchost.exe -> WmiPrvSE.exe Access=1000	
00006591	97.49172974	System	PAC: svchost.exe -> Dbgview.exe Access=2000	
00006592	97.51044464	System	PAC: explorer.exe -> Dbgview.exe Access=1000	
00006593	97.51046753	System	PAC: explorer.exe -> Dbgview.exe Access=1000	
00006594	97.51717377	System	PAC: explorer.exe -> explorer.exe Access=1000	
00006595	97.51967621	System	PAC: explorer.exe -> explorer.exe Access=1000	
00006596	97.52448273	System	PAC: explorer.exe -> explorer.exe Access=1000	
00006597	97.53092194	System	PAC: explorer.exe -> explorer.exe Access=1000	
00006598	97.53187561	System	PAC: explorer.exe -> Dbgview.exe Access=1000	
00006599	97.53650665	System	PAC: explorer.exe -> FangameTale-Wi Access=1000	
00006600	97.53873444	System	PAC: explorer.exe -> explorer.exe Access=1000	
00006601	97.54933929	System	PAC: explorer.exe -> cmd.exe Access=1000	
00006602	97.55485535	System	PAC: explorer.exe -> explorer.exe Access=1000	
00006603	97.56062317	System	PAC: explorer.exe -> explorer.exe Access=1000	
00006604	97.56331635	System	PAC: explorer.exe -> explorer.exe Access=1000	
00006605	97.56369781	System	PAC: svchost.exe -> WmiPrvSE.exe Access=1000	
00006606	97.56372070	System	PAC: svchost.exe -> WmiPrvSE.exe Access=1000	
00006607	97.56372833	System	PAC: explorer.exe -> Dbgview.exe Access=1000	
00006608	97.56387329	System	PAC: svchost.exe -> WmiPrvSE.exe Access=1000	
00006609	97.56392670	System	PAC: svchost.exe -> WmiPrvSE.exe Access=1000	
00006610	97.56400299	System	PAC: svchost.exe -> WmiPrvSE.exe Access=1000	
00006611	97.56404877	System	PAC: svchost.exe -> WmiPrvSE.exe Access=1000	
00006612	97.58155060	System	PAC: svchost.exe -> WmiPrvSE.exe Access=1000	
00006613	97.58156586	System	PAC: svchost.exe -> WmiPrvSE.exe Access=1000	
00006614	97.58183289	System	PAC: svchost.exe -> WmiPrvSE.exe Access=1000	
00006615	97.58187103	System	PAC: svchost.exe -> WmiPrvSE.exe Access=1000	
00006616	97.58206940	System	PAC: svchost.exe -> WmiPrvSE.exe Access=1000	
00006617	97.58214569	System	PAC: svchost.exe -> WmiPrvSE.exe Access=1000	
00006618	97.58663940	System	PAC: ctfmon.exe -> Dbgview.exe Access=1000	
00006619	97.66540527	System	PAC: explorer.exe -> explorer.exe Access=2000	
00006620	97.66540527	System	PAC: explorer.exe -> TextInputHost. Access=2000	
00006621	97.66546631	System	PAC: explorer.exe -> SearchApp.exe Access=2000	
00006622	97.66547394	System	PAC: explorer.exe -> StartMenuExper Access=2000	
00006623	97.66548157	System	PAC: explorer.exe -> FangameTale-Wi Access=2000	
00006624	97.66753387	System	PAC: explorer.exe -> Dbgview.exe Access=1000	
00006625	97.66837311	System	PAC: explorer.exe -> Dbgview.exe Access=1000	
00006626	97.67966461	System	PAC: svchost.exe -> WmiPrvSE.exe Access=1000	
00006627	97.67968750	System	PAC: svchost.exe -> WmiPrvSE.exe Access=1000	
00006628	97.67976379	System	PAC: svchost.exe -> WmiPrvSE.exe Access=1000	
00006629	97.67980194	System	PAC: svchost.exe -> WmiPrvSE.exe Access=1000	
00006630	97.67986298	System	PAC: svchost.exe -> WmiPrvSE.exe Access=1000	
00006631	97.67991638	System	PAC: svchost.exe -> WmiPrvSE.exe Access=1000	
00006632	97.69703674	System	PAC: svchost.exe -> WmiPrvSE.exe Access=1000	
00006633	97.69705963	System	PAC: svchost.exe -> WmiPrvSE.exe Access=1000	
00006634	97.69712830	System	PAC: svchost.exe -> WmiPrvSE.exe Access=1000	
00006635	97.69715881	System	PAC: svchost.exe -> WmiPrvSE.exe Access=1000	
00006636	97.69721222	System	PAC: svchost.exe -> WmiPrvSE.exe Access=1000	
00006637	97.69727325	System	PAC: svchost.exe -> WmiPrvSE.exe Access=1000	
00006638	97.71172333	System	PAC: svchost.exe -> WmiPrvSE.exe Access=1000	
00006639	97.71183014	System	PAC: svchost.exe -> WmiPrvSE.exe Access=1000	
00006640	97.71189880	System	PAC: svchost.exe -> WmiPrvSE.exe Access=1000	
00006641	97.71192932	System	PAC: svchost.exe -> WmiPrvSE.exe Access=1000	
00006642	97.71199036	System	PAC: svchost.exe -> WmiPrvSE.exe Access=1000	
00006643	97.71204376	System	PAC: svchost.exe -> WmiPrvSE.exe Access=1000	
00006644	97.73097229	System	PAC: svchost.exe -> WmiPrvSE.exe Access=1000	
00006645	97.73100281	System	PAC: svchost.exe -> WmiPrvSE.exe Access=1000	
00006646	97.73106384	System	PAC: svchost.exe -> WmiPrvSE.exe Access=1000	
00006647	97.73109436	System	PAC: svchost.exe -> WmiPrvSE.exe Access=1000	
00006648	97.73123932	System	PAC: svchost.exe -> WmiPrvSE.exe Access=1000	
00006649	97.73130035	System	PAC: svchost.exe -> WmiPrvSE.exe Access=1000	
00006650	97.73542023	System	PAC: svchost.exe -> svchost.exe Access=1000	
00006651	97.73545074	System	PAC: svchost.exe -> svchost.exe Access=1000	
00006652	97.77190399	System	PAC: svchost.exe -> WmiPrvSE.exe Access=1000	
00006653	97.77194977	System	PAC: svchost.exe -> WmiPrvSE.exe Access=1000	
00006654	97.77206421	System	PAC: svchost.exe -> WmiPrvSE.exe Access=1000	
00006655	97.77210999	System	PAC: svchost.exe -> WmiPrvSE.exe Access=1000	
00006656	97.77226257	System	PAC: svchost.exe -> WmiPrvSE.exe Access=1000	
00006657	97.77232361	System	PAC: svchost.exe -> WmiPrvSE.exe Access=1000	
00006658	97.79354095	System	7975156250 - STORMINI: StorAHCI - LPM: Port 01 - Port Stopped	
00006659	97.79480743	System	7975156250 - STORMINI: StorAHCI - LPM: Port 01 - Port Started	
00006660	97.83916473	System	PAC: svchost.exe -> WmiPrvSE.exe Access=1000	
00006661	97.83918762	System	PAC: svchost.exe -> WmiPrvSE.exe Access=1000	
00006662	97.83926392	System	PAC: svchost.exe -> WmiPrvSE.exe Access=1000	
00006663	97.83930206	System	PAC: svchost.exe -> WmiPrvSE.exe Access=1000	
00006664	97.83936310	System	PAC: svchost.exe -> WmiPrvSE.exe Access=1000	
00006665	97.83961487	System	PAC: svchost.exe -> WmiPrvSE.exe Access=1000	
00006666	97.86620331	System	PAC: svchost.exe -> WmiPrvSE.exe Access=1000	
00006667	97.86622620	System	PAC: svchost.exe -> WmiPrvSE.exe Access=1000	
00006668	97.86630249	System	PAC: svchost.exe -> WmiPrvSE.exe Access=1000	
00006669	97.86633301	System	PAC: svchost.exe -> WmiPrvSE.exe Access=1000	
00006670	97.86640167	System	PAC: svchost.exe -> WmiPrvSE.exe Access=1000	
00006671	97.86645508	System	PAC: svchost.exe -> WmiPrvSE.exe Access=1000	
00006672	97.91005707	System	PAC: svchost.exe -> WmiPrvSE.exe Access=1000	
00006673	97.91007996	System	PAC: svchost.exe -> WmiPrvSE.exe Access=1000	
00006674	97.91014862	System	PAC: svchost.exe -> WmiPrvSE.exe Access=1000	
00006675	97.91027069	System	PAC: svchost.exe -> WmiPrvSE.exe Access=1000	
00006676	97.91034698	System	PAC: svchost.exe -> WmiPrvSE.exe Access=1000	
00006677	97.91040039	System	PAC: svchost.exe -> WmiPrvSE.exe Access=1000	
00006678	97.92441559	System	PAC: svchost.exe -> WmiPrvSE.exe Access=1000	
00006679	97.92454529	System	PAC: svchost.exe -> WmiPrvSE.exe Access=1000	
00006680	97.92480469	System	PAC: svchost.exe -> WmiPrvSE.exe Access=1000	
00006681	97.92487335	System	PAC: svchost.exe -> WmiPrvSE.exe Access=1000	
00006682	97.92498016	System	PAC: svchost.exe -> WmiPrvSE.exe Access=1000	
00006683	97.92508698	System	PAC: svchost.exe -> WmiPrvSE.exe Access=1000	
00006684	97.93122864	System	PAC: svchost.exe -> svchost.exe Access=1000	
00006685	97.93131256	System	PAC: svchost.exe -> svchost.exe Access=1000	
00006686	97.94437408	System	PAC: svchost.exe -> WmiPrvSE.exe Access=1000	
00006687	97.94440460	System	PAC: svchost.exe -> WmiPrvSE.exe Access=1000	
00006688	97.94447327	System	PAC: svchost.exe -> WmiPrvSE.exe Access=1000	
00006689	97.94451904	System	PAC: svchost.exe -> WmiPrvSE.exe Access=1000	
00006690	97.94458771	System	PAC: svchost.exe -> WmiPrvSE.exe Access=1000	
00006691	97.94464874	System	PAC: svchost.exe -> WmiPrvSE.exe Access=1000	
00006692	97.96193695	System	PAC: svchost.exe -> WmiPrvSE.exe Access=1000	
00006693	97.96196747	System	PAC: svchost.exe -> WmiPrvSE.exe Access=1000	
00006694	97.96203613	System	PAC: svchost.exe -> WmiPrvSE.exe Access=1000	
00006695	97.96207428	System	PAC: svchost.exe -> WmiPrvSE.exe Access=1000	
00006696	97.96430206	System	PAC: svchost.exe -> WmiPrvSE.exe Access=1000	
00006697	97.96437073	System	PAC: svchost.exe -> WmiPrvSE.exe Access=1000	
00006698	98.00748444	System	PAC: svchost.exe -> WmiPrvSE.exe Access=1000	
00006699	98.00751495	System	PAC: svchost.exe -> WmiPrvSE.exe Access=1000	
00006700	98.00786591	System	PAC: svchost.exe -> WmiPrvSE.exe Access=1000	
00006701	98.00791931	System	PAC: svchost.exe -> WmiPrvSE.exe Access=1000	
00006702	98.00812531	System	PAC: svchost.exe -> WmiPrvSE.exe Access=1000	
00006703	98.00827789	System	PAC: svchost.exe -> WmiPrvSE.exe Access=1000	
00006704	98.01747894	System	PAC: svchost.exe -> VBoxService.ex Access=1000	
00006705	98.01750183	System	PAC: svchost.exe -> VBoxService.ex Access=1000	
00006706	98.01765442	System	PAC: svchost.exe -> VBoxService.ex Access=1000	
00006707	98.07453918	System	PAC: svchost.exe -> WmiPrvSE.exe Access=1000	
00006708	98.07456970	System	PAC: svchost.exe -> WmiPrvSE.exe Access=1000	
00006709	98.07476807	System	PAC: svchost.exe -> WmiPrvSE.exe Access=1000	
00006710	98.07487488	System	PAC: svchost.exe -> WmiPrvSE.exe Access=1000	
00006711	98.07520294	System	PAC: svchost.exe -> WmiPrvSE.exe Access=1000	
00006712	98.07585907	System	PAC: svchost.exe -> WmiPrvSE.exe Access=1000	
00006713	98.09229279	System	PAC: svchost.exe -> WmiPrvSE.exe Access=1000	
00006714	98.09231567	System	PAC: svchost.exe -> WmiPrvSE.exe Access=1000	
00006715	98.09246063	System	PAC: svchost.exe -> WmiPrvSE.exe Access=1000	
00006716	98.09259796	System	PAC: svchost.exe -> WmiPrvSE.exe Access=1000	
00006717	98.09277344	System	PAC: svchost.exe -> WmiPrvSE.exe Access=1000	
00006718	98.09294891	System	PAC: svchost.exe -> WmiPrvSE.exe Access=1000	
00006719	98.28498077	System	7980156250 - STORMINI: StorAHCI - LPM: SystemIoBusNumber:0 Port:00 - IDLE	
00006720	98.30230713	System	7980312500 - STORMINI: StorAHCI - LPM: SystemIoBusNumber:0 Port:00 - ACTIVE	
00006721	98.30230713	System	7980312500 - STORMINI: StorAHCI - LPM: SystemIoBusNumber:0 Port:00 - Transit into Slumber from Partial - Canceled	
00006722	98.30644989	System	PAC: svchost.exe -> svchost.exe Access=1000	
00006723	98.40113068	System	PAC: svchost.exe -> explorer.exe Access=1000	
00006724	98.40120697	System	PAC: svchost.exe -> svchost.exe Access=1000	
00006725	98.40122223	System	PAC: svchost.exe -> svchost.exe Access=1000	
00006726	98.40126801	System	PAC: svchost.exe -> RuntimeBroker. Access=1000	
00006727	98.40128326	System	PAC: svchost.exe -> explorer.exe Access=1000	
00006728	98.40715790	System	PAC: svchost.exe -> WmiPrvSE.exe Access=1000	
00006729	98.40718079	System	PAC: svchost.exe -> WmiPrvSE.exe Access=1000	
00006730	98.40726471	System	PAC: svchost.exe -> WmiPrvSE.exe Access=1000	
00006731	98.40729523	System	PAC: svchost.exe -> WmiPrvSE.exe Access=1000	
00006732	98.40735626	System	PAC: svchost.exe -> WmiPrvSE.exe Access=1000	
00006733	98.40741730	System	PAC: svchost.exe -> WmiPrvSE.exe Access=1000	
00006734	98.42204285	System	PAC: svchost.exe -> WmiPrvSE.exe Access=1000	
00006735	98.42213440	System	PAC: svchost.exe -> WmiPrvSE.exe Access=1000	
00006736	98.42219543	System	PAC: svchost.exe -> WmiPrvSE.exe Access=1000	
00006737	98.42222595	System	PAC: svchost.exe -> WmiPrvSE.exe Access=1000	
00006738	98.42249298	System	PAC: svchost.exe -> WmiPrvSE.exe Access=1000	
00006739	98.42273712	System	PAC: svchost.exe -> WmiPrvSE.exe Access=1000	
00006740	98.44834900	System	PAC: svchost.exe -> WmiPrvSE.exe Access=1000	
00006741	98.44837189	System	PAC: svchost.exe -> WmiPrvSE.exe Access=1000	
00006742	98.44844055	System	PAC: svchost.exe -> WmiPrvSE.exe Access=1000	
00006743	98.44847107	System	PAC: svchost.exe -> WmiPrvSE.exe Access=1000	
00006744	98.44853210	System	PAC: svchost.exe -> WmiPrvSE.exe Access=1000	
00006745	98.44858551	System	PAC: svchost.exe -> WmiPrvSE.exe Access=1000	
00006746	98.49102020	System	PAC: svchost.exe -> svchost.exe Access=40	
00006747	98.49114227	System	PAC: svchost.exe -> svchost.exe Access=1000	
00006748	98.49114990	System	PAC: svchost.exe -> svchost.exe Access=40	
00006749	98.58161926	System	PAC: svchost.exe -> svchost.exe Access=1000	
00006750	98.58237457	System	PAC: svchost.exe -> svchost.exe Access=1000	
00006751	98.58414459	System	PAC: svchost.exe -> svchost.exe Access=1000	
00006752	98.58484650	System	PAC: svchost.exe -> svchost.exe Access=1000	
00006753	98.58739471	System	PAC: svchost.exe -> svchost.exe Access=1000	
00006754	98.58782959	System	PAC: svchost.exe -> svchost.exe Access=1000	
00006755	98.58975983	System	PAC: svchost.exe -> svchost.exe Access=1000	
00006756	98.59051514	System	PAC: svchost.exe -> svchost.exe Access=1000	
00006757	98.59299469	System	PAC: svchost.exe -> svchost.exe Access=1000	
00006758	98.59355927	System	PAC: svchost.exe -> svchost.exe Access=1000	
00006759	98.59890747	System	PAC: svchost.exe -> svchost.exe Access=1000	
00006760	98.59928894	System	PAC: svchost.exe -> svchost.exe Access=1000	
00006761	98.60356140	System	PAC: svchost.exe -> svchost.exe Access=1000	
00006762	98.60477448	System	PAC: svchost.exe -> svchost.exe Access=1000	
00006763	98.61041260	System	PAC: svchost.exe -> svchost.exe Access=1000	
00006764	98.61116028	System	PAC: svchost.exe -> svchost.exe Access=1000	
00006765	98.61754608	System	PAC: svchost.exe -> svchost.exe Access=1000	
00006766	98.61801910	System	PAC: svchost.exe -> svchost.exe Access=1000	
00006767	98.62235260	System	PAC: svchost.exe -> svchost.exe Access=1000	
00006768	98.62334442	System	PAC: svchost.exe -> svchost.exe Access=1000	
00006769	98.62770844	System	PAC: svchost.exe -> svchost.exe Access=1000	
00006770	98.62834930	System	PAC: svchost.exe -> svchost.exe Access=1000	
00006771	98.63229370	System	PAC: svchost.exe -> svchost.exe Access=1000	
00006772	98.63280487	System	PAC: svchost.exe -> svchost.exe Access=1000	
00006773	98.63780975	System	PAC: svchost.exe -> svchost.exe Access=1000	
00006774	98.63864136	System	PAC: svchost.exe -> svchost.exe Access=1000	
00006775	98.69802094	System	PAC: svchost.exe -> svchost.exe Access=1000	
00006776	98.69873047	System	PAC: svchost.exe -> svchost.exe Access=1000	
00006777	98.70404816	System	PAC: svchost.exe -> svchost.exe Access=1000	
00006778	98.70468140	System	PAC: svchost.exe -> svchost.exe Access=1000	
00006779	98.74716949	System	PAC: svchost.exe -> svchost.exe Access=1000	
00006780	98.74775696	System	PAC: svchost.exe -> svchost.exe Access=1000	
00006781	98.74789429	System	PAC: svchost.exe -> svchost.exe Access=1000	
00006782	98.74846649	System	PAC: svchost.exe -> svchost.exe Access=1000	
00006783	98.79975891	System	7985312500 - STORMINI: StorAHCI - LPM: Port 01 - Port Stopped	
00006784	98.80061340	System	7985312500 - STORMINI: StorAHCI - LPM: Port 01 - Port Started	
00006785	98.85916138	System	PAC: svchost.exe -> svchost.exe Access=1000	
00006786	98.86005402	System	PAC: svchost.exe -> svchost.exe Access=1000	
00006787	98.86077118	System	PAC: svchost.exe -> svchost.exe Access=1000	
00006788	98.86151886	System	PAC: svchost.exe -> svchost.exe Access=1000	
00006789	98.86222076	System	PAC: svchost.exe -> RuntimeBroker. Access=1000	
00006790	98.86222839	System	PAC: svchost.exe -> RuntimeBroker. Access=1000	
00006791	98.86225891	System	PAC: svchost.exe -> svchost.exe Access=1000	
00006792	98.86226654	System	PAC: svchost.exe -> svchost.exe Access=1000	
00006793	98.86231232	System	PAC: svchost.exe -> svchost.exe Access=1000	
00006794	98.86231995	System	PAC: svchost.exe -> svchost.exe Access=1000	
00006795	98.88579559	System	PAC: svchost.exe -> svchost.exe Access=1000	
00006796	98.88681793	System	PAC: svchost.exe -> svchost.exe Access=1000	
00006797	98.88761902	System	PAC: svchost.exe -> svchost.exe Access=1000	
00006798	98.88853455	System	PAC: sihost.exe -> M365Copilot.ex Access=21410	
00006799	98.88865662	System	PAC: svchost.exe -> svchost.exe Access=1000	
00006800	98.90039825	System	PAC: lsass.exe -> M365Copilot.ex Access=1000	
00006801	98.97049713	9104	[MultiModalUtils] Stopping wake word detection	
00006802	98.97063446	9104	[20:35:24.259] [SessionId: ] StopWakeWordDetection called with pause: 0	
00006803	98.97125244	9104	[20:35:24.308] [SessionId: ] [MultiModalUtils#StopWakeWordDetection] Wake word detection is already stopped	
00006804	98.97148132	9104	[20:35:24.308] [SessionId: ] MultiModal instance was already null during destroy	
00006805	99.03302765	System	PAC: svchost.exe -> VBoxService.ex Access=1000	
00006806	99.03306580	System	PAC: svchost.exe -> VBoxService.ex Access=1000	
00006807	99.03318024	System	PAC: svchost.exe -> VBoxService.ex Access=1000	
00006808	99.31394196	System	7990468750 - STORMINI: StorAHCI - LPM: SystemIoBusNumber:0 Port:00 - IDLE	
00006809	99.51536560	System	7992343750 - STORMINI: StorAHCI - LPM: SystemIoBusNumber:0 Port:00 - ACTIVE	
00006810	99.51536560	System	7992343750 - STORMINI: StorAHCI - LPM: SystemIoBusNumber:0 Port:00 - Transit into Slumber from Partial - Canceled	
00006811	99.52508545	System	PAC: M365Copilot.ex -> explorer.exe Access=40	
00006812	99.52516937	System	PAC: M365Copilot.ex -> explorer.exe Access=40	
00006813	99.52520752	System	PAC: M365Copilot.ex -> explorer.exe Access=40	
00006814	99.52523041	System	PAC: M365Copilot.ex -> explorer.exe Access=40	
00006815	99.55807495	System	PAC: explorer.exe -> explorer.exe Access=1000	
00006816	99.81488037	System	7995468750 - STORMINI: StorAHCI - LPM: Port 01 - Port Stopped	
00006817	99.81540680	System	7995468750 - STORMINI: StorAHCI - LPM: Port 01 - Port Started	
00006818	100.03422546	System	PAC: svchost.exe -> VBoxService.ex Access=1000	
00006819	100.03435516	System	PAC: svchost.exe -> VBoxService.ex Access=1000	
00006820	100.03455353	System	PAC: svchost.exe -> VBoxService.ex Access=1000	
00006821	100.49805450	System	PAC: svchost.exe -> explorer.exe Access=2000	
00006822	100.51703644	System	8002500000 - STORMINI: StorAHCI - LPM: SystemIoBusNumber:0 Port:00 - IDLE	
00006823	100.52062988	System	PAC: explorer.exe -> explorer.exe Access=1410	
00006824	100.52066803	System	PAC: explorer.exe -> explorer.exe Access=1000	
00006825	100.52384186	System	PAC: svchost.exe -> explorer.exe Access=2000	
00006826	100.53710938	System	PAC: ctfmon.exe -> explorer.exe Access=1000	
00006827	100.64444733	System	PAC: msedgewebview2 -> msedgewebview2 Access=1FFFFF	
00006828	100.64461517	System	PAC: msedgewebview2 -> msedgewebview2 Access=1FFFFF	
00006829	100.64473724	System	PAC: msedgewebview2 -> msedgewebview2 Access=1000	
00006830	100.65730286	System	PAC: msedgewebview2 -> msedgewebview2 Access=1000	
00006831	100.66496277	System	8003906250 - STORMINI: StorAHCI - LPM: SystemIoBusNumber:0 Port:00 - ACTIVE	
00006832	100.66496277	System	8003906250 - STORMINI: StorAHCI - LPM: SystemIoBusNumber:0 Port:00 - Transit into Slumber from Partial - Canceled	
00006833	100.67893982	System	PAC: msedgewebview2 -> msedgewebview2 Access=1000	
00006834	100.68675232	System	PAC: msedgewebview2 -> msedgewebview2 Access=1000	
00006835	100.75000000	System	PAC: svchost.exe -> explorer.exe Access=2000	
00006836	100.78049469	System	PAC: explorer.exe -> explorer.exe Access=1000	
00006837	100.79269409	System	PAC: explorer.exe -> explorer.exe Access=1000	
00006838	100.79502106	System	PAC: msedgewebview2 -> msedgewebview2 Access=101451	
00006839	100.80281067	System	PAC: ctfmon.exe -> explorer.exe Access=1000	
00006840	100.80316925	System	PAC: explorer.exe -> explorer.exe Access=1000	
00006841	100.81416321	System	8005468750 - STORMINI: StorAHCI - LPM: Port 01 - Port Stopped	
00006842	100.81427765	System	PAC: explorer.exe -> explorer.exe Access=1000	
00006843	100.81473541	System	8005468750 - STORMINI: StorAHCI - LPM: Port 01 - Port Started	
00006844	100.82275391	System	PAC: explorer.exe -> explorer.exe Access=1000	
00006845	100.82914734	System	PAC: explorer.exe -> Dbgview.exe Access=1000	
00006846	100.82997894	System	PAC: msedgewebview2 -> msedgewebview2 Access=1000	
00006847	100.83277130	System	PAC: msedgewebview2 -> msedgewebview2 Access=1000	
00006848	100.83290863	System	PAC: msedgewebview2 -> msedgewebview2 Access=1000	
00006849	100.83300781	System	PAC: msedgewebview2 -> msedgewebview2 Access=1000	
00006850	100.83327484	System	PAC: msedgewebview2 -> msedgewebview2 Access=1000	
00006851	100.83333588	System	PAC: msedgewebview2 -> msedgewebview2 Access=1FFFFF	
00006852	100.83340454	System	PAC: msedgewebview2 -> msedgewebview2 Access=1000	
00006853	100.83353424	System	PAC: msedgewebview2 -> msedgewebview2 Access=1FFFFF	
00006854	100.83354187	System	PAC: msedgewebview2 -> msedgewebview2 Access=1000	
00006855	100.83366394	System	PAC: msedgewebview2 -> msedgewebview2 Access=1000	
00006856	100.83376312	System	PAC: msedgewebview2 -> msedgewebview2 Access=1000	
00006857	100.83427429	System	PAC: msedgewebview2 -> msedgewebview2 Access=1000	
00006858	100.83451080	System	PAC: explorer.exe -> FangameTale-Wi Access=1000	
00006859	100.84503937	System	PAC: explorer.exe -> explorer.exe Access=1000	
00006860	100.84661102	System	PAC: msedgewebview2 -> msedgewebview2 Access=1000	
00006861	100.85449982	System	PAC: explorer.exe -> cmd.exe Access=1000	
00006862	100.86124420	System	PAC: explorer.exe -> explorer.exe Access=1000	
00006863	100.86849213	System	PAC: explorer.exe -> explorer.exe Access=1000	
00006864	100.87399292	System	PAC: explorer.exe -> explorer.exe Access=1000	
00006865	100.88759613	System	PAC: explorer.exe -> explorer.exe Access=1000	
00006866	100.89839935	System	PAC: explorer.exe -> explorer.exe Access=2000	
00006867	100.97659302	System	PAC: msedgewebview2 -> msedgewebview2 Access=1000	
00006868	101.05026245	System	PAC: svchost.exe -> VBoxService.ex Access=1000	
00006869	101.05030060	System	PAC: svchost.exe -> VBoxService.ex Access=1000	
00006870	101.05046844	System	PAC: svchost.exe -> VBoxService.ex Access=1000	
00006871	101.10209656	System	PAC: explorer.exe -> explorer.exe Access=2000	
00006872	101.10210419	System	PAC: explorer.exe -> TextInputHost. Access=2000	
00006873	101.10210419	System	PAC: explorer.exe -> SearchApp.exe Access=2000	
00006874	101.10211182	System	PAC: explorer.exe -> StartMenuExper Access=2000	
00006875	101.10211945	System	PAC: explorer.exe -> FangameTale-Wi Access=2000	
00006876	101.16050720	System	PAC: svchost.exe -> svchost.exe Access=1000	
00006877	101.16051483	System	PAC: svchost.exe -> svchost.exe Access=1000	
00006878	101.16058350	System	PAC: svchost.exe -> RuntimeBroker. Access=1000	
00006879	101.16059113	System	PAC: svchost.exe -> RuntimeBroker. Access=1000	
00006880	101.16063690	System	PAC: svchost.exe -> RuntimeBroker. Access=1000	
00006881	101.16063690	System	PAC: svchost.exe -> RuntimeBroker. Access=1000	
00006882	101.18565369	System	PAC: svchost.exe -> sihost.exe Access=1014C0	
00006883	101.19360352	System	PAC: svchost.exe -> sihost.exe Access=1014C0	
00006884	101.19841766	System	PAC: svchost.exe -> SearchIndexer. Access=1000	
00006885	101.19892120	System	PAC: svchost.exe -> SearchIndexer. Access=1000	
00006886	101.19989014	System	PAC: svchost.exe -> SearchIndexer. Access=1000	
00006887	101.20015717	System	PAC: svchost.exe -> SearchIndexer. Access=1000	
00006888	101.20027161	System	PAC: svchost.exe -> SearchIndexer. Access=1000	
00006889	101.21662903	System	PAC: svchost.exe -> svchost.exe Access=101000	
00006890	101.21682739	System	PAC: svchost.exe -> svchost.exe Access=101000	
00006891	101.21749115	System	PAC: svchost.exe -> svchost.exe Access=101000	
00006892	101.25688171	System	PAC: svchost.exe -> svchost.exe Access=101000	
00006893	101.25718689	System	PAC: svchost.exe -> svchost.exe Access=101000	
00006894	101.25733948	System	PAC: svchost.exe -> svchost.exe Access=101000	
00006895	101.27096558	System	PAC: svchost.exe -> svchost.exe Access=1000	
00006896	101.27104950	System	PAC: svchost.exe -> svchost.exe Access=1000	
00006897	101.27166748	System	PAC: svchost.exe -> svchost.exe Access=1000	
00006898	101.27241516	System	PAC: svchost.exe -> svchost.exe Access=1000	
00006899	101.27298737	System	PAC: svchost.exe -> svchost.exe Access=1000	
00006900	101.27305603	System	PAC: svchost.exe -> svchost.exe Access=1000	
00006901	101.27362061	System	PAC: svchost.exe -> svchost.exe Access=1000	
00006902	101.27377319	System	PAC: svchost.exe -> svchost.exe Access=1000	
00006903	101.27423096	System	PAC: svchost.exe -> svchost.exe Access=1000	
00006904	101.27433014	System	PAC: svchost.exe -> svchost.exe Access=1000	
00006905	101.27478027	System	PAC: svchost.exe -> svchost.exe Access=1000	
00006906	101.27497864	System	PAC: svchost.exe -> svchost.exe Access=1000	
00006907	101.27529907	System	PAC: svchost.exe -> svchost.exe Access=1000	
00006908	101.27996063	System	PAC: svchost.exe -> svchost.exe Access=1000	
00006909	101.28005981	System	PAC: svchost.exe -> svchost.exe Access=1000	
00006910	101.28089142	System	PAC: svchost.exe -> svchost.exe Access=1000	
00006911	101.28098297	System	PAC: svchost.exe -> svchost.exe Access=1000	
00006912	101.28115845	System	PAC: svchost.exe -> svchost.exe Access=1000	
00006913	101.28125000	System	PAC: svchost.exe -> svchost.exe Access=1000	
00006914	101.28134918	System	PAC: svchost.exe -> svchost.exe Access=1000	
00006915	101.28144836	System	PAC: svchost.exe -> svchost.exe Access=1000	
00006916	101.28368378	System	PAC: svchost.exe -> svchost.exe Access=1000	
00006917	101.28382111	System	PAC: svchost.exe -> svchost.exe Access=1000	
00006918	101.28559113	System	PAC: svchost.exe -> svchost.exe Access=1000	
00006919	101.28709412	System	PAC: svchost.exe -> svchost.exe Access=1000	
00006920	101.28881836	System	PAC: svchost.exe -> svchost.exe Access=1000	
00006921	101.29058838	System	PAC: svchost.exe -> svchost.exe Access=1000	
00006922	101.29232025	System	PAC: svchost.exe -> svchost.exe Access=1000	
00006923	101.29404449	System	PAC: svchost.exe -> svchost.exe Access=1000	
00006924	101.29609680	System	PAC: svchost.exe -> svchost.exe Access=1000	
00006925	101.29795837	System	PAC: svchost.exe -> svchost.exe Access=1000	
00006926	101.29948425	System	PAC: svchost.exe -> svchost.exe Access=1000	
00006927	101.30636597	System	PAC: svchost.exe -> svchost.exe Access=1000	
00006928	101.30652618	System	PAC: svchost.exe -> svchost.exe Access=1000	
00006929	101.30661774	System	PAC: svchost.exe -> svchost.exe Access=1000	
00006930	101.30677795	System	PAC: svchost.exe -> svchost.exe Access=1000	
00006931	101.30690765	System	PAC: svchost.exe -> svchost.exe Access=1000	
00006932	101.30699158	System	PAC: svchost.exe -> svchost.exe Access=1000	
00006933	101.30707550	System	PAC: svchost.exe -> svchost.exe Access=1000	
00006934	101.30738831	System	PAC: svchost.exe -> svchost.exe Access=1000	
00006935	101.30782318	System	PAC: svchost.exe -> svchost.exe Access=1000	
00006936	101.30810547	System	PAC: svchost.exe -> svchost.exe Access=1000	
00006937	101.33332825	System	PAC: svchost.exe -> svchost.exe Access=1000	
00006938	101.33352661	System	PAC: svchost.exe -> svchost.exe Access=1000	
00006939	101.33372498	System	PAC: svchost.exe -> svchost.exe Access=1000	
00006940	101.33390045	System	PAC: svchost.exe -> svchost.exe Access=1000	
00006941	101.33398438	System	PAC: svchost.exe -> svchost.exe Access=1000	
00006942	101.33409882	System	PAC: svchost.exe -> svchost.exe Access=1000	
00006943	101.33409882	System	PAC: svchost.exe -> svchost.exe Access=1000	
00006944	101.33423615	System	PAC: svchost.exe -> svchost.exe Access=1000	
00006945	101.33443451	System	PAC: svchost.exe -> svchost.exe Access=1000	
00006946	101.33444977	System	PAC: svchost.exe -> svchost.exe Access=1000	
00006947	101.33451843	System	PAC: svchost.exe -> svchost.exe Access=1000	
00006948	101.33457947	System	PAC: svchost.exe -> svchost.exe Access=1000	
00006949	101.33466339	System	PAC: svchost.exe -> svchost.exe Access=1000	
00006950	101.33475494	System	PAC: svchost.exe -> svchost.exe Access=1000	
00006951	101.33484650	System	PAC: svchost.exe -> svchost.exe Access=1000	
00006952	101.33512878	System	PAC: svchost.exe -> svchost.exe Access=1000	
00006953	101.33528900	System	PAC: svchost.exe -> svchost.exe Access=1000	
00006954	101.33541107	System	PAC: svchost.exe -> svchost.exe Access=1000	
00006955	101.33544922	System	PAC: svchost.exe -> svchost.exe Access=1000	
00006956	101.33548737	System	PAC: svchost.exe -> svchost.exe Access=1000	
00006957	101.33554840	System	PAC: svchost.exe -> svchost.exe Access=1000	
00006958	101.33555603	System	PAC: svchost.exe -> svchost.exe Access=1000	
00006959	101.33567047	System	PAC: svchost.exe -> svchost.exe Access=1000	
00006960	101.33573151	System	PAC: svchost.exe -> svchost.exe Access=1000	
00006961	101.33575439	System	PAC: svchost.exe -> svchost.exe Access=1000	
00006962	101.33591461	System	PAC: svchost.exe -> svchost.exe Access=1000	
00006963	101.33615875	System	PAC: svchost.exe -> svchost.exe Access=1000	
00006964	101.33619690	System	PAC: svchost.exe -> svchost.exe Access=1000	
00006965	101.33625793	System	PAC: svchost.exe -> svchost.exe Access=1000	
00006966	101.33634186	System	PAC: svchost.exe -> svchost.exe Access=1000	
00006967	101.33666229	System	PAC: svchost.exe -> svchost.exe Access=1000	
00006968	101.33720398	System	PAC: svchost.exe -> svchost.exe Access=1000	
00006969	101.33739471	System	PAC: svchost.exe -> svchost.exe Access=1000	
00006970	101.33747101	System	PAC: svchost.exe -> svchost.exe Access=1000	
00006971	101.33753967	System	PAC: svchost.exe -> svchost.exe Access=1000	
00006972	101.33762360	System	PAC: svchost.exe -> svchost.exe Access=1000	
00006973	101.33783722	System	PAC: svchost.exe -> svchost.exe Access=1000	
00006974	101.33793640	System	PAC: svchost.exe -> svchost.exe Access=1000	
00006975	101.33815765	System	PAC: svchost.exe -> svchost.exe Access=1000	
00006976	101.33847809	System	PAC: svchost.exe -> svchost.exe Access=1000	
00006977	101.33895874	System	PAC: svchost.exe -> svchost.exe Access=1000	
00006978	101.33921051	System	PAC: svchost.exe -> svchost.exe Access=1000	
00006979	101.34470367	System	PAC: svchost.exe -> svchost.exe Access=1000	
00006980	101.34471130	System	PAC: svchost.exe -> svchost.exe Access=1000	
00006981	101.34471893	System	PAC: svchost.exe -> svchost.exe Access=1000	
00006982	101.37459564	System	PAC: svchost.exe -> svchost.exe Access=1000	
00006983	101.37905121	System	PAC: svchost.exe -> svchost.exe Access=1000	
00006984	101.38343811	System	PAC: svchost.exe -> svchost.exe Access=1000	
00006985	101.38437653	System	PAC: svchost.exe -> svchost.exe Access=1000	
00006986	101.47348785	System	PAC: svchost.exe -> svchost.exe Access=1000	
00006987	101.52685547	System	PAC: svchost.exe -> svchost.exe Access=1000	
00006988	101.52686310	System	PAC: svchost.exe -> svchost.exe Access=40	
00006989	101.52868652	System	PAC: svchost.exe -> svchost.exe Access=1000	
00006990	101.52869415	System	PAC: svchost.exe -> svchost.exe Access=1000	
00006991	101.52883911	System	PAC: svchost.exe -> svchost.exe Access=1000	
00006992	101.52901459	System	PAC: svchost.exe -> svchost.exe Access=1000	
00006993	101.52901459	System	PAC: svchost.exe -> svchost.exe Access=1000	
00006994	101.52962494	System	PAC: svchost.exe -> StartMenuExper Access=1000	
00006995	101.53000641	System	PAC: svchost.exe -> explorer.exe Access=1000	
00006996	101.53071594	System	PAC: svchost.exe -> explorer.exe Access=1000	
00006997	101.53079987	System	PAC: svchost.exe -> svchost.exe Access=1000	
00006998	101.53397369	System	PAC: svchost.exe -> sihost.exe Access=1000	
00006999	101.53566742	System	PAC: svchost.exe -> sihost.exe Access=1000	
00007000	101.53730774	System	PAC: lsass.exe -> sihost.exe Access=1000	
00007001	101.53749084	System	PAC: lsass.exe -> sihost.exe Access=1000	
00007002	101.53760529	System	PAC: lsass.exe -> sihost.exe Access=1000	
00007003	101.53768158	System	PAC: lsass.exe -> sihost.exe Access=1000	
00007004	101.54063416	System	PAC: sihost.exe -> sihost.exe Access=1000	
00007005	101.54064178	System	PAC: sihost.exe -> sihost.exe Access=1000	
00007006	101.54076385	System	PAC: svchost.exe -> SearchIndexer. Access=1000	
00007007	101.54141235	System	PAC: svchost.exe -> SearchIndexer. Access=1000	
00007008	101.54187012	System	PAC: svchost.exe -> SearchIndexer. Access=1000	
00007009	101.54213715	System	PAC: svchost.exe -> SearchIndexer. Access=1000	
00007010	101.54223633	System	PAC: svchost.exe -> SearchIndexer. Access=1000	
00007011	101.54330444	System	PAC: svchost.exe -> explorer.exe Access=1000	
00007012	101.54398346	System	PAC: svchost.exe -> sihost.exe Access=1014C0	
00007013	101.54399109	System	PAC: svchost.exe -> explorer.exe Access=1000	
00007014	101.54457092	System	PAC: svchost.exe -> svchost.exe Access=1000	
00007015	101.54466248	System	PAC: svchost.exe -> explorer.exe Access=1000	
00007016	101.54515839	System	PAC: svchost.exe -> svchost.exe Access=1000	
00007017	101.54520416	System	PAC: svchost.exe -> explorer.exe Access=1000	
00007018	101.54569244	System	PAC: svchost.exe -> svchost.exe Access=1000	
00007019	101.54598236	System	PAC: svchost.exe -> explorer.exe Access=1000	
00007020	101.54608917	System	PAC: svchost.exe -> svchost.exe Access=1000	
00007021	101.54625702	System	PAC: svchost.exe -> svchost.exe Access=1000	
00007022	101.54649353	System	PAC: svchost.exe -> explorer.exe Access=1000	
00007023	101.54660797	System	PAC: svchost.exe -> sihost.exe Access=1410	
00007024	101.54687500	System	PAC: svchost.exe -> explorer.exe Access=1000	
00007025	101.54791260	System	PAC: svchost.exe -> explorer.exe Access=1000	
00007026	101.54834747	System	PAC: svchost.exe -> explorer.exe Access=1000	
00007027	101.55055237	System	PAC: svchost.exe -> explorer.exe Access=1000	
00007028	101.55058289	System	PAC: svchost.exe -> explorer.exe Access=1000	
00007029	101.55134583	System	PAC: svchost.exe -> explorer.exe Access=1000	
00007030	101.55191803	System	PAC: svchost.exe -> explorer.exe Access=1000	
00007031	101.55239105	System	PAC: MsMpEng.exe -> M365Copilot.ex Access=3600	
00007032	101.55256653	System	PAC: MsMpEng.exe -> M365Copilot.ex Access=1000	
00007033	101.55315399	System	PAC: svchost.exe -> explorer.exe Access=1000	
00007034	101.55410767	System	PAC: svchost.exe -> explorer.exe Access=1000	
00007035	101.55432892	System	PAC: svchost.exe -> M365Copilot.ex Access=1FFFFF	
00007036	101.55561066	System	PAC: svchost.exe -> svchost.exe Access=1000	
00007037	101.55624390	System	PAC: csrss.exe -> M365Copilot.ex Access=1FFFFF	
00007038	101.55658722	System	PAC: svchost.exe -> M365Copilot.ex Access=1FFFFF	
00007039	101.55660248	System	PAC: svchost.exe -> M365Copilot.ex Access=1501	
00007040	101.55681610	System	PAC: svchost.exe -> explorer.exe Access=1000	
00007041	101.55721283	System	PAC: svchost.exe -> explorer.exe Access=1000	
00007042	101.55722809	System	PAC: svchost.exe -> StartMenuExper Access=1000	
00007043	101.55734253	System	PAC: svchost.exe -> svchost.exe Access=1000	
00007044	101.55747986	System	PAC: svchost.exe -> explorer.exe Access=1000	
00007045	101.55946350	System	PAC: svchost.exe -> svchost.exe Access=1000	
00007046	101.56078339	System	PAC: svchost.exe -> explorer.exe Access=1000	
00007047	101.56400299	System	PAC: svchost.exe -> svchost.exe Access=1000	
00007048	101.56427002	System	PAC: svchost.exe -> explorer.exe Access=1000	
00007049	101.56527710	System	PAC: svchost.exe -> explorer.exe Access=1000	
00007050	101.56531525	System	PAC: svchost.exe -> explorer.exe Access=1000	
00007051	101.56533051	System	PAC: svchost.exe -> explorer.exe Access=1000	
00007052	101.56553650	System	PAC: svchost.exe -> StartMenuExper Access=1000	
00007053	101.56622314	System	PAC: svchost.exe -> StartMenuExper Access=1000	
00007054	101.56628418	System	PAC: svchost.exe -> explorer.exe Access=1000	
00007055	101.56636810	System	PAC: svchost.exe -> StartMenuExper Access=1000	
00007056	101.56642914	System	PAC: svchost.exe -> explorer.exe Access=1000	
00007057	101.56690979	System	PAC: svchost.exe -> svchost.exe Access=1000	
00007058	101.56745911	System	PAC: svchost.exe -> StartMenuExper Access=1000	
00007059	101.56753540	System	PAC: svchost.exe -> StartMenuExper Access=1000	
00007060	101.56790924	System	PAC: svchost.exe -> explorer.exe Access=1000	
00007061	101.56800079	System	PAC: svchost.exe -> explorer.exe Access=1000	
00007062	101.56833649	System	PAC: svchost.exe -> svchost.exe Access=1000	
00007063	101.56870270	System	PAC: svchost.exe -> svchost.exe Access=1000	
00007064	101.56880188	System	PAC: svchost.exe -> explorer.exe Access=1000	
00007065	101.56904602	System	PAC: svchost.exe -> explorer.exe Access=1000	
00007066	101.57012939	System	PAC: svchost.exe -> explorer.exe Access=1000	
00007067	101.57026672	System	PAC: svchost.exe -> svchost.exe Access=1000	
00007068	101.57028198	System	PAC: svchost.exe -> svchost.exe Access=1000	
00007069	101.57039642	System	PAC: svchost.exe -> RuntimeBroker. Access=1000	
00007070	101.57041931	System	PAC: svchost.exe -> explorer.exe Access=1000	
00007071	101.57089996	System	PAC: svchost.exe -> explorer.exe Access=1000	
00007072	101.58064270	System	PAC: svchost.exe -> svchost.exe Access=1000	
00007073	101.58506012	System	PAC: svchost.exe -> StartMenuExper Access=1000	
00007074	101.58535767	System	PAC: svchost.exe -> svchost.exe Access=1000	
00007075	101.58560181	System	PAC: svchost.exe -> explorer.exe Access=1000	
00007076	101.58561707	System	PAC: svchost.exe -> explorer.exe Access=1000	
00007077	101.58570862	System	PAC: svchost.exe -> explorer.exe Access=1000	
00007078	101.58607483	System	PAC: svchost.exe -> svchost.exe Access=1000	
00007079	101.58609009	System	PAC: svchost.exe -> explorer.exe Access=1000	
00007080	101.58652496	System	PAC: svchost.exe -> explorer.exe Access=1000	
00007081	101.58719635	System	PAC: svchost.exe -> explorer.exe Access=1000	
00007082	101.58843231	System	PAC: svchost.exe -> explorer.exe Access=1000	
00007083	101.58853149	System	PAC: svchost.exe -> explorer.exe Access=1000	
00007084	101.58943939	System	PAC: svchost.exe -> explorer.exe Access=1000	
00007085	101.59013367	System	PAC: svchost.exe -> explorer.exe Access=1000	
00007086	101.59034729	System	PAC: svchost.exe -> StartMenuExper Access=1000	
00007087	101.59096527	System	PAC: svchost.exe -> explorer.exe Access=1000	
00007088	101.59172821	System	PAC: svchost.exe -> explorer.exe Access=1000	
00007089	101.59400940	System	PAC: svchost.exe -> explorer.exe Access=1000	
00007090	101.59436798	System	PAC: svchost.exe -> explorer.exe Access=1000	
00007091	101.59439087	System	PAC: svchost.exe -> StartMenuExper Access=1000	
00007092	101.59452820	System	PAC: svchost.exe -> explorer.exe Access=1000	
00007093	101.59710693	System	PAC: svchost.exe -> explorer.exe Access=1000	
00007094	101.59770203	System	PAC: svchost.exe -> explorer.exe Access=1000	
00007095	101.59783173	System	PAC: MsMpEng.exe -> msedgewebview2 Access=1000	
00007096	101.59790802	System	PAC: MsMpEng.exe -> msedgewebview2 Access=1000	
00007097	101.59791565	System	PAC: MsMpEng.exe -> msedgewebview2 Access=1000	
00007098	101.59792328	System	PAC: MsMpEng.exe -> msedgewebview2 Access=101000	
00007099	101.59793854	System	PAC: MsMpEng.exe -> msedgewebview2 Access=1000	
00007100	101.59794617	System	PAC: MsMpEng.exe -> msedgewebview2 Access=1000	
00007101	101.59794617	System	PAC: MsMpEng.exe -> msedgewebview2 Access=1000	
00007102	101.59870911	System	PAC: svchost.exe -> explorer.exe Access=1000	
00007103	101.60043335	System	PAC: svchost.exe -> explorer.exe Access=1000	
00007104	101.60168457	System	PAC: svchost.exe -> explorer.exe Access=1000	
00007105	101.60181427	System	PAC: svchost.exe -> explorer.exe Access=1000	
00007106	101.60221863	System	PAC: svchost.exe -> explorer.exe Access=1000	
00007107	101.60333252	System	PAC: svchost.exe -> explorer.exe Access=1000	
00007108	101.60350800	System	PAC: svchost.exe -> explorer.exe Access=1000	
00007109	101.60567474	System	PAC: svchost.exe -> explorer.exe Access=1000	
00007110	101.60859680	System	PAC: svchost.exe -> explorer.exe Access=1000	
00007111	101.60941315	System	PAC: svchost.exe -> explorer.exe Access=1000	
00007112	101.60992432	System	PAC: svchost.exe -> explorer.exe Access=1000	
00007113	101.61018372	System	PAC: svchost.exe -> explorer.exe Access=1000	
00007114	101.61050415	System	PAC: svchost.exe -> explorer.exe Access=1000	
00007115	101.61096954	System	PAC: svchost.exe -> explorer.exe Access=1000	
00007116	101.61154938	System	PAC: svchost.exe -> explorer.exe Access=1000	
00007117	101.61224365	System	PAC: svchost.exe -> explorer.exe Access=1000	
00007118	101.61291504	System	PAC: svchost.exe -> explorer.exe Access=1000	
00007119	101.61310577	System	PAC: svchost.exe -> explorer.exe Access=1000	
00007120	101.61378479	System	PAC: svchost.exe -> explorer.exe Access=1000	
00007121	101.61510468	System	PAC: svchost.exe -> explorer.exe Access=1000	
00007122	101.61576080	System	PAC: svchost.exe -> explorer.exe Access=1000	
00007123	101.61737823	System	PAC: svchost.exe -> explorer.exe Access=1000	
00007124	101.61769867	System	PAC: svchost.exe -> explorer.exe Access=1000	
00007125	101.61795044	System	PAC: svchost.exe -> explorer.exe Access=1000	
00007126	101.61830139	System	PAC: svchost.exe -> explorer.exe Access=1000	
00007127	101.61852264	System	PAC: svchost.exe -> explorer.exe Access=1000	
00007128	101.61875153	System	PAC: svchost.exe -> explorer.exe Access=1000	
00007129	101.61917877	System	PAC: svchost.exe -> explorer.exe Access=1000	
00007130	101.61942291	System	PAC: svchost.exe -> explorer.exe Access=1000	
00007131	101.61979675	System	PAC: svchost.exe -> explorer.exe Access=1000	
00007132	101.62002563	System	PAC: svchost.exe -> explorer.exe Access=1000	
00007133	101.62042999	System	PAC: svchost.exe -> explorer.exe Access=1000	
00007134	101.62068939	System	PAC: svchost.exe -> explorer.exe Access=1000	
00007135	101.62091827	System	PAC: svchost.exe -> explorer.exe Access=1000	
00007136	101.62130737	System	PAC: svchost.exe -> explorer.exe Access=1000	
00007137	101.62171173	System	PAC: svchost.exe -> explorer.exe Access=1000	
00007138	101.62203979	System	PAC: svchost.exe -> explorer.exe Access=1000	
00007139	101.62236023	System	PAC: svchost.exe -> explorer.exe Access=1000	
00007140	101.62269592	System	PAC: svchost.exe -> explorer.exe Access=1000	
00007141	101.62305450	System	PAC: svchost.exe -> explorer.exe Access=1000	
00007142	101.62340546	System	PAC: svchost.exe -> explorer.exe Access=1000	
00007143	101.62374115	System	PAC: svchost.exe -> explorer.exe Access=1000	
00007144	101.62414551	System	PAC: svchost.exe -> explorer.exe Access=1000	
00007145	101.62494659	System	PAC: svchost.exe -> explorer.exe Access=1000	
00007146	101.62561035	System	PAC: svchost.exe -> explorer.exe Access=1000	
00007147	101.62643433	System	PAC: svchost.exe -> explorer.exe Access=1000	
00007148	101.62717438	System	PAC: svchost.exe -> explorer.exe Access=1000	
00007149	101.62767029	System	PAC: svchost.exe -> explorer.exe Access=1000	
00007150	101.62799072	System	PAC: svchost.exe -> explorer.exe Access=1000	
00007151	101.62834167	System	PAC: svchost.exe -> explorer.exe Access=1000	
00007152	101.62914276	System	PAC: svchost.exe -> explorer.exe Access=1000	
00007153	101.62941742	System	PAC: svchost.exe -> explorer.exe Access=1000	
00007154	101.62965393	System	PAC: svchost.exe -> explorer.exe Access=1000	
00007155	101.63014221	System	PAC: svchost.exe -> explorer.exe Access=1000	
00007156	101.63077545	System	PAC: svchost.exe -> explorer.exe Access=1000	
00007157	101.63124847	System	PAC: svchost.exe -> explorer.exe Access=1000	
00007158	101.63158417	System	PAC: svchost.exe -> explorer.exe Access=1000	
00007159	101.63235474	System	PAC: svchost.exe -> explorer.exe Access=1000	
00007160	101.63345337	System	PAC: svchost.exe -> explorer.exe Access=1000	
00007161	101.63386536	System	PAC: svchost.exe -> explorer.exe Access=1000	
00007162	101.63426971	System	PAC: svchost.exe -> explorer.exe Access=1000	
00007163	101.63456726	System	PAC: svchost.exe -> explorer.exe Access=1000	
00007164	101.63504028	System	PAC: svchost.exe -> explorer.exe Access=1000	
00007165	101.63554382	System	PAC: svchost.exe -> explorer.exe Access=1000	
00007166	101.63597870	System	PAC: svchost.exe -> explorer.exe Access=1000	
00007167	101.63632965	System	PAC: svchost.exe -> explorer.exe Access=1000	
00007168	101.63665771	System	PAC: svchost.exe -> explorer.exe Access=1000	
00007169	101.63700104	System	PAC: svchost.exe -> explorer.exe Access=1000	
00007170	101.63744354	System	PAC: svchost.exe -> explorer.exe Access=1000	
00007171	101.63768005	System	PAC: svchost.exe -> explorer.exe Access=1000	
00007172	101.63791656	System	PAC: svchost.exe -> explorer.exe Access=1000	
00007173	101.63837433	System	PAC: svchost.exe -> svchost.exe Access=1000	
00007174	101.63842773	System	PAC: svchost.exe -> explorer.exe Access=1000	
00007175	101.63890839	System	PAC: svchost.exe -> explorer.exe Access=1000	
00007176	101.63922882	System	PAC: svchost.exe -> explorer.exe Access=1000	
00007177	101.63973999	System	PAC: svchost.exe -> svchost.exe Access=1000	
00007178	101.64041138	System	PAC: svchost.exe -> explorer.exe Access=1000	
00007179	101.64162445	System	PAC: svchost.exe -> explorer.exe Access=1000	
00007180	101.64264679	System	PAC: svchost.exe -> explorer.exe Access=1000	
00007181	101.64291382	System	PAC: svchost.exe -> explorer.exe Access=1000	
00007182	101.64342499	System	PAC: svchost.exe -> explorer.exe Access=1000	
00007183	101.64364624	System	PAC: svchost.exe -> explorer.exe Access=1000	
00007184	101.64366150	System	PAC: svchost.exe -> explorer.exe Access=1000	
00007185	101.64366150	System	PAC: svchost.exe -> explorer.exe Access=1000	
00007186	101.64366913	System	PAC: svchost.exe -> explorer.exe Access=1000	
00007187	101.64367676	System	PAC: svchost.exe -> explorer.exe Access=1000	
00007188	101.64367676	System	PAC: svchost.exe -> explorer.exe Access=1000	
00007189	101.64367676	System	PAC: svchost.exe -> explorer.exe Access=1000	
00007190	101.64368439	System	PAC: svchost.exe -> explorer.exe Access=1000	
00007191	101.64368439	System	PAC: svchost.exe -> explorer.exe Access=1000	
00007192	101.64369202	System	PAC: svchost.exe -> explorer.exe Access=1000	
00007193	101.64374542	System	PAC: svchost.exe -> explorer.exe Access=1000	
00007194	101.64375305	System	PAC: svchost.exe -> explorer.exe Access=1000	
00007195	101.64375305	System	PAC: svchost.exe -> explorer.exe Access=1000	
00007196	101.64375305	System	PAC: svchost.exe -> explorer.exe Access=1000	
00007197	101.64376068	System	PAC: svchost.exe -> explorer.exe Access=1000	
00007198	101.64376068	System	PAC: svchost.exe -> explorer.exe Access=1000	
00007199	101.64376831	System	PAC: svchost.exe -> explorer.exe Access=1000	
00007200	101.64377594	System	PAC: svchost.exe -> explorer.exe Access=1000	
00007201	101.64377594	System	PAC: svchost.exe -> explorer.exe Access=1000	
00007202	101.64378357	System	PAC: svchost.exe -> explorer.exe Access=1000	
00007203	101.64379120	System	PAC: svchost.exe -> explorer.exe Access=1000	
00007204	101.64379883	System	PAC: svchost.exe -> explorer.exe Access=1000	
00007205	101.64379883	System	PAC: svchost.exe -> explorer.exe Access=1000	
00007206	101.64379883	System	PAC: svchost.exe -> explorer.exe Access=1000	
00007207	101.64380646	System	PAC: svchost.exe -> explorer.exe Access=1000	
00007208	101.64388275	System	PAC: svchost.exe -> explorer.exe Access=1000	
00007209	101.64389801	System	PAC: svchost.exe -> explorer.exe Access=1000	
00007210	101.64390564	System	PAC: svchost.exe -> explorer.exe Access=1000	
00007211	101.64391327	System	PAC: svchost.exe -> explorer.exe Access=1000	
00007212	101.64391327	System	PAC: svchost.exe -> explorer.exe Access=1000	
00007213	101.64392090	System	PAC: svchost.exe -> explorer.exe Access=1000	
00007214	101.64392853	System	PAC: svchost.exe -> explorer.exe Access=1000	
00007215	101.64393616	System	PAC: svchost.exe -> explorer.exe Access=1000	
00007216	101.64394379	System	PAC: svchost.exe -> explorer.exe Access=1000	
00007217	101.64395142	System	PAC: svchost.exe -> explorer.exe Access=1000	
00007218	101.64395142	System	PAC: svchost.exe -> explorer.exe Access=1000	
00007219	101.64395905	System	PAC: svchost.exe -> explorer.exe Access=1000	
00007220	101.64396667	System	PAC: svchost.exe -> explorer.exe Access=1000	
00007221	101.64397430	System	PAC: svchost.exe -> explorer.exe Access=1000	
00007222	101.64398193	System	PAC: svchost.exe -> explorer.exe Access=1000	
00007223	101.64398956	System	PAC: svchost.exe -> explorer.exe Access=1000	
00007224	101.64399719	System	PAC: svchost.exe -> explorer.exe Access=1000	
00007225	101.64399719	System	PAC: svchost.exe -> explorer.exe Access=1000	
00007226	101.64400482	System	PAC: svchost.exe -> explorer.exe Access=1000	
00007227	101.64401245	System	PAC: svchost.exe -> explorer.exe Access=1000	
00007228	101.64402771	System	PAC: svchost.exe -> explorer.exe Access=1000	
00007229	101.64403534	System	PAC: svchost.exe -> explorer.exe Access=1000	
00007230	101.64403534	System	PAC: svchost.exe -> explorer.exe Access=1000	
00007231	101.64404297	System	PAC: svchost.exe -> explorer.exe Access=1000	
00007232	101.64405060	System	PAC: svchost.exe -> explorer.exe Access=1000	
00007233	101.64405823	System	PAC: svchost.exe -> explorer.exe Access=1000	
00007234	101.64406586	System	PAC: svchost.exe -> explorer.exe Access=1000	
00007235	101.64407349	System	PAC: svchost.exe -> explorer.exe Access=1000	
00007236	101.64407349	System	PAC: svchost.exe -> explorer.exe Access=1000	
00007237	101.64407349	System	PAC: svchost.exe -> explorer.exe Access=1000	
00007238	101.64408112	System	PAC: svchost.exe -> explorer.exe Access=1000	
00007239	101.64408875	System	PAC: svchost.exe -> explorer.exe Access=1000	
00007240	101.64409637	System	PAC: svchost.exe -> explorer.exe Access=1000	
00007241	101.64410400	System	PAC: svchost.exe -> explorer.exe Access=1000	
00007242	101.64411163	System	PAC: svchost.exe -> explorer.exe Access=1000	
00007243	101.64411926	System	PAC: svchost.exe -> explorer.exe Access=1000	
00007244	101.64412689	System	PAC: svchost.exe -> explorer.exe Access=1000	
00007245	101.64413452	System	PAC: svchost.exe -> explorer.exe Access=1000	
00007246	101.64414215	System	PAC: svchost.exe -> explorer.exe Access=1000	
00007247	101.64414978	System	PAC: svchost.exe -> explorer.exe Access=1000	
00007248	101.64415741	System	PAC: svchost.exe -> explorer.exe Access=1000	
00007249	101.64415741	System	PAC: svchost.exe -> explorer.exe Access=1000	
00007250	101.64415741	System	PAC: svchost.exe -> explorer.exe Access=1000	
00007251	101.64416504	System	PAC: svchost.exe -> explorer.exe Access=1000	
00007252	101.64417267	System	PAC: svchost.exe -> explorer.exe Access=1000	
00007253	101.64418030	System	PAC: svchost.exe -> explorer.exe Access=1000	
00007254	101.64419556	System	PAC: svchost.exe -> explorer.exe Access=1000	
00007255	101.64419556	System	PAC: svchost.exe -> explorer.exe Access=1000	
00007256	101.64420319	System	PAC: svchost.exe -> explorer.exe Access=1000	
00007257	101.64420319	System	PAC: svchost.exe -> explorer.exe Access=1000	
00007258	101.64421082	System	PAC: svchost.exe -> explorer.exe Access=1000	
00007259	101.64421844	System	PAC: svchost.exe -> explorer.exe Access=1000	
00007260	101.64421844	System	PAC: svchost.exe -> explorer.exe Access=1000	
00007261	101.64422607	System	PAC: svchost.exe -> explorer.exe Access=1000	
00007262	101.64422607	System	PAC: svchost.exe -> explorer.exe Access=1000	
00007263	101.64423370	System	PAC: svchost.exe -> explorer.exe Access=1000	
00007264	101.64423370	System	PAC: svchost.exe -> explorer.exe Access=1000	
00007265	101.64423370	System	PAC: svchost.exe -> explorer.exe Access=1000	
00007266	101.64424133	System	PAC: svchost.exe -> explorer.exe Access=1000	
00007267	101.64424896	System	PAC: svchost.exe -> explorer.exe Access=1000	
00007268	101.64424896	System	PAC: svchost.exe -> explorer.exe Access=1000	
00007269	101.64425659	System	PAC: svchost.exe -> explorer.exe Access=1000	
00007270	101.64425659	System	PAC: svchost.exe -> explorer.exe Access=1000	
00007271	101.64426422	System	PAC: svchost.exe -> explorer.exe Access=1000	
00007272	101.64426422	System	PAC: svchost.exe -> explorer.exe Access=1000	
00007273	101.64427185	System	PAC: svchost.exe -> explorer.exe Access=1000	
00007274	101.64427185	System	PAC: svchost.exe -> explorer.exe Access=1000	
00007275	101.64427185	System	PAC: svchost.exe -> explorer.exe Access=1000	
00007276	101.64427948	System	PAC: svchost.exe -> explorer.exe Access=1000	
00007277	101.64427948	System	PAC: svchost.exe -> explorer.exe Access=1000	
00007278	101.64428711	System	PAC: svchost.exe -> explorer.exe Access=1000	
00007279	101.64429474	System	PAC: svchost.exe -> explorer.exe Access=1000	
00007280	101.64430237	System	PAC: svchost.exe -> explorer.exe Access=1000	
00007281	101.64431000	System	PAC: svchost.exe -> explorer.exe Access=1000	
00007282	101.64431763	System	PAC: svchost.exe -> explorer.exe Access=1000	
00007283	101.64432526	System	PAC: svchost.exe -> explorer.exe Access=1000	
00007284	101.64553070	System	PAC: svchost.exe -> svchost.exe Access=1000	
00007285	101.65230560	System	PAC: svchost.exe -> M365Copilot.ex Access=1101	
00007286	101.65316772	System	PAC: svchost.exe -> sihost.exe Access=1440	
00007287	101.65321350	System	PAC: svchost.exe -> M365Copilot.ex Access=1FFFFF	
00007288	101.65322876	System	PAC: svchost.exe -> M365Copilot.ex Access=1000	
00007289	101.65430450	System	PAC: svchost.exe -> M365Copilot.ex Access=1FFFFF	
00007290	101.65441132	System	PAC: sihost.exe -> M365Copilot.ex Access=1FFFFF	
00007291	101.65590668	System	PAC: csrss.exe -> M365Copilot.ex Access=1FFFFF	
00007292	101.66119385	System	PAC: svchost.exe -> explorer.exe Access=1000	
00007293	101.66120911	System	PAC: svchost.exe -> explorer.exe Access=1000	
00007294	101.66121674	System	PAC: svchost.exe -> explorer.exe Access=1000	
00007295	101.66122437	System	PAC: svchost.exe -> explorer.exe Access=1000	
00007296	101.66123199	System	PAC: svchost.exe -> explorer.exe Access=1000	
00007297	101.66123199	System	PAC: svchost.exe -> explorer.exe Access=1000	
00007298	101.66123199	System	PAC: svchost.exe -> explorer.exe Access=1000	
00007299	101.66145325	System	PAC: svchost.exe -> explorer.exe Access=1000	
00007300	101.66146088	System	PAC: svchost.exe -> explorer.exe Access=1000	
00007301	101.66146851	System	PAC: svchost.exe -> explorer.exe Access=1000	
00007302	101.66146851	System	PAC: svchost.exe -> explorer.exe Access=1000	
00007303	101.66147614	System	PAC: svchost.exe -> explorer.exe Access=1000	
00007304	101.66147614	System	PAC: svchost.exe -> explorer.exe Access=1000	
00007305	101.66148376	System	PAC: svchost.exe -> explorer.exe Access=1000	
00007306	101.66149139	System	PAC: svchost.exe -> explorer.exe Access=1000	
00007307	101.66149139	System	PAC: svchost.exe -> explorer.exe Access=1000	
00007308	101.66149902	System	PAC: svchost.exe -> explorer.exe Access=1000	
00007309	101.66150665	System	PAC: svchost.exe -> explorer.exe Access=1000	
00007310	101.66150665	System	PAC: svchost.exe -> explorer.exe Access=1000	
00007311	101.66150665	System	PAC: svchost.exe -> explorer.exe Access=1000	
00007312	101.66151428	System	PAC: svchost.exe -> explorer.exe Access=1000	
00007313	101.66151428	System	PAC: svchost.exe -> explorer.exe Access=1000	
00007314	101.66152191	System	PAC: svchost.exe -> explorer.exe Access=1000	
00007315	101.66152954	System	PAC: svchost.exe -> explorer.exe Access=1000	
00007316	101.66160583	System	PAC: svchost.exe -> explorer.exe Access=1000	
00007317	101.66162109	System	PAC: svchost.exe -> explorer.exe Access=1000	
00007318	101.66162872	System	PAC: svchost.exe -> explorer.exe Access=1000	
00007319	101.66162872	System	PAC: svchost.exe -> explorer.exe Access=1000	
00007320	101.66163635	System	PAC: svchost.exe -> explorer.exe Access=1000	
00007321	101.66164398	System	PAC: svchost.exe -> explorer.exe Access=1000	
00007322	101.66164398	System	PAC: svchost.exe -> explorer.exe Access=1000	
00007323	101.66165161	System	PAC: svchost.exe -> explorer.exe Access=1000	
00007324	101.66165924	System	PAC: svchost.exe -> explorer.exe Access=1000	
00007325	101.66166687	System	PAC: svchost.exe -> explorer.exe Access=1000	
00007326	101.66166687	System	PAC: svchost.exe -> explorer.exe Access=1000	
00007327	101.66166687	System	PAC: svchost.exe -> explorer.exe Access=1000	
00007328	101.66167450	System	PAC: svchost.exe -> explorer.exe Access=1000	
00007329	101.66168213	System	PAC: svchost.exe -> explorer.exe Access=1000	
00007330	101.66168976	System	PAC: svchost.exe -> explorer.exe Access=1000	
00007331	101.66168976	System	PAC: svchost.exe -> explorer.exe Access=1000	
00007332	101.66169739	System	PAC: svchost.exe -> explorer.exe Access=1000	
00007333	101.66170502	System	PAC: svchost.exe -> explorer.exe Access=1000	
00007334	101.66170502	System	PAC: svchost.exe -> explorer.exe Access=1000	
00007335	101.66171265	System	PAC: svchost.exe -> explorer.exe Access=1000	
00007336	101.66171265	System	PAC: svchost.exe -> explorer.exe Access=1000	
00007337	101.66172028	System	PAC: svchost.exe -> explorer.exe Access=1000	
00007338	101.66172791	System	PAC: svchost.exe -> explorer.exe Access=1000	
00007339	101.66173553	System	PAC: svchost.exe -> explorer.exe Access=1000	
00007340	101.66174316	System	PAC: svchost.exe -> explorer.exe Access=1000	
00007341	101.66190338	System	PAC: svchost.exe -> explorer.exe Access=1000	
00007342	101.66191101	System	PAC: svchost.exe -> explorer.exe Access=1000	
00007343	101.66198730	System	PAC: svchost.exe -> explorer.exe Access=1000	
00007344	101.66201019	System	PAC: svchost.exe -> explorer.exe Access=1000	
00007345	101.66201019	System	PAC: svchost.exe -> explorer.exe Access=1000	
00007346	101.66201782	System	PAC: svchost.exe -> explorer.exe Access=1000	
00007347	101.66202545	System	PAC: svchost.exe -> explorer.exe Access=1000	
00007348	101.66202545	System	PAC: svchost.exe -> explorer.exe Access=1000	
00007349	101.66202545	System	PAC: svchost.exe -> explorer.exe Access=1000	
00007350	101.66210938	System	PAC: svchost.exe -> explorer.exe Access=1000	
00007351	101.66213226	System	PAC: svchost.exe -> explorer.exe Access=1000	
00007352	101.66213226	System	PAC: svchost.exe -> explorer.exe Access=1000	
00007353	101.66213989	System	PAC: svchost.exe -> explorer.exe Access=1000	
00007354	101.66214752	System	PAC: svchost.exe -> explorer.exe Access=1000	
00007355	101.66214752	System	PAC: svchost.exe -> explorer.exe Access=1000	
00007356	101.66215515	System	PAC: svchost.exe -> explorer.exe Access=1000	
00007357	101.66216278	System	PAC: svchost.exe -> explorer.exe Access=1000	
00007358	101.66216278	System	PAC: svchost.exe -> explorer.exe Access=1000	
00007359	101.66217041	System	PAC: svchost.exe -> explorer.exe Access=1000	
00007360	101.66217804	System	PAC: svchost.exe -> explorer.exe Access=1000	
00007361	101.66218567	System	PAC: svchost.exe -> explorer.exe Access=1000	
00007362	101.66218567	System	PAC: svchost.exe -> explorer.exe Access=1000	
00007363	101.66218567	System	PAC: svchost.exe -> explorer.exe Access=1000	
00007364	101.66219330	System	PAC: svchost.exe -> explorer.exe Access=1000	
00007365	101.66220093	System	PAC: svchost.exe -> explorer.exe Access=1000	
00007366	101.66220856	System	PAC: svchost.exe -> explorer.exe Access=1000	
00007367	101.66221619	System	PAC: svchost.exe -> explorer.exe Access=1000	
00007368	101.66221619	System	PAC: svchost.exe -> explorer.exe Access=1000	
00007369	101.66222382	System	PAC: svchost.exe -> explorer.exe Access=1000	
00007370	101.66222382	System	PAC: svchost.exe -> explorer.exe Access=1000	
00007371	101.66223145	System	PAC: svchost.exe -> explorer.exe Access=1000	
00007372	101.66223145	System	PAC: svchost.exe -> explorer.exe Access=1000	
00007373	101.66223907	System	PAC: svchost.exe -> explorer.exe Access=1000	
00007374	101.66224670	System	PAC: svchost.exe -> explorer.exe Access=1000	
00007375	101.66225433	System	PAC: svchost.exe -> explorer.exe Access=1000	
00007376	101.66226196	System	PAC: svchost.exe -> explorer.exe Access=1000	
00007377	101.66226196	System	PAC: svchost.exe -> explorer.exe Access=1000	
00007378	101.66226196	System	PAC: svchost.exe -> explorer.exe Access=1000	
00007379	101.66226959	System	PAC: svchost.exe -> explorer.exe Access=1000	
00007380	101.66227722	System	PAC: svchost.exe -> explorer.exe Access=1000	
00007381	101.66228485	System	PAC: svchost.exe -> explorer.exe Access=1000	
00007382	101.66230774	System	PAC: svchost.exe -> explorer.exe Access=1000	
00007383	101.66230774	System	PAC: svchost.exe -> explorer.exe Access=1000	
00007384	101.66231537	System	PAC: svchost.exe -> explorer.exe Access=1000	
00007385	101.66232300	System	PAC: svchost.exe -> explorer.exe Access=1000	
00007386	101.66233063	System	PAC: svchost.exe -> explorer.exe Access=1000	
00007387	101.66233063	System	PAC: svchost.exe -> explorer.exe Access=1000	
00007388	101.66233826	System	PAC: svchost.exe -> explorer.exe Access=1000	
00007389	101.66234589	System	PAC: svchost.exe -> explorer.exe Access=1000	
00007390	101.66234589	System	PAC: svchost.exe -> explorer.exe Access=1000	
00007391	101.66235352	System	PAC: svchost.exe -> explorer.exe Access=1000	
00007392	101.66236115	System	PAC: svchost.exe -> explorer.exe Access=1000	
00007393	101.66288757	System	PAC: svchost.exe -> explorer.exe Access=1000	
00007394	101.66327667	System	PAC: svchost.exe -> explorer.exe Access=1000	
00007395	101.66329956	System	PAC: svchost.exe -> explorer.exe Access=1000	
00007396	101.66330719	System	PAC: svchost.exe -> explorer.exe Access=1000	
00007397	101.66331482	System	PAC: svchost.exe -> explorer.exe Access=1000	
00007398	101.66533661	System	PAC: svchost.exe -> explorer.exe Access=1000	
00007399	101.66535187	System	PAC: svchost.exe -> explorer.exe Access=1000	
00007400	101.66535950	System	PAC: svchost.exe -> explorer.exe Access=1000	
00007401	101.66535950	System	PAC: svchost.exe -> explorer.exe Access=1000	
00007402	101.67699432	System	8014062500 - STORMINI: StorAHCI - LPM: SystemIoBusNumber:0 Port:00 - IDLE	
00007403	101.74086761	System	PAC: svchost.exe -> M365Copilot.ex Access=1000	
00007404	101.74088287	System	PAC: svchost.exe -> M365Copilot.ex Access=100000	
00007405	101.74694061	System	PAC: svchost.exe -> M365Copilot.ex Access=1000	
00007406	101.74854279	System	PAC: svchost.exe -> M365Copilot.ex Access=1000	
00007407	101.75105286	System	PAC: svchost.exe -> M365Copilot.ex Access=1000	
00007408	101.75361633	System	PAC: svchost.exe -> M365Copilot.ex Access=1000	
00007409	101.76163483	System	8014843750 - STORMINI: StorAHCI - LPM: SystemIoBusNumber:0 Port:00 - ACTIVE	
00007410	101.76163483	System	8014843750 - STORMINI: StorAHCI - LPM: SystemIoBusNumber:0 Port:00 - Transit into Slumber from Partial - Canceled	
00007411	101.76506805	System	PAC: lsass.exe -> M365Copilot.ex Access=1000	
00007412	101.78401947	System	PAC: SearchIndexer. -> M365Copilot.ex Access=1000	
00007413	101.78445435	System	PAC: SearchIndexer. -> M365Copilot.ex Access=1000	
00007414	101.78594208	System	PAC: SearchIndexer. -> M365Copilot.ex Access=1000	
00007415	101.79969788	System	PAC: svchost.exe -> M365Copilot.ex Access=1478	
00007416	101.79992676	System	PAC: svchost.exe -> M365Copilot.ex Access=1400	
00007417	101.81951141	System	8015468750 - STORMINI: StorAHCI - LPM: Port 01 - Port Stopped	
00007418	101.82022858	System	8015468750 - STORMINI: StorAHCI - LPM: Port 01 - Port Started	
00007419	101.82561493	System	PAC: M365Copilot.ex -> explorer.exe Access=1000	
00007420	101.83151245	System	PAC: sihost.exe -> M365Copilot.ex Access=101000	
00007421	101.83152008	System	PAC: sihost.exe -> M365Copilot.ex Access=1000	
00007422	101.83161926	System	PAC: sihost.exe -> M365Copilot.ex Access=101000	
00007423	101.83161926	System	PAC: sihost.exe -> M365Copilot.ex Access=1000	
00007424	101.83166504	System	PAC: sihost.exe -> M365Copilot.ex Access=101000	
00007425	101.83167267	System	PAC: sihost.exe -> M365Copilot.ex Access=1000	
00007426	101.83435059	System	PAC: M365Copilot.ex -> M365Copilot.ex Access=1000	
00007427	101.83516693	System	PAC: sihost.exe -> M365Copilot.ex Access=101000	
00007428	101.83517456	System	PAC: sihost.exe -> M365Copilot.ex Access=1000	
00007429	101.83522034	System	PAC: sihost.exe -> M365Copilot.ex Access=101000	
00007430	101.83522797	System	PAC: sihost.exe -> M365Copilot.ex Access=1000	
00007431	101.84297943	System	PAC: svchost.exe -> M365Copilot.ex Access=101000	
00007432	101.84628296	System	PAC: svchost.exe -> M365Copilot.ex Access=101000	
00007433	101.84770203	System	PAC: SearchIndexer. -> M365Copilot.ex Access=1000	
00007434	101.84790802	System	PAC: SearchIndexer. -> M365Copilot.ex Access=1000	
00007435	101.84917450	System	PAC: SearchIndexer. -> M365Copilot.ex Access=1000	
00007436	101.84984589	System	PAC: svchost.exe -> M365Copilot.ex Access=101000	
00007437	101.85108185	System	PAC: lsass.exe -> M365Copilot.ex Access=1000	
00007438	101.85111237	System	PAC: lsass.exe -> M365Copilot.ex Access=1478	
00007439	101.86148071	System	PAC: M365Copilot.ex -> M365Copilot.ex Access=1400	
00007440	101.86160278	System	PAC: M365Copilot.ex -> M365Copilot.ex Access=1400	
00007441	101.88347626	System	PAC: SearchIndexer. -> M365Copilot.ex Access=1000	
00007442	101.88359070	System	PAC: SearchIndexer. -> M365Copilot.ex Access=1000	
00007443	101.88601685	System	PAC: SearchIndexer. -> M365Copilot.ex Access=1000	
00007444	101.90486908	System	PAC: svchost.exe -> M365Copilot.ex Access=101000	
00007445	101.90749359	System	PAC: svchost.exe -> M365Copilot.ex Access=101000	
00007446	101.90953827	System	PAC: svchost.exe -> M365Copilot.ex Access=101000	
00007447	101.92558289	4016	[ConsumerHandoffRouter] App.cpp checkpoint, launchInfo.type=Normal	
00007448	101.97131348	4016	[ConsumerHandoffRouter] EvaluateAndRouteForBoot ENTRY	
00007449	101.97184753	4016	[ConsumerHandoffRouter] gateOn=false	
00007450	101.97382355	4016	[ConsumerHandoffRouter] activeAccount type=None, otherCached count=0, allTypes=, hasLoginName=false	
00007451	101.97422791	4016	[ConsumerHandoffRouter] decision=stay, reason=gate off	
00007452	101.98242188	System	PAC: M365Copilot.ex -> M365Copilot.ex Access=1000	
00007453	101.98524475	System	PAC: RuntimeBroker. -> M365Copilot.ex Access=1000	
00007454	101.98654938	System	PAC: RuntimeBroker. -> M365Copilot.ex Access=1000	
00007455	101.98699188	System	PAC: sihost.exe -> M365Copilot.ex Access=101000	
00007456	101.98699951	System	PAC: sihost.exe -> M365Copilot.ex Access=1000	
00007457	101.99434662	System	PAC: explorer.exe -> M365Copilot.ex Access=1000	
00007458	101.99483490	System	PAC: explorer.exe -> explorer.exe Access=1000	
00007459	101.99492645	System	PAC: explorer.exe -> explorer.exe Access=1000	
00007460	101.99493408	System	PAC: explorer.exe -> explorer.exe Access=1000	
00007461	101.99494934	System	PAC: explorer.exe -> explorer.exe Access=1000	
00007462	101.99496460	System	PAC: explorer.exe -> explorer.exe Access=1000	
00007463	101.99497986	System	PAC: explorer.exe -> Dbgview.exe Access=1000	
00007464	101.99500275	System	PAC: explorer.exe -> FangameTale-Wi Access=1000	
00007465	101.99501801	System	PAC: explorer.exe -> explorer.exe Access=1000	
00007466	101.99503326	System	PAC: explorer.exe -> cmd.exe Access=1000	
00007467	101.99505615	System	PAC: explorer.exe -> explorer.exe Access=1000	
00007468	101.99505615	System	PAC: explorer.exe -> explorer.exe Access=1000	
00007469	101.99507141	System	PAC: explorer.exe -> explorer.exe Access=1000	
00007470	101.99510956	System	PAC: explorer.exe -> M365Copilot.ex Access=1000	
00007471	101.99925232	System	PAC: svchost.exe -> M365Copilot.ex Access=101000	
00007472	101.99926758	System	PAC: svchost.exe -> M365Copilot.ex Access=1000	
00007473	101.99938965	System	PAC: svchost.exe -> M365Copilot.ex Access=101000	
00007474	101.99940491	System	PAC: svchost.exe -> M365Copilot.ex Access=1000	
00007475	101.99967957	System	PAC: svchost.exe -> svchost.exe Access=1000	
00007476	101.99968719	System	PAC: svchost.exe -> svchost.exe Access=1000	
00007477	101.99968719	System	PAC: svchost.exe -> svchost.exe Access=40	
00007478	101.99969482	System	PAC: svchost.exe -> svchost.exe Access=40	
00007479	102.00462341	System	PAC: svchost.exe -> M365Copilot.ex Access=1000	
00007480	102.00469208	System	PAC: svchost.exe -> M365Copilot.ex Access=1000	
00007481	102.00611115	System	PAC: MsMpEng.exe -> svchost.exe Access=1000	
00007482	102.00637817	System	PAC: services.exe -> svchost.exe Access=1FFFFF	
00007483	102.00658417	System	PAC: csrss.exe -> svchost.exe Access=1FFFFF	
00007484	102.00666809	System	PAC: MsMpEng.exe -> services.exe Access=1000	
00007485	102.00680542	System	PAC: svchost.exe -> svchost.exe Access=1101	
00007486	102.00725555	System	PAC: svchost.exe -> svchost.exe Access=1000	
00007487	102.00733948	System	PAC: svchost.exe -> svchost.exe Access=1000	
00007488	102.00859070	System	PAC: svchost.exe -> M365Copilot.ex Access=101000	
00007489	102.00859833	System	PAC: svchost.exe -> M365Copilot.ex Access=101000	
00007490	102.00859833	System	PAC: svchost.exe -> M365Copilot.ex Access=1000	
00007491	102.00869751	System	PAC: svchost.exe -> M365Copilot.ex Access=1000	
00007492	102.00890350	System	PAC: svchost.exe -> svchost.exe Access=1000	
00007493	102.00891113	System	PAC: svchost.exe -> svchost.exe Access=40	
00007494	102.00936890	System	PAC: svchost.exe -> svchost.exe Access=1000	
00007495	102.00937653	System	PAC: svchost.exe -> svchost.exe Access=40	
00007496	102.00981903	System	PAC: csrss.exe -> svchost.exe Access=1FFFFF	
00007497	102.01153564	System	PAC: svchost.exe -> M365Copilot.ex Access=101000	
00007498	102.01154327	System	PAC: svchost.exe -> M365Copilot.ex Access=1000	
00007499	102.01174164	System	PAC: svchost.exe -> svchost.exe Access=1000	
00007500	102.01174164	System	PAC: svchost.exe -> svchost.exe Access=40	
00007501	102.01199341	System	PAC: svchost.exe -> M365Copilot.ex Access=101000	
00007502	102.01200867	System	PAC: svchost.exe -> M365Copilot.ex Access=1000	
00007503	102.01248169	System	PAC: svchost.exe -> svchost.exe Access=1000	
00007504	102.01248932	System	PAC: svchost.exe -> svchost.exe Access=40	
00007505	102.01744080	System	PAC: svchost.exe -> M365Copilot.ex Access=101000	
00007506	102.01748657	System	PAC: svchost.exe -> M365Copilot.ex Access=101000	
00007507	102.01749420	System	PAC: svchost.exe -> M365Copilot.ex Access=1000	
00007508	102.01770020	System	PAC: svchost.exe -> M365Copilot.ex Access=1000	
00007509	102.01777649	System	PAC: svchost.exe -> svchost.exe Access=1000	
00007510	102.01778412	System	PAC: svchost.exe -> svchost.exe Access=40	
00007511	102.01860809	System	PAC: svchost.exe -> svchost.exe Access=1000	
00007512	102.01860809	System	PAC: svchost.exe -> svchost.exe Access=40	
00007513	102.01981354	System	PAC: svchost.exe -> M365Copilot.ex Access=1000	
00007514	102.02010345	System	PAC: svchost.exe -> M365Copilot.ex Access=101000	
00007515	102.02011871	System	PAC: svchost.exe -> M365Copilot.ex Access=1000	
00007516	102.02026367	System	PAC: svchost.exe -> svchost.exe Access=1000	
00007517	102.02028656	System	PAC: svchost.exe -> svchost.exe Access=1000	
00007518	102.02056885	System	PAC: svchost.exe -> M365Copilot.ex Access=1000	
00007519	102.02214050	System	PAC: svchost.exe -> M365Copilot.ex Access=101000	
00007520	102.02215576	System	PAC: svchost.exe -> M365Copilot.ex Access=1000	
00007521	102.02236938	System	PAC: svchost.exe -> svchost.exe Access=1000	
00007522	102.02238464	System	PAC: svchost.exe -> svchost.exe Access=100000	
00007523	102.02401733	System	PAC: services.exe -> svchost.exe Access=1000	
00007524	102.02427673	System	PAC: services.exe -> svchost.exe Access=1000	
00007525	102.02428436	System	PAC: services.exe -> svchost.exe Access=1FFFFF	
00007526	102.02503967	System	PAC: services.exe -> svchost.exe Access=1000	
00007527	102.02651215	System	PAC: svchost.exe -> M365Copilot.ex Access=1000	
00007528	102.02651215	System	PAC: svchost.exe -> M365Copilot.ex Access=1000	
00007529	102.03135681	System	PAC: svchost.exe -> M365Copilot.ex Access=101000	
00007530	102.03136444	System	PAC: svchost.exe -> M365Copilot.ex Access=1000	
00007531	102.03249359	System	PAC: svchost.exe -> svchost.exe Access=1000	
00007532	102.03250122	System	PAC: svchost.exe -> svchost.exe Access=40	
00007533	102.03515625	System	PAC: svchost.exe -> M365Copilot.ex Access=101000	
00007534	102.03517151	System	PAC: svchost.exe -> M365Copilot.ex Access=1000	
00007535	102.03540802	System	PAC: svchost.exe -> svchost.exe Access=1000	
00007536	102.03541565	System	PAC: svchost.exe -> svchost.exe Access=40	
00007537	102.03656006	System	PAC: svchost.exe -> M365Copilot.ex Access=101000	
00007538	102.03656006	System	PAC: svchost.exe -> M365Copilot.ex Access=1000	
00007539	102.03668213	System	PAC: svchost.exe -> svchost.exe Access=1000	
00007540	102.03668213	System	PAC: svchost.exe -> svchost.exe Access=40	
00007541	102.03794861	System	PAC: svchost.exe -> svchost.exe Access=1000	
00007542	102.03826904	System	PAC: services.exe -> svchost.exe Access=1FFFFF	
00007543	102.04064941	System	PAC: svchost.exe -> M365Copilot.ex Access=101000	
00007544	102.04065704	System	PAC: svchost.exe -> M365Copilot.ex Access=1000	
00007545	102.04077148	System	PAC: svchost.exe -> svchost.exe Access=1000	
00007546	102.04077911	System	PAC: svchost.exe -> svchost.exe Access=40	
00007547	102.04382324	System	PAC: svchost.exe -> M365Copilot.ex Access=101000	
00007548	102.04383087	System	PAC: svchost.exe -> M365Copilot.ex Access=1000	
00007549	102.04394531	System	PAC: svchost.exe -> svchost.exe Access=1000	
00007550	102.04395294	System	PAC: svchost.exe -> svchost.exe Access=40	
00007551	102.04743195	System	PAC: svchost.exe -> M365Copilot.ex Access=1000	
00007552	102.04754639	System	PAC: svchost.exe -> M365Copilot.ex Access=101000	
00007553	102.04756165	System	PAC: svchost.exe -> M365Copilot.ex Access=1000	
00007554	102.05168915	System	PAC: svchost.exe -> VBoxService.ex Access=1000	
00007555	102.05171967	System	PAC: svchost.exe -> VBoxService.ex Access=1000	
00007556	102.05180359	System	PAC: svchost.exe -> VBoxService.ex Access=1000	
00007557	102.05258942	System	PAC: M365Copilot.ex -> M365Copilot.ex Access=1000	
00007558	102.05909729	System	PAC: explorer.exe -> M365Copilot.ex Access=1000	
00007559	102.06066895	System	PAC: svchost.exe -> M365Copilot.ex Access=1000	
00007560	102.06103516	System	PAC: svchost.exe -> M365Copilot.ex Access=101000	
00007561	102.06105042	System	PAC: svchost.exe -> M365Copilot.ex Access=1000	
00007562	102.06198883	System	PAC: ctfmon.exe -> M365Copilot.ex Access=1000	
00007563	102.06259918	System	PAC: ctfmon.exe -> M365Copilot.ex Access=1000	
00007564	102.06839752	System	PAC: MsMpEng.exe -> M365Copilot.ex Access=101000	
00007565	102.06848145	System	PAC: explorer.exe -> M365Copilot.ex Access=1000	
00007566	102.07556152	System	PAC: SearchIndexer. -> M365Copilot.ex Access=1000	
00007567	102.07588196	System	PAC: SearchIndexer. -> M365Copilot.ex Access=1000	
00007568	102.07754517	System	PAC: SearchIndexer. -> M365Copilot.ex Access=1000	
00007569	102.10030365	System	PAC: svchost.exe -> M365Copilot.ex Access=1000	
00007570	102.10054779	System	PAC: svchost.exe -> M365Copilot.ex Access=1000	
00007571	102.17881775	System	PAC: svchost.exe -> M365Copilot.ex Access=40	
00007572	102.17915344	System	PAC: svchost.exe -> M365Copilot.ex Access=40	
00007573	102.21379852	System	PAC: svchost.exe -> M365Copilot.ex Access=40	
00007574	102.21565247	System	PAC: svchost.exe -> M365Copilot.ex Access=40	
00007575	102.31762695	System	PAC: explorer.exe -> explorer.exe Access=1000	
00007576	102.32200623	System	PAC: explorer.exe -> explorer.exe Access=1000	
00007577	102.32604218	System	PAC: explorer.exe -> explorer.exe Access=1000	
00007578	102.33238983	System	PAC: explorer.exe -> explorer.exe Access=1000	
00007579	102.33889771	System	PAC: explorer.exe -> explorer.exe Access=1000	
00007580	102.34460449	System	PAC: explorer.exe -> Dbgview.exe Access=1000	
00007581	102.34929657	System	PAC: explorer.exe -> FangameTale-Wi Access=1000	
00007582	102.35340881	System	PAC: explorer.exe -> explorer.exe Access=1000	
00007583	102.35752869	System	PAC: explorer.exe -> cmd.exe Access=1000	
00007584	102.36413574	System	PAC: explorer.exe -> explorer.exe Access=1000	
00007585	102.36916351	System	PAC: explorer.exe -> explorer.exe Access=1000	
00007586	102.37452698	System	PAC: explorer.exe -> explorer.exe Access=1000	
00007587	102.38419342	System	PAC: explorer.exe -> FangameTale-Wi Access=1410	
00007588	102.38420105	System	PAC: explorer.exe -> FangameTale-Wi Access=1000	
00007589	102.38421631	System	PAC: explorer.exe -> FangameTale-Wi Access=1000	
00007590	102.38468170	System	PAC: explorer.exe -> FangameTale-Wi Access=1410	
00007591	102.38823700	System	PAC: svchost.exe -> FangameTale-Wi Access=2000	
00007592	102.39196014	System	PAC: M365Copilot.ex -> M365Copilot.ex Access=1000	
00007593	102.40997314	System	PAC: explorer.exe -> M365Copilot.ex Access=1000	
00007594	102.48828125	System	PAC: explorer.exe -> FangameTale-Wi Access=1000	
00007595	102.48830414	System	PAC: explorer.exe -> FangameTale-Wi Access=1000	
00007596	102.48886108	System	PAC: explorer.exe -> FangameTale-Wi Access=1410	
00007597	102.54005432	System	PAC: svchost.exe -> FangameTale-Wi Access=2000	
00007598	102.55141449	System	PAC: M365Copilot.ex -> M365Copilot.ex Access=1000	
00007599	102.57057190	System	PAC: svchost.exe -> M365Copilot.ex Access=1000	
00007600	102.65252686	System	PAC: explorer.exe -> explorer.exe Access=2000	
00007601	102.65253448	System	PAC: explorer.exe -> TextInputHost. Access=2000	
00007602	102.65254211	System	PAC: explorer.exe -> SearchApp.exe Access=2000	
00007603	102.65254211	System	PAC: explorer.exe -> StartMenuExper Access=2000	
00007604	102.65254974	System	PAC: explorer.exe -> FangameTale-Wi Access=2000	
00007605	102.65914154	System	PAC: MsMpEng.exe -> svchost.exe Access=1000	
00007606	102.65921021	System	PAC: MsMpEng.exe -> svchost.exe Access=1000	
00007607	102.65921783	System	PAC: MsMpEng.exe -> svchost.exe Access=1000	
00007608	102.65922546	System	PAC: explorer.exe -> M365Copilot.ex Access=1000	
00007609	102.66004944	System	PAC: MsMpEng.exe -> M365Copilot.ex Access=1000	
00007610	102.66011047	System	PAC: MsMpEng.exe -> M365Copilot.ex Access=1000	
00007611	102.66011810	System	PAC: MsMpEng.exe -> M365Copilot.ex Access=101000	
00007612	102.66013336	System	PAC: MsMpEng.exe -> M365Copilot.ex Access=1000	
00007613	102.66014862	System	PAC: MsMpEng.exe -> M365Copilot.ex Access=1000	
00007614	102.66567993	System	PAC: explorer.exe -> explorer.exe Access=1000	
00007615	102.66928101	System	PAC: explorer.exe -> explorer.exe Access=1000	
00007616	102.67356110	System	PAC: explorer.exe -> explorer.exe Access=1000	
00007617	102.67787933	System	PAC: explorer.exe -> explorer.exe Access=1000	
00007618	102.68393707	System	PAC: explorer.exe -> FangameTale-Wi Access=1000	
00007619	102.68838501	System	PAC: explorer.exe -> Dbgview.exe Access=1000	
00007620	102.68901825	System	PAC: explorer.exe -> explorer.exe Access=1000	
00007621	102.69173431	System	PAC: explorer.exe -> cmd.exe Access=1000	
00007622	102.69568634	System	PAC: explorer.exe -> explorer.exe Access=1000	
00007623	102.70233917	System	PAC: explorer.exe -> explorer.exe Access=1000	
00007624	102.70983887	System	PAC: explorer.exe -> explorer.exe Access=1000	
00007625	102.71644592	System	PAC: explorer.exe -> FangameTale-Wi Access=1000	
00007626	102.73215485	System	PAC: explorer.exe -> FangameTale-Wi Access=1000	
00007627	102.76791382	System	8025000000 - STORMINI: StorAHCI - LPM: SystemIoBusNumber:0 Port:00 - IDLE	
00007628	102.83134460	System	8025625000 - STORMINI: StorAHCI - LPM: Port 01 - Port Stopped	
00007629	102.83197784	System	8025625000 - STORMINI: StorAHCI - LPM: Port 01 - Port Started	
00007630	102.85678101	System	8025781250 - STORMINI: StorAHCI - LPM: SystemIoBusNumber:0 Port:00 - ACTIVE	
00007631	102.85678101	System	8025781250 - STORMINI: StorAHCI - LPM: SystemIoBusNumber:0 Port:00 - Transit into Slumber from Partial - Canceled	
00007632	102.85822296	System	PAC: svchost.exe -> M365Copilot.ex Access=101000	
00007633	102.85823059	System	PAC: svchost.exe -> M365Copilot.ex Access=1000	
00007634	102.85832214	System	PAC: svchost.exe -> M365Copilot.ex Access=101000	
00007635	102.85836792	System	PAC: svchost.exe -> M365Copilot.ex Access=1000	
00007636	102.85880280	System	PAC: svchost.exe -> svchost.exe Access=1000	
00007637	102.85881805	System	PAC: svchost.exe -> svchost.exe Access=40	
00007638	102.85892487	System	PAC: svchost.exe -> svchost.exe Access=1000	
00007639	102.85893250	System	PAC: svchost.exe -> svchost.exe Access=40	
00007640	102.86309814	System	PAC: svchost.exe -> M365Copilot.ex Access=1000	
00007641	102.86410522	System	PAC: svchost.exe -> M365Copilot.ex Access=1000	
00007642	102.86702728	System	PAC: svchost.exe -> M365Copilot.ex Access=101000	
00007643	102.86704254	System	PAC: svchost.exe -> M365Copilot.ex Access=1000	
00007644	102.86714935	System	PAC: svchost.exe -> svchost.exe Access=1000	
00007645	102.86715698	System	PAC: svchost.exe -> svchost.exe Access=40	
00007646	102.86724091	System	PAC: svchost.exe -> M365Copilot.ex Access=101000	
00007647	102.86724854	System	PAC: svchost.exe -> M365Copilot.ex Access=1000	
00007648	102.86742401	System	PAC: svchost.exe -> svchost.exe Access=1000	
00007649	102.86743164	System	PAC: svchost.exe -> svchost.exe Access=40	
00007650	102.86934662	System	PAC: svchost.exe -> M365Copilot.ex Access=101000	
00007651	102.86936188	System	PAC: svchost.exe -> M365Copilot.ex Access=1000	
00007652	102.86955261	System	PAC: svchost.exe -> M365Copilot.ex Access=101000	
00007653	102.86955261	System	PAC: svchost.exe -> svchost.exe Access=1000	
00007654	102.86956024	System	PAC: svchost.exe -> svchost.exe Access=40	
00007655	102.86956787	System	PAC: svchost.exe -> M365Copilot.ex Access=1000	
00007656	102.86972809	System	PAC: svchost.exe -> svchost.exe Access=1000	
00007657	102.86973572	System	PAC: svchost.exe -> svchost.exe Access=40	
00007658	102.87284088	System	PAC: svchost.exe -> M365Copilot.ex Access=101000	
00007659	102.87284851	System	PAC: svchost.exe -> M365Copilot.ex Access=1000	
00007660	102.87290192	System	PAC: svchost.exe -> M365Copilot.ex Access=101000	
00007661	102.87291718	System	PAC: svchost.exe -> M365Copilot.ex Access=1000	
00007662	102.87335968	System	PAC: svchost.exe -> svchost.exe Access=1000	
00007663	102.87336731	System	PAC: svchost.exe -> svchost.exe Access=40	
00007664	102.87385559	System	PAC: svchost.exe -> svchost.exe Access=1000	
00007665	102.87386322	System	PAC: svchost.exe -> svchost.exe Access=40	
00007666	102.88209534	System	PAC: explorer.exe -> explorer.exe Access=1000	
00007667	102.88401794	System	PAC: svchost.exe -> M365Copilot.ex Access=1000	
00007668	102.88405609	System	PAC: svchost.exe -> M365Copilot.ex Access=101000	
00007669	102.88407135	System	PAC: svchost.exe -> M365Copilot.ex Access=1000	
00007670	102.88408661	System	PAC: svchost.exe -> M365Copilot.ex Access=101000	
00007671	102.88410950	System	PAC: svchost.exe -> M365Copilot.ex Access=1000	
00007672	102.88444519	System	PAC: svchost.exe -> svchost.exe Access=1000	
00007673	102.88445282	System	PAC: svchost.exe -> svchost.exe Access=40	
00007674	102.88722992	System	PAC: explorer.exe -> explorer.exe Access=1000	
00007675	102.88751984	System	PAC: svchost.exe -> M365Copilot.ex Access=1000	
00007676	102.88797760	System	PAC: svchost.exe -> M365Copilot.ex Access=1000	
00007677	102.88925171	System	PAC: svchost.exe -> M365Copilot.ex Access=101000	
00007678	102.88926697	System	PAC: svchost.exe -> M365Copilot.ex Access=1000	
00007679	102.88927460	System	PAC: M365Copilot.ex -> explorer.exe Access=40	
00007680	102.88931274	System	PAC: M365Copilot.ex -> explorer.exe Access=40	
00007681	102.88967896	System	PAC: svchost.exe -> svchost.exe Access=1000	
00007682	102.88968658	System	PAC: svchost.exe -> svchost.exe Access=40	
00007683	102.89115143	System	PAC: svchost.exe -> M365Copilot.ex Access=101000	
00007684	102.89116669	System	PAC: svchost.exe -> M365Copilot.ex Access=1000	
00007685	102.89141083	System	PAC: svchost.exe -> M365Copilot.ex Access=101000	
00007686	102.89141846	System	PAC: svchost.exe -> svchost.exe Access=1000	
00007687	102.89142609	System	PAC: svchost.exe -> M365Copilot.ex Access=1000	
00007688	102.89142609	System	PAC: svchost.exe -> svchost.exe Access=40	
00007689	102.89153290	System	PAC: svchost.exe -> svchost.exe Access=1000	
00007690	102.89154053	System	PAC: svchost.exe -> svchost.exe Access=40	
00007691	102.89169312	System	PAC: M365Copilot.ex -> explorer.exe Access=40	
00007692	102.89224243	System	PAC: explorer.exe -> explorer.exe Access=1000	
00007693	102.89334869	System	PAC: svchost.exe -> M365Copilot.ex Access=101000	
00007694	102.89335632	System	PAC: M365Copilot.ex -> explorer.exe Access=40	
00007695	102.89336395	System	PAC: svchost.exe -> M365Copilot.ex Access=1000	
00007696	102.89336395	System	PAC: M365Copilot.ex -> explorer.exe Access=40	
00007697	102.89350128	System	PAC: svchost.exe -> svchost.exe Access=1000	
00007698	102.89350891	System	PAC: svchost.exe -> svchost.exe Access=40	
00007699	102.89402771	System	PAC: svchost.exe -> M365Copilot.ex Access=101000	
00007700	102.89404297	System	PAC: svchost.exe -> M365Copilot.ex Access=1000	
00007701	102.89414978	System	PAC: svchost.exe -> svchost.exe Access=1000	
00007702	102.89415741	System	PAC: svchost.exe -> svchost.exe Access=40	
00007703	102.89600372	System	PAC: M365Copilot.ex -> explorer.exe Access=40	
00007704	102.90007019	System	PAC: M365Copilot.ex -> explorer.exe Access=40	
00007705	102.90057373	System	PAC: explorer.exe -> FangameTale-Wi Access=1000	
00007706	102.90723419	System	PAC: svchost.exe -> M365Copilot.ex Access=1000	
00007707	102.90727234	System	PAC: svchost.exe -> M365Copilot.ex Access=101000	
00007708	102.90727997	System	PAC: svchost.exe -> M365Copilot.ex Access=1000	
00007709	102.90901184	System	PAC: explorer.exe -> Dbgview.exe Access=1000	
00007710	102.91494751	System	PAC: explorer.exe -> explorer.exe Access=1000	
00007711	102.92037964	System	PAC: explorer.exe -> cmd.exe Access=1000	
00007712	102.93003845	System	PAC: explorer.exe -> explorer.exe Access=1000	
00007713	102.93474579	System	PAC: explorer.exe -> explorer.exe Access=1000	
00007714	102.93944550	System	PAC: explorer.exe -> explorer.exe Access=1000	
00007715	102.94862366	System	PAC: explorer.exe -> explorer.exe Access=1000	
00007716	102.95672607	System	PAC: explorer.exe -> M365Copilot.ex Access=1000	
00007717	102.97696686	System	PAC: explorer.exe -> explorer.exe Access=1000	
00007718	102.98662567	System	PAC: explorer.exe -> explorer.exe Access=1000	
00007719	102.99295807	System	PAC: explorer.exe -> explorer.exe Access=1000	
00007720	102.99862671	System	PAC: explorer.exe -> FangameTale-Wi Access=1000	
00007721	103.00256348	System	PAC: explorer.exe -> Dbgview.exe Access=1000	
00007722	103.04115295	System	PAC: explorer.exe -> explorer.exe Access=1000	
00007723	103.04615021	System	PAC: explorer.exe -> cmd.exe Access=1000	
00007724	103.05667114	System	PAC: explorer.exe -> explorer.exe Access=1000	
00007725	103.06122589	System	PAC: explorer.exe -> explorer.exe Access=1000	
00007726	103.06506348	System	PAC: explorer.exe -> explorer.exe Access=1000	
00007727	103.06709290	System	PAC: svchost.exe -> VBoxService.ex Access=1000	
00007728	103.06713104	System	PAC: svchost.exe -> VBoxService.ex Access=1000	
00007729	103.06722260	System	PAC: svchost.exe -> VBoxService.ex Access=1000	
00007730	103.06933594	System	PAC: lsass.exe -> M365Copilot.ex Access=1000	
00007731	103.07027435	System	PAC: explorer.exe -> explorer.exe Access=1000	
00007732	103.07575989	System	PAC: explorer.exe -> M365Copilot.ex Access=1000	
00007733	103.07838440	System	PAC: explorer.exe -> FangameTale-Wi Access=1000	
00007734	103.07978058	System	PAC: MsMpEng.exe -> msedgewebview2 Access=1000	
00007735	103.07983398	System	PAC: M365Copilot.ex -> msedgewebview2 Access=1FFFFF	
00007736	103.08064270	System	PAC: csrss.exe -> msedgewebview2 Access=1FFFFF	
00007737	103.09908295	System	PAC: lsass.exe -> msedgewebview2 Access=1000	
00007738	103.10046387	System	PAC: msedgewebview2 -> msedgewebview2 Access=1F3FFF	
00007739	103.10367584	System	PAC: MsMpEng.exe -> msedgewebview2 Access=1000	
00007740	103.10476685	System	PAC: msedgewebview2 -> msedgewebview2 Access=1FFFFF	
00007741	103.10525513	System	PAC: csrss.exe -> msedgewebview2 Access=1FFFFF	
00007742	103.11849976	System	PAC: msedgewebview2 -> msedgewebview2 Access=1451	
00007743	103.11861420	System	PAC: msedgewebview2 -> msedgewebview2 Access=1F3FFF	
00007744	103.14648438	System	PAC: svchost.exe -> msedgewebview2 Access=1478	
00007745	103.14674377	System	PAC: svchost.exe -> msedgewebview2 Access=1400	
00007746	103.18645477	System	PAC: svchost.exe -> msedgewebview2 Access=1478	
00007747	103.18685913	System	PAC: svchost.exe -> msedgewebview2 Access=1400	
00007748	103.20051575	System	PAC: explorer.exe -> msedgewebview2 Access=1000	
00007749	103.21890259	System	PAC: explorer.exe -> explorer.exe Access=1000	
00007750	103.22534943	System	PAC: explorer.exe -> explorer.exe Access=1000	
00007751	103.22990417	System	PAC: explorer.exe -> FangameTale-Wi Access=1000	
00007752	103.23401642	System	PAC: explorer.exe -> Dbgview.exe Access=1000	
00007753	103.23738861	System	PAC: lsass.exe -> svchost.exe Access=1000	
00007754	103.23772430	System	PAC: explorer.exe -> explorer.exe Access=1000	
00007755	103.23776245	System	PAC: explorer.exe -> cmd.exe Access=1000	
00007756	103.23777771	System	PAC: explorer.exe -> explorer.exe Access=1000	
00007757	103.23779297	System	PAC: explorer.exe -> explorer.exe Access=1000	
00007758	103.23780823	System	PAC: explorer.exe -> explorer.exe Access=1000	
00007759	103.23780823	System	PAC: explorer.exe -> explorer.exe Access=1000	
00007760	103.23785400	System	PAC: explorer.exe -> msedgewebview2 Access=1000	
00007761	103.28077698	System	PAC: explorer.exe -> msedgewebview2 Access=1000	
00007762	103.28852844	System	PAC: svchost.exe -> msedgewebview2 Access=40	
00007763	103.28878021	System	PAC: svchost.exe -> msedgewebview2 Access=40	
00007764	103.31347656	System	PAC: explorer.exe -> explorer.exe Access=1000	
00007765	103.31350708	System	PAC: explorer.exe -> explorer.exe Access=1000	
00007766	103.31352234	System	PAC: explorer.exe -> FangameTale-Wi Access=1000	
00007767	103.31354523	System	PAC: explorer.exe -> Dbgview.exe Access=1000	
00007768	103.31383514	System	PAC: msedgewebview2 -> msedgewebview2 Access=1000	
00007769	103.31399536	System	PAC: explorer.exe -> explorer.exe Access=1000	
00007770	103.31401825	System	PAC: explorer.exe -> cmd.exe Access=1000	
00007771	103.31404114	System	PAC: explorer.exe -> explorer.exe Access=1000	
00007772	103.31404877	System	PAC: explorer.exe -> explorer.exe Access=1000	
00007773	103.31406403	System	PAC: explorer.exe -> explorer.exe Access=1000	
00007774	103.31406403	System	PAC: explorer.exe -> explorer.exe Access=1000	
00007775	103.31637573	System	PAC: explorer.exe -> msedgewebview2 Access=1000	
00007776	103.32257080	System	PAC: ctfmon.exe -> msedgewebview2 Access=1000	
00007777	103.32429504	System	PAC: ctfmon.exe -> msedgewebview2 Access=1000	
00007778	103.33808899	System	PAC: msedgewebview2 -> msedgewebview2 Access=1000	
00007779	103.34154510	System	PAC: svchost.exe -> msedgewebview2 Access=1000	
00007780	103.34156799	System	PAC: svchost.exe -> msedgewebview2 Access=100000	
00007781	103.35523987	System	PAC: msedgewebview2 -> msedgewebview2 Access=1000	
00007782	103.36000824	System	PAC: svchost.exe -> msedgewebview2 Access=1000	
00007783	103.36018372	System	PAC: svchost.exe -> msedgewebview2 Access=1000	
00007784	103.37512970	System	PAC: MsMpEng.exe -> msedgewebview2 Access=1000	
00007785	103.37577057	System	PAC: msedgewebview2 -> msedgewebview2 Access=1FFFFF	
00007786	103.37622070	System	PAC: csrss.exe -> msedgewebview2 Access=1FFFFF	
00007787	103.37778473	System	PAC: msedgewebview2 -> msedgewebview2 Access=1FFFFF	
00007788	103.37779999	System	PAC: MsMpEng.exe -> msedgewebview2 Access=1000	
00007789	103.37821960	System	PAC: csrss.exe -> msedgewebview2 Access=1FFFFF	
00007790	103.37886810	System	PAC: msedgewebview2 -> msedgewebview2 Access=1FFFFF	
00007791	103.38080597	System	PAC: msedgewebview2 -> msedgewebview2 Access=1FFFFF	
00007792	103.38238525	System	PAC: msedgewebview2 -> msedgewebview2 Access=1FFFFF	
00007793	103.38645172	System	PAC: lsass.exe -> msedgewebview2 Access=1000	
00007794	103.38646698	System	PAC: lsass.exe -> msedgewebview2 Access=1478	
00007795	103.39076996	System	PAC: msedgewebview2 -> msedgewebview2 Access=1F1C51	
00007796	103.39125061	System	PAC: msedgewebview2 -> msedgewebview2 Access=1F1C51	
00007797	103.39536285	System	PAC: svchost.exe -> msedgewebview2 Access=40	
00007798	103.39883423	System	PAC: msedgewebview2 -> msedgewebview2 Access=1000	
00007799	103.40509033	1396	RecursiveDirectoryCreate( C:\Users\Kauchen\AppData\Local\Packages\Microsoft.MicrosoftOfficeHub_8wekyb3d8bbwe\LocalState\EBWebView directory exists )	
00007800	103.41431427	System	PAC: msedgewebview2 -> msedgewebview2 Access=1FFFFF	
00007801	103.41446686	System	PAC: csrss.exe -> msedgewebview2 Access=1FFFFF	
00007802	103.41486359	System	PAC: msedgewebview2 -> msedgewebview2 Access=1FFFFF	
00007803	103.41540527	System	PAC: MsMpEng.exe -> msedgewebview2 Access=1000	
00007804	103.41590881	System	PAC: msedgewebview2 -> msedgewebview2 Access=1FFFFF	
00007805	103.42980194	System	PAC: msedgewebview2 -> msedgewebview2 Access=1F1C51	
00007806	103.44702911	System	PAC: svchost.exe -> msedgewebview2 Access=1000	
00007807	103.44872284	System	PAC: M365Copilot.ex -> msedgewebview2 Access=40	
00007808	103.45429230	System	PAC: msedgewebview2 -> msedgewebview2 Access=101401	
00007809	103.45429993	System	PAC: msedgewebview2 -> msedgewebview2 Access=1000	
00007810	103.46027374	System	PAC: msedgewebview2 -> msedgewebview2 Access=1FFFFF	
00007811	103.46028900	System	PAC: msedgewebview2 -> msedgewebview2 Access=1FFFFF	
00007812	103.46028900	System	PAC: msedgewebview2 -> msedgewebview2 Access=1FFFFF	
00007813	103.46030426	System	PAC: msedgewebview2 -> msedgewebview2 Access=1000	
00007814	103.46076965	System	PAC: msedgewebview2 -> msedgewebview2 Access=1FFFFF	
00007815	103.46080780	System	PAC: msedgewebview2 -> msedgewebview2 Access=1000	
00007816	103.46089172	System	PAC: svchost.exe -> msedgewebview2 Access=1478	
00007817	103.46125031	System	PAC: msedgewebview2 -> msedgewebview2 Access=101401	
00007818	103.46125793	System	PAC: msedgewebview2 -> msedgewebview2 Access=1000	
00007819	103.46129608	System	PAC: msedgewebview2 -> msedgewebview2 Access=1FFFFF	
00007820	103.46162415	System	PAC: svchost.exe -> msedgewebview2 Access=1400	
00007821	103.46266174	System	PAC: msedgewebview2 -> msedgewebview2 Access=1FFFFF	
00007822	103.46266937	System	PAC: msedgewebview2 -> msedgewebview2 Access=1FFFFF	
00007823	103.46266937	System	PAC: msedgewebview2 -> msedgewebview2 Access=1FFFFF	
00007824	103.46267700	System	PAC: msedgewebview2 -> msedgewebview2 Access=1000	
00007825	103.46281433	System	PAC: msedgewebview2 -> msedgewebview2 Access=1FFFFF	
00007826	103.46282196	System	PAC: msedgewebview2 -> msedgewebview2 Access=1000	
00007827	103.46323395	System	PAC: msedgewebview2 -> msedgewebview2 Access=101401	
00007828	103.46324158	System	PAC: msedgewebview2 -> msedgewebview2 Access=1000	
00007829	103.46494293	System	PAC: msedgewebview2 -> msedgewebview2 Access=1000	
00007830	103.46494293	System	PAC: svchost.exe -> msedgewebview2 Access=1000	
00007831	103.46514893	System	PAC: svchost.exe -> msedgewebview2 Access=1000	
00007832	103.46763611	System	PAC: msedgewebview2 -> msedgewebview2 Access=1400	
00007833	103.46772003	System	PAC: msedgewebview2 -> msedgewebview2 Access=1400	
00007834	103.47262573	System	PAC: svchost.exe -> msedgewebview2 Access=101000	
00007835	103.47262573	System	PAC: svchost.exe -> msedgewebview2 Access=101000	
00007836	103.47264099	System	PAC: svchost.exe -> msedgewebview2 Access=1000	
00007837	103.47264099	System	PAC: svchost.exe -> msedgewebview2 Access=1000	
00007838	103.47267914	System	PAC: svchost.exe -> msedgewebview2 Access=101000	
00007839	103.47269440	System	PAC: svchost.exe -> msedgewebview2 Access=1000	
00007840	103.47552490	System	PAC: svchost.exe -> svchost.exe Access=1000	
00007841	103.47565460	System	PAC: svchost.exe -> svchost.exe Access=1000	
00007842	103.47566223	System	PAC: svchost.exe -> svchost.exe Access=1000	
00007843	103.47566223	System	PAC: svchost.exe -> svchost.exe Access=40	
00007844	103.47566223	System	PAC: svchost.exe -> svchost.exe Access=40	
00007845	103.47566986	System	PAC: svchost.exe -> svchost.exe Access=40	
00007846	103.48641205	System	PAC: svchost.exe -> msedgewebview2 Access=101000	
00007847	103.48642731	System	PAC: svchost.exe -> msedgewebview2 Access=1000	
00007848	103.48679352	System	PAC: svchost.exe -> msedgewebview2 Access=101000	
00007849	103.48679352	System	PAC: svchost.exe -> msedgewebview2 Access=1000	
00007850	103.48717499	System	PAC: svchost.exe -> msedgewebview2 Access=40	
00007851	103.48928833	System	PAC: svchost.exe -> msedgewebview2 Access=101000	
00007852	103.48929596	System	PAC: svchost.exe -> msedgewebview2 Access=1000	
00007853	103.49373627	System	PAC: svchost.exe -> svchost.exe Access=1000	
00007854	103.49374390	System	PAC: svchost.exe -> svchost.exe Access=40	
00007855	103.49485779	System	PAC: svchost.exe -> svchost.exe Access=1000	
00007856	103.49486542	System	PAC: svchost.exe -> svchost.exe Access=40	
00007857	103.49528503	System	PAC: svchost.exe -> svchost.exe Access=1000	
00007858	103.49538422	System	PAC: svchost.exe -> svchost.exe Access=40	
00007859	103.49618530	System	PAC: svchost.exe -> msedgewebview2 Access=101000	
00007860	103.49620056	System	PAC: svchost.exe -> msedgewebview2 Access=1000	
00007861	103.49649048	System	PAC: svchost.exe -> svchost.exe Access=1000	
00007862	103.49649811	System	PAC: svchost.exe -> svchost.exe Access=40	
00007863	103.49683380	System	PAC: svchost.exe -> msedgewebview2 Access=101000	
00007864	103.49684143	System	PAC: svchost.exe -> msedgewebview2 Access=1000	
00007865	103.49735260	System	PAC: svchost.exe -> svchost.exe Access=1000	
00007866	103.49736023	System	PAC: svchost.exe -> svchost.exe Access=40	
00007867	103.50006104	System	PAC: svchost.exe -> msedgewebview2 Access=101000	
00007868	103.50007629	System	PAC: svchost.exe -> msedgewebview2 Access=1000	
00007869	103.50017548	System	PAC: svchost.exe -> svchost.exe Access=1000	
00007870	103.50017548	System	PAC: svchost.exe -> svchost.exe Access=40	
00007871	103.50319672	System	PAC: svchost.exe -> msedgewebview2 Access=101000	
00007872	103.50321198	System	PAC: svchost.exe -> msedgewebview2 Access=1000	
00007873	103.50409698	System	PAC: svchost.exe -> svchost.exe Access=1000	
00007874	103.50410461	System	PAC: svchost.exe -> svchost.exe Access=40	
00007875	103.50606537	System	PAC: svchost.exe -> msedgewebview2 Access=101000	
00007876	103.50608063	System	PAC: svchost.exe -> msedgewebview2 Access=1000	
00007877	103.50729370	System	PAC: svchost.exe -> svchost.exe Access=1000	
00007878	103.50730133	System	PAC: svchost.exe -> svchost.exe Access=40	
00007879	103.51173401	System	PAC: svchost.exe -> msedgewebview2 Access=101000	
00007880	103.51173401	System	PAC: svchost.exe -> msedgewebview2 Access=1000	
00007881	103.51183319	System	PAC: svchost.exe -> svchost.exe Access=1000	
00007882	103.51184082	System	PAC: svchost.exe -> svchost.exe Access=40	
00007883	103.53430939	System	PAC: svchost.exe -> msedgewebview2 Access=101000	
00007884	103.53438568	System	PAC: svchost.exe -> msedgewebview2 Access=1000	
00007885	103.53538513	System	PAC: svchost.exe -> svchost.exe Access=1000	
00007886	103.53539276	System	PAC: svchost.exe -> svchost.exe Access=40	
00007887	103.53541565	System	PAC: svchost.exe -> msedgewebview2 Access=1000	
00007888	103.53543091	System	PAC: svchost.exe -> msedgewebview2 Access=1000	
00007889	103.53547668	System	PAC: svchost.exe -> msedgewebview2 Access=101000	
00007890	103.53548431	System	PAC: svchost.exe -> msedgewebview2 Access=1000	
00007891	103.53555298	System	PAC: svchost.exe -> msedgewebview2 Access=1000	
00007892	103.53556824	System	PAC: svchost.exe -> msedgewebview2 Access=100000	
00007893	103.54132843	System	PAC: svchost.exe -> msedgewebview2 Access=101000	
00007894	103.54134369	System	PAC: svchost.exe -> msedgewebview2 Access=1000	
00007895	103.54147339	System	PAC: svchost.exe -> svchost.exe Access=1000	
00007896	103.54148102	System	PAC: svchost.exe -> svchost.exe Access=40	
00007897	103.54483795	System	PAC: svchost.exe -> msedgewebview2 Access=101000	
00007898	103.54485321	System	PAC: svchost.exe -> msedgewebview2 Access=1000	
00007899	103.54496002	System	PAC: svchost.exe -> svchost.exe Access=1000	
00007900	103.54496765	System	PAC: svchost.exe -> svchost.exe Access=40	
00007901	103.54888153	System	PAC: svchost.exe -> msedgewebview2 Access=101000	
00007902	103.54898834	System	PAC: svchost.exe -> msedgewebview2 Access=1000	
00007903	103.54946899	System	PAC: svchost.exe -> svchost.exe Access=1000	
00007904	103.54946899	System	PAC: svchost.exe -> svchost.exe Access=40	
00007905	103.54966736	System	PAC: svchost.exe -> msedgewebview2 Access=101000	
00007906	103.54968262	System	PAC: svchost.exe -> msedgewebview2 Access=1000	
00007907	103.54986572	System	PAC: svchost.exe -> svchost.exe Access=1000	
00007908	103.54986572	System	PAC: svchost.exe -> svchost.exe Access=40	
00007909	103.55296326	System	PAC: svchost.exe -> msedgewebview2 Access=101000	
00007910	103.55297089	System	PAC: svchost.exe -> msedgewebview2 Access=1000	
00007911	103.55368042	System	PAC: svchost.exe -> svchost.exe Access=1000	
00007912	103.55368805	System	PAC: svchost.exe -> svchost.exe Access=40	
00007913	103.55558777	System	PAC: svchost.exe -> msedgewebview2 Access=101000	
00007914	103.55561066	System	PAC: svchost.exe -> msedgewebview2 Access=1000	
00007915	103.55570221	System	PAC: svchost.exe -> svchost.exe Access=1000	
00007916	103.55570984	System	PAC: svchost.exe -> svchost.exe Access=40	
00007917	103.56073761	System	PAC: svchost.exe -> msedgewebview2 Access=101000	
00007918	103.56074524	System	PAC: svchost.exe -> msedgewebview2 Access=1000	
00007919	103.56106567	System	PAC: svchost.exe -> svchost.exe Access=1000	
00007920	103.56107330	System	PAC: svchost.exe -> svchost.exe Access=40	
00007921	103.56132507	System	PAC: svchost.exe -> msedgewebview2 Access=101000	
00007922	103.56134033	System	PAC: svchost.exe -> msedgewebview2 Access=1000	
00007923	103.56248474	System	PAC: svchost.exe -> svchost.exe Access=1000	
00007924	103.56249237	System	PAC: svchost.exe -> svchost.exe Access=40	
00007925	103.58644867	System	PAC: svchost.exe -> msedgewebview2 Access=1000	
00007926	103.58646393	System	PAC: svchost.exe -> msedgewebview2 Access=1000	
00007927	103.58650970	System	PAC: svchost.exe -> msedgewebview2 Access=101000	
00007928	103.58652496	System	PAC: svchost.exe -> msedgewebview2 Access=1000	
00007929	103.59575653	System	PAC: MsMpEng.exe -> msedgewebview2 Access=101000	
00007930	103.60618591	System	PAC: MsMpEng.exe -> msedgewebview2 Access=101000	
00007931	103.60674286	System	PAC: svchost.exe -> msedgewebview2 Access=101000	
00007932	103.60768890	System	PAC: explorer.exe -> explorer.exe Access=1000	
00007933	103.61363983	System	PAC: svchost.exe -> svchost.exe Access=1000	
00007934	103.61364746	System	PAC: svchost.exe -> svchost.exe Access=1000	
00007935	103.61370087	System	PAC: svchost.exe -> svchost.exe Access=1000	
00007936	103.61370850	System	PAC: svchost.exe -> svchost.exe Access=1000	
00007937	103.61375427	System	PAC: svchost.exe -> RuntimeBroker. Access=1000	
00007938	103.61376190	System	PAC: svchost.exe -> RuntimeBroker. Access=1000	
00007939	103.61464691	System	PAC: explorer.exe -> explorer.exe Access=1000	
00007940	103.61981964	System	PAC: explorer.exe -> FangameTale-Wi Access=1000	
00007941	103.62385559	System	PAC: explorer.exe -> Dbgview.exe Access=1000	
00007942	103.62689972	System	PAC: explorer.exe -> explorer.exe Access=1000	
00007943	103.62918091	System	PAC: explorer.exe -> cmd.exe Access=1000	
00007944	103.62968445	System	PAC: explorer.exe -> explorer.exe Access=1000	
00007945	103.62971497	System	PAC: explorer.exe -> explorer.exe Access=1000	
00007946	103.62973785	System	PAC: explorer.exe -> explorer.exe Access=1000	
00007947	103.62974548	System	PAC: explorer.exe -> explorer.exe Access=1000	
00007948	103.62981415	System	PAC: explorer.exe -> msedgewebview2 Access=1000	
00007949	103.68483734	System	PAC: svchost.exe -> explorer.exe Access=2000	
00007950	103.71566772	System	PAC: svchost.exe -> svchost.exe Access=1000	
00007951	103.72066498	System	PAC: MsMpEng.exe -> AppHostRegistr Access=1000	
00007952	103.72075653	System	PAC: svchost.exe -> AppHostRegistr Access=1FFFFF	
00007953	103.72091675	System	PAC: csrss.exe -> AppHostRegistr Access=1FFFFF	
00007954	103.72275543	System	PAC: svchost.exe -> svchost.exe Access=1000	
00007955	103.72342682	System	PAC: csrss.exe -> AppHostRegistr Access=1FFFFF	
00007956	103.72349548	System	PAC: svchost.exe -> svchost.exe Access=1000	
00007957	103.72406006	System	PAC: svchost.exe -> svchost.exe Access=1000	
00007958	103.72463989	System	PAC: svchost.exe -> svchost.exe Access=1000	
00007959	103.72517395	System	PAC: svchost.exe -> svchost.exe Access=1000	
00007960	103.72572327	System	PAC: svchost.exe -> svchost.exe Access=1000	
00007961	103.72660828	System	PAC: svchost.exe -> svchost.exe Access=1000	
00007962	103.72747803	System	PAC: svchost.exe -> svchost.exe Access=1000	
00007963	103.72793579	System	PAC: svchost.exe -> svchost.exe Access=1000	
00007964	103.72866821	System	PAC: svchost.exe -> svchost.exe Access=1000	
00007965	103.72940826	System	PAC: svchost.exe -> svchost.exe Access=1000	
00007966	103.73020935	System	PAC: svchost.exe -> svchost.exe Access=1000	
00007967	103.73101807	System	PAC: svchost.exe -> svchost.exe Access=1000	
00007968	103.74241638	System	PAC: svchost.exe -> AppHostRegistr Access=1000	
00007969	103.74250031	System	PAC: svchost.exe -> AppHostRegistr Access=100000	
00007970	103.74519348	System	PAC: explorer.exe -> explorer.exe Access=1410	
00007971	103.74521637	System	PAC: explorer.exe -> explorer.exe Access=1000	
00007972	103.74784851	System	PAC: svchost.exe -> AppHostRegistr Access=1000	
00007973	103.75009918	System	PAC: svchost.exe -> explorer.exe Access=2000	
00007974	103.75331879	System	PAC: svchost.exe -> AppHostRegistr Access=1000	
00007975	103.75658417	System	PAC: MsMpEng.exe -> msedgewebview2 Access=1000	
00007976	103.75668335	System	PAC: msedgewebview2 -> msedgewebview2 Access=1FFFFF	
00007977	103.75682068	System	PAC: csrss.exe -> msedgewebview2 Access=1FFFFF	
00007978	103.75936127	System	PAC: msedgewebview2 -> msedgewebview2 Access=1FFFFF	
00007979	103.76028442	System	PAC: msedgewebview2 -> msedgewebview2 Access=1FFFFF	
00007980	103.76548767	System	PAC: svchost.exe -> AppHostRegistr Access=1000	
00007981	103.76585388	System	PAC: svchost.exe -> svchost.exe Access=1000	
00007982	103.76741028	System	PAC: msedgewebview2 -> msedgewebview2 Access=1F1C51	
00007983	103.76811218	System	PAC: svchost.exe -> AppHostRegistr Access=1FFFFF	
00007984	103.76828003	System	PAC: MsMpEng.exe -> AppHostRegistr Access=1000	
00007985	103.76835632	System	PAC: csrss.exe -> AppHostRegistr Access=1FFFFF	
00007986	103.77037048	System	PAC: csrss.exe -> AppHostRegistr Access=1FFFFF	
00007987	103.77264404	System	PAC: ctfmon.exe -> explorer.exe Access=1000	
00007988	103.78926849	System	PAC: svchost.exe -> AppHostRegistr Access=1000	
00007989	103.78928375	System	PAC: svchost.exe -> AppHostRegistr Access=100000	
00007990	103.79287720	System	PAC: svchost.exe -> AppHostRegistr Access=1000	
00007991	103.80114746	System	PAC: svchost.exe -> AppHostRegistr Access=1000	
00007992	103.80792999	System	PAC: msedgewebview2 -> msedgewebview2 Access=101451	
00007993	103.81354523	System	PAC: svchost.exe -> AppHostRegistr Access=1000	
00007994	103.81458282	System	PAC: svchost.exe -> svchost.exe Access=1000	
00007995	103.81841278	System	PAC: MsMpEng.exe -> AppHostRegistr Access=1000	
00007996	103.81856537	System	PAC: svchost.exe -> AppHostRegistr Access=1FFFFF	
00007997	103.81895447	System	PAC: csrss.exe -> AppHostRegistr Access=1FFFFF	
00007998	103.82119751	System	PAC: csrss.exe -> AppHostRegistr Access=1FFFFF	
00007999	103.83860779	System	PAC: svchost.exe -> AppHostRegistr Access=1000	
00008000	103.83862305	System	PAC: svchost.exe -> AppHostRegistr Access=100000	
00008001	103.84061432	System	8035625000 - STORMINI: StorAHCI - LPM: Port 01 - Port Stopped	
00008002	103.84157562	System	8035625000 - STORMINI: StorAHCI - LPM: Port 01 - Port Started	
00008003	103.84424591	System	PAC: svchost.exe -> AppHostRegistr Access=1000	
00008004	103.85076904	System	PAC: svchost.exe -> AppHostRegistr Access=1000	
00008005	103.85771179	System	PAC: svchost.exe -> AppHostRegistr Access=1000	
00008006	103.85823059	System	PAC: svchost.exe -> svchost.exe Access=1000	
00008007	103.86038971	System	PAC: MsMpEng.exe -> AppHostRegistr Access=1000	
00008008	103.86058044	System	PAC: svchost.exe -> AppHostRegistr Access=1FFFFF	
00008009	103.86178589	System	PAC: csrss.exe -> AppHostRegistr Access=1FFFFF	
00008010	103.86536407	System	PAC: csrss.exe -> AppHostRegistr Access=1FFFFF	
00008011	103.87226105	System	8035937500 - STORMINI: StorAHCI - LPM: SystemIoBusNumber:0 Port:00 - IDLE	
00008012	103.87351227	System	PAC: msedgewebview2 -> msedgewebview2 Access=1FFFFF	
00008013	103.88636017	System	PAC: svchost.exe -> AppHostRegistr Access=1000	
00008014	103.88638306	System	PAC: svchost.exe -> AppHostRegistr Access=100000	
00008015	103.88644409	System	PAC: msedgewebview2 -> msedgewebview2 Access=101451	
00008016	103.88655090	System	PAC: msedgewebview2 -> msedgewebview2 Access=1000	
00008017	103.88673401	System	PAC: msedgewebview2 -> msedgewebview2 Access=1FFFFF	
00008018	103.88674164	System	PAC: msedgewebview2 -> msedgewebview2 Access=1000	
00008019	103.88750458	System	PAC: msedgewebview2 -> msedgewebview2 Access=101401	
00008020	103.88759613	System	PAC: msedgewebview2 -> msedgewebview2 Access=1000	
00008021	103.88887024	System	PAC: MsMpEng.exe -> msedgewebview2 Access=101000	
00008022	103.88890076	System	PAC: MsMpEng.exe -> msedgewebview2 Access=101000	
00008023	103.89180756	System	PAC: msedgewebview2 -> msedgewebview2 Access=1FFFFF	
00008024	103.89196777	System	PAC: msedgewebview2 -> msedgewebview2 Access=1FFFFF	
00008025	103.89198303	System	PAC: msedgewebview2 -> msedgewebview2 Access=1000	
00008026	103.89213562	System	PAC: msedgewebview2 -> msedgewebview2 Access=1FFFFF	
00008027	103.89226532	System	PAC: msedgewebview2 -> msedgewebview2 Access=1000	
00008028	103.89263916	System	PAC: msedgewebview2 -> msedgewebview2 Access=1FFFFF	
00008029	103.89440918	System	PAC: svchost.exe -> AppHostRegistr Access=1000	
00008030	103.90270233	System	PAC: svchost.exe -> AppHostRegistr Access=1000	
00008031	103.90904236	System	PAC: svchost.exe -> msedgewebview2 Access=1478	
00008032	103.90933990	System	PAC: svchost.exe -> msedgewebview2 Access=1400	
00008033	103.91165161	System	PAC: svchost.exe -> AppHostRegistr Access=1000	
00008034	103.91379547	System	PAC: svchost.exe -> svchost.exe Access=1000	
00008035	103.91623688	System	PAC: MsMpEng.exe -> AppHostRegistr Access=1000	
00008036	103.91636658	System	PAC: svchost.exe -> AppHostRegistr Access=1FFFFF	
00008037	103.91654205	System	PAC: csrss.exe -> AppHostRegistr Access=1FFFFF	
00008038	103.91873169	System	PAC: csrss.exe -> AppHostRegistr Access=1FFFFF	
00008039	103.92292786	System	PAC: MsMpEng.exe -> msedgewebview2 Access=101000	
00008040	103.92568207	System	PAC: msedgewebview2 -> msedgewebview2 Access=101401	
00008041	103.92568970	System	PAC: msedgewebview2 -> msedgewebview2 Access=1000	
00008042	103.93941498	System	PAC: svchost.exe -> AppHostRegistr Access=1000	
00008043	103.93943787	System	PAC: svchost.exe -> AppHostRegistr Access=100000	
00008044	103.94371796	System	PAC: svchost.exe -> AppHostRegistr Access=1000	
00008045	103.95011902	System	PAC: svchost.exe -> AppHostRegistr Access=1000	
00008046	103.95304871	System	PAC: MsMpEng.exe -> msedgewebview2 Access=1000	
00008047	103.95314026	System	PAC: MsMpEng.exe -> msedgewebview2 Access=1000	
00008048	103.95315552	System	PAC: MsMpEng.exe -> msedgewebview2 Access=101000	
00008049	103.95537567	System	PAC: MsMpEng.exe -> svchost.exe Access=1000	
00008050	103.95539856	System	PAC: MsMpEng.exe -> svchost.exe Access=1000	
00008051	103.95540619	System	PAC: MsMpEng.exe -> svchost.exe Access=1000	
00008052	103.95541382	System	PAC: MsMpEng.exe -> svchost.exe Access=1000	
00008053	103.95909882	System	PAC: svchost.exe -> AppHostRegistr Access=1000	
00008054	103.95954132	System	PAC: svchost.exe -> svchost.exe Access=1000	
00008055	103.96398163	System	PAC: svchost.exe -> AppHostRegistr Access=1FFFFF	
00008056	103.96399689	System	PAC: MsMpEng.exe -> AppHostRegistr Access=1000	
00008057	103.96423340	System	PAC: csrss.exe -> AppHostRegistr Access=1FFFFF	
00008058	103.96877289	System	PAC: csrss.exe -> AppHostRegistr Access=1FFFFF	
00008059	103.97649384	System	PAC: explorer.exe -> msedgewebview2 Access=1000	
00008060	103.98957062	System	PAC: svchost.exe -> AppHostRegistr Access=1000	
00008061	103.98959351	System	PAC: svchost.exe -> AppHostRegistr Access=100000	
00008062	103.99696350	System	PAC: svchost.exe -> AppHostRegistr Access=1000	
00008063	104.00565338	System	PAC: svchost.exe -> AppHostRegistr Access=1000	
00008064	104.01781464	System	PAC: svchost.exe -> AppHostRegistr Access=1000	
00008065	104.01787567	System	PAC: svchost.exe -> svchost.exe Access=1000	
00008066	104.02023315	System	PAC: MsMpEng.exe -> AppHostRegistr Access=1000	
00008067	104.02041626	System	PAC: svchost.exe -> AppHostRegistr Access=1FFFFF	
00008068	104.02062988	System	PAC: csrss.exe -> AppHostRegistr Access=1FFFFF	
00008069	104.02361298	System	PAC: csrss.exe -> AppHostRegistr Access=1FFFFF	
00008070	104.03388214	System	8037656250 - STORMINI: StorAHCI - LPM: SystemIoBusNumber:0 Port:00 - ACTIVE	
00008071	104.03388214	System	8037656250 - STORMINI: StorAHCI - LPM: SystemIoBusNumber:0 Port:00 - Transit into Slumber from Partial - Canceled	
00008072	104.04743958	System	PAC: svchost.exe -> AppHostRegistr Access=1000	
00008073	104.04746246	System	PAC: svchost.exe -> AppHostRegistr Access=100000	
00008074	104.04846191	System	PAC: svchost.exe -> explorer.exe Access=2000	
00008075	104.05149078	System	PAC: svchost.exe -> AppHostRegistr Access=1000	
00008076	104.05790710	System	PAC: svchost.exe -> AppHostRegistr Access=1000	
00008077	104.06951141	System	PAC: svchost.exe -> AppHostRegistr Access=1000	
00008078	104.07005310	System	PAC: svchost.exe -> svchost.exe Access=1000	
00008079	104.07229614	System	PAC: MsMpEng.exe -> AppHostRegistr Access=1000	
00008080	104.07240295	System	PAC: svchost.exe -> AppHostRegistr Access=1FFFFF	
00008081	104.07262421	System	PAC: csrss.exe -> AppHostRegistr Access=1FFFFF	
00008082	104.07417297	System	PAC: csrss.exe -> AppHostRegistr Access=1FFFFF	
00008083	104.07850647	System	PAC: MsMpEng.exe -> NisSrv.exe Access=1400	
00008084	104.07889557	System	PAC: svchost.exe -> VBoxService.ex Access=1000	
00008085	104.07909393	System	PAC: svchost.exe -> VBoxService.ex Access=1000	
00008086	104.07927704	System	PAC: svchost.exe -> VBoxService.ex Access=1000	
00008087	104.08759308	System	PAC: M365Copilot.ex -> msedgewebview2 Access=3640	
00008088	104.08760834	System	PAC: M365Copilot.ex -> msedgewebview2 Access=3640	
00008089	104.09368134	System	PAC: ctfmon.exe -> explorer.exe Access=1000	
00008090	104.09395599	System	PAC: svchost.exe -> AppHostRegistr Access=1000	
00008091	104.09397125	System	PAC: svchost.exe -> AppHostRegistr Access=100000	
00008092	104.09519958	System	PAC: explorer.exe -> explorer.exe Access=1000	
00008093	104.09755707	System	PAC: svchost.exe -> AppHostRegistr Access=1000	
00008094	104.10455322	System	PAC: explorer.exe -> explorer.exe Access=1000	
00008095	104.10623169	System	PAC: svchost.exe -> AppHostRegistr Access=1000	
00008096	104.11386871	System	PAC: explorer.exe -> explorer.exe Access=1000	
00008097	104.11786652	System	PAC: svchost.exe -> AppHostRegistr Access=1000	
00008098	104.11798096	System	PAC: svchost.exe -> svchost.exe Access=1000	
00008099	104.12028503	System	PAC: svchost.exe -> AppHostRegistr Access=1FFFFF	
00008100	104.12032318	System	PAC: MsMpEng.exe -> AppHostRegistr Access=1000	
00008101	104.12042236	System	PAC: csrss.exe -> AppHostRegistr Access=1FFFFF	
00008102	104.12213135	System	PAC: explorer.exe -> FangameTale-Wi Access=1000	
00008103	104.12244415	System	PAC: csrss.exe -> AppHostRegistr Access=1FFFFF	
00008104	104.13162994	System	PAC: explorer.exe -> Dbgview.exe Access=1000	
00008105	104.13832855	System	PAC: explorer.exe -> explorer.exe Access=1000	
00008106	104.14079285	System	PAC: svchost.exe -> AppHostRegistr Access=1000	
00008107	104.14081573	System	PAC: svchost.exe -> AppHostRegistr Access=100000	
00008108	104.14534760	System	PAC: svchost.exe -> AppHostRegistr Access=1000	
00008109	104.14573669	System	PAC: explorer.exe -> cmd.exe Access=1000	
00008110	104.15210724	System	PAC: svchost.exe -> AppHostRegistr Access=1000	
00008111	104.15705109	System	PAC: explorer.exe -> explorer.exe Access=1000	
00008112	104.16265869	System	PAC: svchost.exe -> AppHostRegistr Access=1000	
00008113	104.16492462	System	PAC: svchost.exe -> svchost.exe Access=1000	
00008114	104.16617584	System	PAC: explorer.exe -> explorer.exe Access=1000	
00008115	104.16790009	System	PAC: MsMpEng.exe -> AppHostRegistr Access=1000	
00008116	104.16803741	System	PAC: svchost.exe -> AppHostRegistr Access=1FFFFF	
00008117	104.16828156	System	PAC: csrss.exe -> AppHostRegistr Access=1FFFFF	
00008118	104.17012024	System	PAC: csrss.exe -> AppHostRegistr Access=1FFFFF	
00008119	104.17368317	System	PAC: explorer.exe -> explorer.exe Access=1000	
00008120	104.18002319	System	PAC: explorer.exe -> explorer.exe Access=1000	
00008121	104.18505859	System	PAC: explorer.exe -> explorer.exe Access=1000	
00008122	104.18679047	System	PAC: svchost.exe -> AppHostRegistr Access=1000	
00008123	104.18681335	System	PAC: svchost.exe -> AppHostRegistr Access=100000	
00008124	104.19036865	System	PAC: svchost.exe -> AppHostRegistr Access=1000	
00008125	104.19113922	System	PAC: explorer.exe -> explorer.exe Access=2000	
00008126	104.19921112	System	PAC: svchost.exe -> AppHostRegistr Access=1000	
00008127	104.21147156	System	PAC: svchost.exe -> AppHostRegistr Access=1000	
00008128	104.21195221	System	PAC: svchost.exe -> svchost.exe Access=1000	
00008129	104.21392059	System	PAC: MsMpEng.exe -> AppHostRegistr Access=1000	
00008130	104.21405792	System	PAC: svchost.exe -> AppHostRegistr Access=1FFFFF	
00008131	104.21421814	System	PAC: csrss.exe -> AppHostRegistr Access=1FFFFF	
00008132	104.21765137	System	PAC: csrss.exe -> AppHostRegistr Access=1FFFFF	
00008133	104.22123718	System	PAC: explorer.exe -> explorer.exe Access=2000	
00008134	104.22123718	System	PAC: explorer.exe -> TextInputHost. Access=2000	
00008135	104.22124481	System	PAC: explorer.exe -> SearchApp.exe Access=2000	
00008136	104.22124481	System	PAC: explorer.exe -> StartMenuExper Access=2000	
00008137	104.22124481	System	PAC: explorer.exe -> FangameTale-Wi Access=2000	
00008138	104.23492432	System	PAC: svchost.exe -> AppHostRegistr Access=1000	
00008139	104.23493958	System	PAC: svchost.exe -> AppHostRegistr Access=100000	
00008140	104.23874664	System	PAC: svchost.exe -> AppHostRegistr Access=1000	
00008141	104.24416351	System	PAC: svchost.exe -> AppHostRegistr Access=1000	
00008142	104.25202179	System	PAC: svchost.exe -> AppHostRegistr Access=1000	
00008143	104.26358795	System	PAC: svchost.exe -> svchost.exe Access=1000	
00008144	104.26399994	System	PAC: MsMpEng.exe -> msedgewebview2 Access=101000	
00008145	104.26557159	System	PAC: MsMpEng.exe -> AppHostRegistr Access=1000	
00008146	104.26572418	System	PAC: svchost.exe -> AppHostRegistr Access=1FFFFF	
00008147	104.26617432	System	PAC: csrss.exe -> AppHostRegistr Access=1FFFFF	
00008148	104.26950073	System	PAC: csrss.exe -> AppHostRegistr Access=1FFFFF	
00008149	104.28077698	System	PAC: svchost.exe -> SecurityHealth Access=1000	
00008150	104.28129578	System	PAC: svchost.exe -> SecurityHealth Access=1000	
00008151	104.28153229	System	PAC: svchost.exe -> SecurityHealth Access=1000	
00008152	104.28175354	System	PAC: svchost.exe -> SecurityHealth Access=1000	
00008153	104.28183746	System	PAC: svchost.exe -> SecurityHealth Access=1000	
00008154	104.28194427	System	PAC: svchost.exe -> SecurityHealth Access=1000	
00008155	104.28201294	System	PAC: svchost.exe -> SecurityHealth Access=1000	
00008156	104.28227234	System	PAC: svchost.exe -> SecurityHealth Access=1000	
00008157	104.28244781	System	PAC: svchost.exe -> SecurityHealth Access=1000	
00008158	104.28260040	System	PAC: svchost.exe -> SecurityHealth Access=1000	
00008159	104.28287506	System	PAC: svchost.exe -> SecurityHealth Access=1000	
00008160	104.28306580	System	PAC: svchost.exe -> SecurityHealth Access=1000	
00008161	104.28314209	System	PAC: svchost.exe -> SecurityHealth Access=1000	
00008162	104.28404999	System	PAC: svchost.exe -> SecurityHealth Access=1000	
00008163	104.28411865	System	PAC: svchost.exe -> SecurityHealth Access=1000	
00008164	104.28418732	System	PAC: svchost.exe -> SecurityHealth Access=1000	
00008165	104.28424835	System	PAC: svchost.exe -> SecurityHealth Access=1000	
00008166	104.28431702	System	PAC: svchost.exe -> SecurityHealth Access=1000	
00008167	104.28534698	System	PAC: svchost.exe -> SecurityHealth Access=1000	
00008168	104.28602600	System	PAC: svchost.exe -> SecurityHealth Access=1000	
00008169	104.28612518	System	PAC: svchost.exe -> SecurityHealth Access=1000	
00008170	104.28618622	System	PAC: svchost.exe -> SecurityHealth Access=1000	
00008171	104.28633881	System	PAC: svchost.exe -> SecurityHealth Access=1000	
00008172	104.28640747	System	PAC: svchost.exe -> SecurityHealth Access=1000	
00008173	104.28653717	System	PAC: svchost.exe -> SecurityHealth Access=1000	
00008174	104.28662109	System	PAC: svchost.exe -> SecurityHealth Access=1000	
00008175	104.28686523	System	PAC: svchost.exe -> SecurityHealth Access=1000	
00008176	104.28717804	System	PAC: svchost.exe -> AppHostRegistr Access=1000	
00008177	104.28720093	System	PAC: svchost.exe -> AppHostRegistr Access=100000	
00008178	104.28733063	System	PAC: svchost.exe -> SecurityHealth Access=1000	
00008179	104.28802490	System	PAC: svchost.exe -> SecurityHealth Access=1000	
00008180	104.28844452	System	PAC: svchost.exe -> SecurityHealth Access=1000	
00008181	104.28916168	System	PAC: svchost.exe -> SecurityHealth Access=1000	
00008182	104.29122925	System	PAC: svchost.exe -> SecurityHealth Access=1000	
00008183	104.29179382	System	PAC: svchost.exe -> SecurityHealth Access=1000	
00008184	104.29209137	System	PAC: svchost.exe -> SecurityHealth Access=1000	
00008185	104.29212952	System	PAC: svchost.exe -> AppHostRegistr Access=1000	
00008186	104.29219055	System	PAC: svchost.exe -> SecurityHealth Access=1000	
00008187	104.29226685	System	PAC: svchost.exe -> SecurityHealth Access=1000	
00008188	104.29235077	System	PAC: svchost.exe -> SecurityHealth Access=1000	
00008189	104.29313660	System	PAC: svchost.exe -> SecurityHealth Access=1000	
00008190	104.29447174	System	PAC: svchost.exe -> SecurityHealth Access=1000	
00008191	104.29467773	System	PAC: svchost.exe -> SecurityHealth Access=1000	
00008192	104.29512024	System	PAC: svchost.exe -> SecurityHealth Access=1000	
00008193	104.29521942	System	PAC: svchost.exe -> SecurityHealth Access=1000	
00008194	104.29530334	System	PAC: svchost.exe -> SecurityHealth Access=1000	
00008195	104.29619598	System	PAC: svchost.exe -> SecurityHealth Access=1000	
00008196	104.29654694	System	PAC: svchost.exe -> SecurityHealth Access=1000	
00008197	104.29745483	System	PAC: svchost.exe -> SecurityHealth Access=1000	
00008198	104.29769897	System	PAC: svchost.exe -> AppHostRegistr Access=1000	
00008199	104.29785919	System	PAC: svchost.exe -> SecurityHealth Access=1000	
00008200	104.29822540	System	PAC: svchost.exe -> SecurityHealth Access=1000	
00008201	104.29832458	System	PAC: svchost.exe -> SecurityHealth Access=1000	
00008202	104.29848480	System	PAC: svchost.exe -> SecurityHealth Access=1000	
00008203	104.29857635	System	PAC: svchost.exe -> SecurityHealth Access=1000	
00008204	104.30251312	System	PAC: svchost.exe -> AppHostRegistr Access=1000	
00008205	104.30304718	System	PAC: svchost.exe -> svchost.exe Access=1000	
00008206	104.30489349	System	PAC: MsMpEng.exe -> AppHostRegistr Access=1000	
00008207	104.30500793	System	PAC: svchost.exe -> AppHostRegistr Access=1FFFFF	
00008208	104.30516815	System	PAC: csrss.exe -> AppHostRegistr Access=1FFFFF	
00008209	104.30672455	System	PAC: csrss.exe -> AppHostRegistr Access=1FFFFF	
00008210	104.32472992	System	PAC: svchost.exe -> AppHostRegistr Access=1000	
00008211	104.32474518	System	PAC: svchost.exe -> AppHostRegistr Access=100000	
00008212	104.32852173	System	PAC: svchost.exe -> AppHostRegistr Access=1000	
00008213	104.33424377	System	PAC: svchost.exe -> AppHostRegistr Access=1000	
00008214	104.33834839	System	PAC: svchost.exe -> AppHostRegistr Access=1000	
00008215	104.33876801	System	PAC: svchost.exe -> svchost.exe Access=1000	
00008216	104.33947754	4016	Warning: AddWebResourceRequestedFilter without SourceKind parameter is deprecated! It does not behave as expected for iframes.Please use AddWebResourceRequestedFilterWithRequestSourceKinds instead. For more information, please see https://go.microsoft.com/fwlink/?linkid=2286319	
00008217	104.34043121	System	PAC: svchost.exe -> AppHostRegistr Access=1FFFFF	
00008218	104.34050751	System	PAC: MsMpEng.exe -> AppHostRegistr Access=1000	
00008219	104.34056091	System	PAC: csrss.exe -> AppHostRegistr Access=1FFFFF	
00008220	104.34360504	System	PAC: csrss.exe -> AppHostRegistr Access=1FFFFF	
00008221	104.36103821	System	PAC: svchost.exe -> AppHostRegistr Access=1000	
00008222	104.36111450	System	PAC: svchost.exe -> AppHostRegistr Access=100000	
00008223	104.36526489	System	PAC: svchost.exe -> AppHostRegistr Access=1000	
00008224	104.37333679	System	PAC: svchost.exe -> AppHostRegistr Access=1000	
00008225	104.37870026	System	PAC: svchost.exe -> AppHostRegistr Access=1000	
00008226	104.42259216	4016	Warning: AddWebResourceRequestedFilter without SourceKind parameter is deprecated! It does not behave as expected for iframes.Please use AddWebResourceRequestedFilterWithRequestSourceKinds instead. For more information, please see https://go.microsoft.com/fwlink/?linkid=2286319	
00008227	104.54519653	4016	Warning: AddWebResourceRequestedFilter without SourceKind parameter is deprecated! It does not behave as expected for iframes.Please use AddWebResourceRequestedFilterWithRequestSourceKinds instead. For more information, please see https://go.microsoft.com/fwlink/?linkid=2286319	
00008228	104.56616211	System	PAC: svchost.exe -> Dbgview.exe Access=2000	
00008229	104.73963928	System	PAC: svchost.exe -> Dbgview.exe Access=2000	
00008230	104.74988556	System	PAC: explorer.exe -> Dbgview.exe Access=1000	
00008231	104.74990845	System	PAC: explorer.exe -> Dbgview.exe Access=1000	
00008232	104.75157928	System	PAC: ctfmon.exe -> Dbgview.exe Access=1000	
00008233	104.75283051	System	PAC: explorer.exe -> explorer.exe Access=1000	
00008234	104.76044464	System	PAC: explorer.exe -> explorer.exe Access=1000	
00008235	104.76691437	System	PAC: explorer.exe -> Dbgview.exe Access=1000	
00008236	104.77278900	System	PAC: explorer.exe -> FangameTale-Wi Access=1000	
00008237	104.77738190	System	PAC: explorer.exe -> explorer.exe Access=1000	
00008238	104.78184509	System	PAC: explorer.exe -> cmd.exe Access=1000	
00008239	104.78274536	System	PAC: explorer.exe -> explorer.exe Access=1000	
00008240	104.78277588	System	PAC: explorer.exe -> explorer.exe Access=1000	
00008241	104.78279114	System	PAC: explorer.exe -> explorer.exe Access=1000	
00008242	104.78279877	System	PAC: explorer.exe -> explorer.exe Access=1000	
00008243	104.78293610	System	PAC: explorer.exe -> Dbgview.exe Access=1000	
00008244	104.85639954	System	8045781250 - STORMINI: StorAHCI - LPM: Port 01 - Port Stopped	
00008245	104.85691833	System	8045781250 - STORMINI: StorAHCI - LPM: Port 01 - Port Started	
00008246	104.88783264	System	PAC: explorer.exe -> explorer.exe Access=2000	
00008247	104.88784027	System	PAC: explorer.exe -> TextInputHost. Access=2000	
00008248	104.88784790	System	PAC: explorer.exe -> SearchApp.exe Access=2000	
00008249	104.88785553	System	PAC: explorer.exe -> StartMenuExper Access=2000	
00008250	104.88785553	System	PAC: explorer.exe -> FangameTale-Wi Access=2000	
00008251	104.89443207	System	PAC: explorer.exe -> Dbgview.exe Access=1000	
00008252	104.96474457	System	PAC: MsMpEng.exe -> svchost.exe Access=1000	
00008253	104.96477509	System	PAC: MsMpEng.exe -> svchost.exe Access=1000	
00008254	104.96477509	System	PAC: MsMpEng.exe -> svchost.exe Access=1000	
00008255	104.96478271	System	PAC: MsMpEng.exe -> svchost.exe Access=1000	
00008256	104.96479034	System	PAC: MsMpEng.exe -> svchost.exe Access=1000	
00008257	104.96479034	System	PAC: MsMpEng.exe -> svchost.exe Access=1000	
00008258	104.96479034	System	PAC: MsMpEng.exe -> svchost.exe Access=1000	
00008259	104.96479034	System	PAC: MsMpEng.exe -> svchost.exe Access=1000	
00008260	104.96479797	System	PAC: MsMpEng.exe -> svchost.exe Access=1000	
00008261	104.96479797	System	PAC: MsMpEng.exe -> svchost.exe Access=1000	
00008262	104.99143982	System	PAC: explorer.exe -> Dbgview.exe Access=1000	
00008263	104.99446106	4016	Warning: AddWebResourceRequestedFilter without SourceKind parameter is deprecated! It does not behave as expected for iframes.Please use AddWebResourceRequestedFilterWithRequestSourceKinds instead. For more information, please see https://go.microsoft.com/fwlink/?linkid=2286319	
00008264	105.04091644	System	8047656250 - STORMINI: StorAHCI - LPM: SystemIoBusNumber:0 Port:00 - IDLE	
00008265	105.04722595	4016	Warning: AddWebResourceRequestedFilter without SourceKind parameter is deprecated! It does not behave as expected for iframes.Please use AddWebResourceRequestedFilterWithRequestSourceKinds instead. For more information, please see https://go.microsoft.com/fwlink/?linkid=2286319	
00008266	105.05326843	System	PAC: explorer.exe -> Dbgview.exe Access=1000	
00008267	105.08840942	System	PAC: svchost.exe -> VBoxService.ex Access=1000	
00008268	105.08844757	System	PAC: svchost.exe -> VBoxService.ex Access=1000	
00008269	105.08854675	System	PAC: svchost.exe -> VBoxService.ex Access=1000	
00008270	105.12168121	4016	Warning: AddWebResourceRequestedFilter without SourceKind parameter is deprecated! It does not behave as expected for iframes.Please use AddWebResourceRequestedFilterWithRequestSourceKinds instead. For more information, please see https://go.microsoft.com/fwlink/?linkid=2286319	
00008271	105.12754059	System	PAC: explorer.exe -> Dbgview.exe Access=1000	
00008272	105.17700195	4016	Warning: AddWebResourceRequestedFilter without SourceKind parameter is deprecated! It does not behave as expected for iframes.Please use AddWebResourceRequestedFilterWithRequestSourceKinds instead. For more information, please see https://go.microsoft.com/fwlink/?linkid=2286319	
00008273	105.18359375	System	PAC: explorer.exe -> Dbgview.exe Access=1000	
00008274	105.19772339	4016	Warning: AddWebResourceRequestedFilter without SourceKind parameter is deprecated! It does not behave as expected for iframes.Please use AddWebResourceRequestedFilterWithRequestSourceKinds instead. For more information, please see https://go.microsoft.com/fwlink/?linkid=2286319	
00008275	105.21160126	System	PAC: explorer.exe -> Dbgview.exe Access=1000	
00008276	105.23152924	System	PAC: svchost.exe -> M365Copilot.ex Access=101000	
00008277	105.24983978	System	PAC: svchost.exe -> M365Copilot.ex Access=101000	
00008278	105.24985504	System	PAC: svchost.exe -> M365Copilot.ex Access=1000	
00008279	105.24991608	System	PAC: svchost.exe -> M365Copilot.ex Access=101000	
00008280	105.24992371	System	PAC: svchost.exe -> M365Copilot.ex Access=1000	
00008281	105.25025940	System	PAC: svchost.exe -> svchost.exe Access=1000	
00008282	105.25027466	System	PAC: svchost.exe -> svchost.exe Access=40	
00008283	105.25028992	System	PAC: svchost.exe -> svchost.exe Access=1000	
00008284	105.25029755	System	PAC: svchost.exe -> svchost.exe Access=40	
00008285	105.25392914	System	PAC: svchost.exe -> M365Copilot.ex Access=1000	
00008286	105.25415802	System	PAC: svchost.exe -> M365Copilot.ex Access=1000	
00008287	105.25649261	System	PAC: svchost.exe -> M365Copilot.ex Access=101000	
00008288	105.25650787	System	PAC: svchost.exe -> M365Copilot.ex Access=1000	
00008289	105.25655365	System	PAC: svchost.exe -> M365Copilot.ex Access=101000	
00008290	105.25656891	System	PAC: svchost.exe -> M365Copilot.ex Access=1000	
00008291	105.25669098	System	PAC: svchost.exe -> svchost.exe Access=1000	
00008292	105.25669861	System	PAC: svchost.exe -> svchost.exe Access=40	
00008293	105.25675964	System	PAC: svchost.exe -> svchost.exe Access=1000	
00008294	105.25676727	System	PAC: svchost.exe -> svchost.exe Access=40	
00008295	105.25767517	System	PAC: svchost.exe -> M365Copilot.ex Access=101000	
00008296	105.25769043	System	PAC: svchost.exe -> M365Copilot.ex Access=1000	
00008297	105.25787354	System	PAC: svchost.exe -> svchost.exe Access=1000	
00008298	105.25788116	System	PAC: svchost.exe -> svchost.exe Access=40	
00008299	105.25802612	System	PAC: svchost.exe -> M365Copilot.ex Access=101000	
00008300	105.25804138	System	PAC: svchost.exe -> M365Copilot.ex Access=1000	
00008301	105.25814056	System	PAC: svchost.exe -> svchost.exe Access=1000	
00008302	105.25814819	System	PAC: svchost.exe -> svchost.exe Access=40	
00008303	105.26085663	System	PAC: svchost.exe -> M365Copilot.ex Access=101000	
00008304	105.26087189	System	PAC: svchost.exe -> M365Copilot.ex Access=1000	
00008305	105.26155090	System	PAC: svchost.exe -> svchost.exe Access=1000	
00008306	105.26155853	System	PAC: svchost.exe -> svchost.exe Access=40	
00008307	105.26198578	System	PAC: svchost.exe -> M365Copilot.ex Access=101000	
00008308	105.26200104	System	PAC: svchost.exe -> M365Copilot.ex Access=1000	
00008309	105.26270294	System	PAC: svchost.exe -> svchost.exe Access=1000	
00008310	105.26271057	System	PAC: svchost.exe -> svchost.exe Access=40	
00008311	105.26728821	System	PAC: svchost.exe -> M365Copilot.ex Access=1000	
00008312	105.26732635	System	PAC: svchost.exe -> M365Copilot.ex Access=101000	
00008313	105.26743317	System	PAC: svchost.exe -> M365Copilot.ex Access=1000	
00008314	105.26744843	System	PAC: svchost.exe -> M365Copilot.ex Access=1000	
00008315	105.26766968	System	PAC: svchost.exe -> M365Copilot.ex Access=101000	
00008316	105.26767731	System	PAC: svchost.exe -> M365Copilot.ex Access=1000	
00008317	105.27115631	System	PAC: svchost.exe -> M365Copilot.ex Access=1000	
00008318	105.27300262	System	PAC: svchost.exe -> M365Copilot.ex Access=1000	
00008319	105.27507019	System	PAC: svchost.exe -> M365Copilot.ex Access=101000	
00008320	105.27508545	System	PAC: svchost.exe -> M365Copilot.ex Access=1000	
00008321	105.27545166	System	PAC: svchost.exe -> svchost.exe Access=1000	
00008322	105.27545929	System	PAC: svchost.exe -> svchost.exe Access=40	
00008323	105.27648926	System	PAC: svchost.exe -> M365Copilot.ex Access=101000	
00008324	105.27658844	System	PAC: svchost.exe -> M365Copilot.ex Access=1000	
00008325	105.27674866	System	PAC: svchost.exe -> M365Copilot.ex Access=101000	
00008326	105.27675629	System	PAC: svchost.exe -> svchost.exe Access=1000	
00008327	105.27676392	System	PAC: svchost.exe -> M365Copilot.ex Access=1000	
00008328	105.27677155	System	PAC: svchost.exe -> svchost.exe Access=40	
00008329	105.27687073	System	PAC: svchost.exe -> svchost.exe Access=1000	
00008330	105.27687836	System	PAC: svchost.exe -> svchost.exe Access=40	
00008331	105.27792358	System	PAC: svchost.exe -> M365Copilot.ex Access=101000	
00008332	105.27793121	System	PAC: svchost.exe -> M365Copilot.ex Access=1000	
00008333	105.27803802	System	PAC: svchost.exe -> svchost.exe Access=1000	
00008334	105.27804565	System	PAC: svchost.exe -> svchost.exe Access=40	
00008335	105.28131104	System	PAC: svchost.exe -> M365Copilot.ex Access=101000	
00008336	105.28133392	System	PAC: svchost.exe -> M365Copilot.ex Access=1000	
00008337	105.28144836	System	PAC: svchost.exe -> svchost.exe Access=1000	
00008338	105.28145599	System	PAC: svchost.exe -> svchost.exe Access=40	
00008339	105.28359985	System	PAC: svchost.exe -> M365Copilot.ex Access=1000	
00008340	105.28361511	4016	TestingSimulation: Feature gate disabled, skipping initialization	
00008341	105.28405762	System	PAC: svchost.exe -> M365Copilot.ex Access=101000	
00008342	105.28407288	System	PAC: svchost.exe -> M365Copilot.ex Access=1000	
00008343	105.28784180	System	PAC: svchost.exe -> M365Copilot.ex Access=1000	
00008344	105.28788757	System	PAC: svchost.exe -> M365Copilot.ex Access=101000	
00008345	105.28789520	System	PAC: svchost.exe -> M365Copilot.ex Access=1000	
00008346	105.29059601	System	PAC: explorer.exe -> Dbgview.exe Access=1000	
00008347	105.32722473	System	PAC: explorer.exe -> Dbgview.exe Access=1000	
00008348	105.34976959	4016	HandleSISInteractionRequiredAsync: Starting SIS interaction required handling	
00008349	105.42261505	4016	ReadDiscoveredAccountsFromOneAuth: Found 0 accounts	
00008350	105.49403381	4016	HandleSISInteractionRequiredAsync: No accounts found after discovery	
00008351	105.54235840	System	PAC: svchost.exe -> svchost.exe Access=1000	
00008352	105.55812073	System	8052812500 - STORMINI: StorAHCI - LPM: SystemIoBusNumber:0 Port:00 - ACTIVE	
00008353	105.55812836	System	8052812500 - STORMINI: StorAHCI - LPM: SystemIoBusNumber:0 Port:00 - Transit into Slumber from Partial - Canceled	
00008354	105.55861664	System	8052812500 - STORMINI: StorAHCI - LPM: SystemIoBusNumber:0 Port:00 - IDLE	
00008355	105.57206726	System	8052968750 - STORMINI: StorAHCI - LPM: SystemIoBusNumber:0 Port:00 - ACTIVE	
00008356	105.57206726	System	8052968750 - STORMINI: StorAHCI - LPM: SystemIoBusNumber:0 Port:00 - Transit into Slumber from Partial - Canceled	
00008357	105.70383453	System	PAC: msedgewebview2 -> msedgewebview2 Access=1FFFFF	
00008358	105.70391846	System	PAC: msedgewebview2 -> msedgewebview2 Access=1FFFFF	
00008359	105.70402527	System	PAC: M365Copilot.ex -> msedgewebview2 Access=1FFFFF	
00008360	105.78291321	4016	SystemManufacturers OS Version: 	
00008361	105.83406067	4016	10	
00008362	105.86696625	System	8055937500 - STORMINI: StorAHCI - LPM: Port 01 - Port Stopped	
00008363	105.86910248	System	8055937500 - STORMINI: StorAHCI - LPM: Port 01 - Port Started	
00008364	105.96499634	System	PAC: M365Copilot.ex -> msedgewebview2 Access=1410	
00008365	105.96501160	System	PAC: M365Copilot.ex -> msedgewebview2 Access=1410	
00008366	105.96501923	System	PAC: M365Copilot.ex -> msedgewebview2 Access=1410	
00008367	105.96502686	System	PAC: M365Copilot.ex -> msedgewebview2 Access=1410	
00008368	105.96502686	System	PAC: M365Copilot.ex -> msedgewebview2 Access=1410	
00008370	106.08905029	System	PAC: services.exe -> svchost.exe Access=1FFFFF	
00008371	106.09103394	System	PAC: csrss.exe -> svchost.exe Access=1FFFFF	
00008372	106.09140778	System	PAC: MsMpEng.exe -> svchost.exe Access=1000	
00008373	106.09188843	System	PAC: svchost.exe -> svchost.exe Access=1101	
00008374	106.09232330	System	PAC: svchost.exe -> svchost.exe Access=1000	
00008375	106.09236145	System	PAC: svchost.exe -> svchost.exe Access=1000	
00008376	106.09310150	System	PAC: MsMpEng.exe -> services.exe Access=1000	
00008377	106.09342194	System	PAC: svchost.exe -> M365Copilot.ex Access=1000	
00008378	106.09413147	System	PAC: csrss.exe -> svchost.exe Access=1FFFFF	
00008379	106.10401917	System	PAC: svchost.exe -> VBoxService.ex Access=1000	
00008380	106.10404968	System	PAC: svchost.exe -> VBoxService.ex Access=1000	
00008381	106.10415649	System	PAC: svchost.exe -> VBoxService.ex Access=1000	
00008382	106.10634613	System	PAC: svchost.exe -> svchost.exe Access=1000	
00008383	106.10636902	System	PAC: svchost.exe -> svchost.exe Access=1000	
00008384	106.10836792	System	PAC: svchost.exe -> svchost.exe Access=1000	
00008385	106.10837555	System	PAC: svchost.exe -> svchost.exe Access=100000	
00008386	106.10997772	System	PAC: services.exe -> svchost.exe Access=1000	
00008387	106.11019135	System	PAC: services.exe -> svchost.exe Access=1000	
00008388	106.11019897	System	PAC: services.exe -> svchost.exe Access=1FFFFF	
00008389	106.11130524	System	PAC: services.exe -> svchost.exe Access=1000	
00008390	106.12668610	System	PAC: svchost.exe -> svchost.exe Access=1000	
00008391	106.12680054	System	PAC: services.exe -> svchost.exe Access=1FFFFF	
00008392	106.14360046	System	PAC: explorer.exe -> explorer.exe Access=1000	
00008393	106.14785004	System	PAC: svchost.exe -> svchost.exe Access=1000	
00008394	106.14809418	System	PAC: svchost.exe -> svchost.exe Access=1000	
00008395	106.14834595	System	PAC: explorer.exe -> explorer.exe Access=1000	
00008396	106.15052795	System	PAC: M365Copilot.ex -> M365Copilot.ex Access=1000	
00008397	106.15151215	System	PAC: explorer.exe -> explorer.exe Access=1000	
00008398	106.15203094	System	PAC: lsass.exe -> M365Copilot.ex Access=1000	
00008399	106.15224457	System	PAC: lsass.exe -> M365Copilot.ex Access=1000	
00008400	106.15256500	System	PAC: lsass.exe -> M365Copilot.ex Access=1000	
00008401	106.15265656	System	PAC: lsass.exe -> M365Copilot.ex Access=1000	
00008402	106.15431213	System	PAC: explorer.exe -> explorer.exe Access=1000	
00008403	106.15453339	System	PAC: explorer.exe -> Dbgview.exe Access=1000	
00008404	106.15462494	System	PAC: explorer.exe -> FangameTale-Wi Access=1000	
00008405	106.15464783	System	PAC: explorer.exe -> explorer.exe Access=1000	
00008406	106.15471649	System	PAC: explorer.exe -> cmd.exe Access=1000	
00008407	106.15481567	System	PAC: explorer.exe -> explorer.exe Access=1000	
00008408	106.15484619	System	PAC: explorer.exe -> explorer.exe Access=1000	
00008409	106.15486145	System	PAC: explorer.exe -> explorer.exe Access=1000	
00008410	106.15491486	System	PAC: explorer.exe -> M365Copilot.ex Access=1000	
00008411	106.15814972	System	PAC: svchost.exe -> M365Copilot.ex Access=1000	
00008412	106.15940857	System	PAC: svchost.exe -> M365Copilot.ex Access=1000	
00008413	106.16047668	System	PAC: svchost.exe -> M365Copilot.ex Access=1000	
00008414	106.16241455	System	PAC: svchost.exe -> M365Copilot.ex Access=1000	
00008415	106.16383362	System	PAC: svchost.exe -> M365Copilot.ex Access=1000	
00008416	106.16535950	System	PAC: svchost.exe -> M365Copilot.ex Access=1000	
00008417	106.16605377	System	PAC: svchost.exe -> M365Copilot.ex Access=1000	
00008418	106.16700745	System	PAC: svchost.exe -> M365Copilot.ex Access=1000	
00008419	106.16744232	System	PAC: svchost.exe -> M365Copilot.ex Access=1000	
00008420	106.16849518	System	PAC: svchost.exe -> M365Copilot.ex Access=1000	
00008421	106.16925049	System	PAC: svchost.exe -> M365Copilot.ex Access=1000	
00008422	106.17116547	System	PAC: svchost.exe -> M365Copilot.ex Access=1000	
00008423	106.20243073	System	PAC: M365Copilot.ex -> M365Copilot.ex Access=1000	
00008424	106.23037720	System	PAC: M365Copilot.ex -> M365Copilot.ex Access=1000	
00008425	106.25056458	System	PAC: svchost.exe -> M365Copilot.ex Access=101000	
00008426	106.25057983	System	PAC: svchost.exe -> M365Copilot.ex Access=1000	
00008427	106.25059509	System	PAC: svchost.exe -> M365Copilot.ex Access=101000	
00008428	106.25061035	System	PAC: svchost.exe -> M365Copilot.ex Access=1000	
00008429	106.25149536	System	PAC: svchost.exe -> svchost.exe Access=1000	
00008430	106.25151062	System	PAC: svchost.exe -> svchost.exe Access=40	
00008431	106.25158691	System	PAC: svchost.exe -> svchost.exe Access=1000	
00008432	106.25159454	System	PAC: svchost.exe -> svchost.exe Access=40	
00008433	106.25431824	System	PAC: svchost.exe -> M365Copilot.ex Access=1000	
00008434	106.25492859	System	PAC: svchost.exe -> M365Copilot.ex Access=1000	
00008435	106.25754547	System	PAC: svchost.exe -> M365Copilot.ex Access=101000	
00008436	106.25756836	System	PAC: svchost.exe -> M365Copilot.ex Access=1000	
00008437	106.25774384	System	PAC: svchost.exe -> svchost.exe Access=1000	
00008438	106.25775146	System	PAC: svchost.exe -> svchost.exe Access=40	
00008439	106.25942993	System	PAC: svchost.exe -> M365Copilot.ex Access=101000	
00008440	106.25944519	System	PAC: svchost.exe -> M365Copilot.ex Access=1000	
00008441	106.26052856	System	PAC: svchost.exe -> svchost.exe Access=1000	
00008442	106.26052856	System	PAC: svchost.exe -> svchost.exe Access=40	
00008443	106.26139069	System	PAC: svchost.exe -> M365Copilot.ex Access=101000	
00008444	106.26139832	System	PAC: svchost.exe -> M365Copilot.ex Access=1000	
00008445	106.26152039	System	PAC: svchost.exe -> svchost.exe Access=1000	
00008446	106.26152039	System	PAC: svchost.exe -> svchost.exe Access=40	
00008447	106.26303101	System	PAC: svchost.exe -> M365Copilot.ex Access=101000	
00008448	106.26305389	System	PAC: svchost.exe -> M365Copilot.ex Access=1000	
00008449	106.26322937	System	PAC: svchost.exe -> svchost.exe Access=1000	
00008450	106.26322937	System	PAC: svchost.exe -> svchost.exe Access=40	
00008451	106.26351929	System	PAC: svchost.exe -> M365Copilot.ex Access=101000	
00008452	106.26352692	System	PAC: svchost.exe -> M365Copilot.ex Access=1000	
00008453	106.26363373	System	PAC: svchost.exe -> svchost.exe Access=1000	
00008454	106.26364136	System	PAC: svchost.exe -> svchost.exe Access=40	
00008455	106.26552582	System	PAC: svchost.exe -> M365Copilot.ex Access=101000	
00008456	106.26553345	System	PAC: svchost.exe -> M365Copilot.ex Access=1000	
00008457	106.26572418	System	PAC: svchost.exe -> svchost.exe Access=1000	
00008458	106.26573181	System	PAC: svchost.exe -> svchost.exe Access=40	
00008459	106.26616669	System	PAC: svchost.exe -> M365Copilot.ex Access=101000	
00008460	106.26618195	System	PAC: svchost.exe -> M365Copilot.ex Access=1000	
00008461	106.26628876	System	PAC: svchost.exe -> svchost.exe Access=1000	
00008462	106.26629639	System	PAC: svchost.exe -> svchost.exe Access=40	
00008463	106.26763153	System	PAC: svchost.exe -> M365Copilot.ex Access=1000	
00008464	106.27060699	System	PAC: svchost.exe -> M365Copilot.ex Access=1000	
00008465	106.27062988	System	PAC: svchost.exe -> M365Copilot.ex Access=101000	
00008466	106.27064514	System	PAC: svchost.exe -> M365Copilot.ex Access=1000	
00008467	106.27090454	System	PAC: svchost.exe -> M365Copilot.ex Access=101000	
00008468	106.27091980	System	PAC: svchost.exe -> M365Copilot.ex Access=1000	
00008469	106.27102661	System	PAC: svchost.exe -> svchost.exe Access=1000	
00008470	106.27102661	System	PAC: svchost.exe -> svchost.exe Access=40	
00008471	106.27228546	System	PAC: svchost.exe -> M365Copilot.ex Access=101000	
00008472	106.27230072	System	PAC: svchost.exe -> M365Copilot.ex Access=1000	
00008473	106.27264404	System	PAC: svchost.exe -> svchost.exe Access=1000	
00008474	106.27265167	System	PAC: svchost.exe -> svchost.exe Access=40	
00008475	106.27475739	System	PAC: svchost.exe -> M365Copilot.ex Access=1000	
00008476	106.27712250	System	PAC: svchost.exe -> M365Copilot.ex Access=101000	
00008477	106.27716827	System	PAC: svchost.exe -> M365Copilot.ex Access=1000	
00008478	106.27738953	System	PAC: svchost.exe -> svchost.exe Access=1000	
00008479	106.27745056	System	PAC: svchost.exe -> svchost.exe Access=40	
00008480	106.28100586	System	PAC: svchost.exe -> M365Copilot.ex Access=101000	
00008481	106.28102112	System	PAC: svchost.exe -> M365Copilot.ex Access=1000	
00008482	106.28112793	System	PAC: svchost.exe -> svchost.exe Access=1000	
00008483	106.28113556	System	PAC: svchost.exe -> svchost.exe Access=40	
00008484	106.28270721	System	PAC: svchost.exe -> M365Copilot.ex Access=101000	
00008485	106.28272247	System	PAC: svchost.exe -> M365Copilot.ex Access=1000	
00008486	106.28289795	System	PAC: svchost.exe -> svchost.exe Access=1000	
00008487	106.28290558	System	PAC: svchost.exe -> svchost.exe Access=40	
00008488	106.30023956	System	PAC: svchost.exe -> M365Copilot.ex Access=1000	
00008489	106.30026245	System	PAC: svchost.exe -> M365Copilot.ex Access=101000	
00008490	106.30046082	System	PAC: svchost.exe -> M365Copilot.ex Access=1000	
00008491	106.31955719	System	PAC: svchost.exe -> svchost.exe Access=40	
00008492	106.31966400	System	PAC: svchost.exe -> svchost.exe Access=1000	
00008493	106.31966400	System	PAC: svchost.exe -> svchost.exe Access=40	
00008494	106.32898712	System	PAC: svchost.exe -> WmiPrvSE.exe Access=1000	
00008495	106.32900238	System	PAC: svchost.exe -> WmiPrvSE.exe Access=1000	
00008496	106.32907867	System	PAC: svchost.exe -> WmiPrvSE.exe Access=1000	
00008497	106.32911682	System	PAC: svchost.exe -> WmiPrvSE.exe Access=1000	
00008498	106.32946014	System	PAC: svchost.exe -> WmiPrvSE.exe Access=1000	
00008499	106.32984924	System	PAC: svchost.exe -> WmiPrvSE.exe Access=1000	
00008500	106.35787964	System	PAC: svchost.exe -> svchost.exe Access=40	
00008501	106.35797882	System	PAC: svchost.exe -> svchost.exe Access=1000	
00008502	106.35798645	System	PAC: svchost.exe -> svchost.exe Access=40	
00008503	106.49791718	4016	HandleCommandAsync unhandled function: sid	
00008504	106.57194519	System	8062968750 - STORMINI: StorAHCI - LPM: SystemIoBusNumber:0 Port:00 - IDLE	
00008505	106.58802032	System	PAC: svchost.exe -> WmiPrvSE.exe Access=1000	
00008506	106.58811951	System	PAC: svchost.exe -> WmiPrvSE.exe Access=1000	
00008507	106.58821106	System	PAC: svchost.exe -> WmiPrvSE.exe Access=1000	
00008508	106.58825684	System	PAC: svchost.exe -> WmiPrvSE.exe Access=1000	
00008509	106.58855438	System	PAC: svchost.exe -> WmiPrvSE.exe Access=1000	
00008510	106.58863068	System	PAC: svchost.exe -> WmiPrvSE.exe Access=1000	
00008511	106.60606384	System	8063281250 - STORMINI: StorAHCI - LPM: SystemIoBusNumber:0 Port:00 - ACTIVE	
00008512	106.60606384	System	8063281250 - STORMINI: StorAHCI - LPM: SystemIoBusNumber:0 Port:00 - Transit into Slumber from Partial - Canceled	
00008513	106.65834045	System	PAC: svchost.exe -> svchost.exe Access=1000	
00008514	106.65918732	System	PAC: svchost.exe -> svchost.exe Access=1000	
00008515	106.67704010	System	PAC: svchost.exe -> svchost.exe Access=1000	
00008516	106.67763519	System	PAC: svchost.exe -> svchost.exe Access=1000	
00008517	106.68221283	System	PAC: svchost.exe -> svchost.exe Access=1000	
00008518	106.68309784	System	PAC: svchost.exe -> svchost.exe Access=1000	
00008519	106.68675995	System	PAC: svchost.exe -> svchost.exe Access=1000	
00008520	106.68721771	System	PAC: svchost.exe -> svchost.exe Access=1000	
00008521	106.68955231	System	PAC: svchost.exe -> svchost.exe Access=1000	
00008522	106.68994141	System	PAC: svchost.exe -> svchost.exe Access=1000	
00008523	106.69841766	System	PAC: svchost.exe -> svchost.exe Access=1000	
00008524	106.69896698	System	PAC: svchost.exe -> svchost.exe Access=1000	
00008525	106.70232391	System	PAC: svchost.exe -> svchost.exe Access=1000	
00008526	106.70297241	System	PAC: svchost.exe -> svchost.exe Access=1000	
00008527	106.70587158	System	PAC: svchost.exe -> svchost.exe Access=1000	
00008528	106.70652771	System	PAC: svchost.exe -> svchost.exe Access=1000	
00008529	106.71680450	System	PAC: svchost.exe -> svchost.exe Access=1000	
00008530	106.71738434	System	PAC: svchost.exe -> svchost.exe Access=1000	
00008531	106.72055054	System	PAC: svchost.exe -> svchost.exe Access=1000	
00008532	106.72100830	System	PAC: svchost.exe -> svchost.exe Access=1000	
00008533	106.72382355	System	PAC: svchost.exe -> svchost.exe Access=1000	
00008534	106.72457886	System	PAC: svchost.exe -> svchost.exe Access=1000	
00008535	106.72766876	4016	HandleCommandAsync unhandled function: cid	
00008536	106.73059845	System	PAC: svchost.exe -> svchost.exe Access=1000	
00008537	106.73101044	System	PAC: svchost.exe -> svchost.exe Access=1000	
00008538	106.73493958	System	PAC: svchost.exe -> svchost.exe Access=1000	
00008539	106.73581696	System	PAC: svchost.exe -> svchost.exe Access=1000	
00008540	106.74050903	System	PAC: svchost.exe -> svchost.exe Access=1000	
00008541	106.74126434	System	PAC: svchost.exe -> svchost.exe Access=1000	
00008542	106.74545288	System	PAC: svchost.exe -> svchost.exe Access=1000	
00008543	106.74594879	System	PAC: svchost.exe -> svchost.exe Access=1000	
00008544	106.84630585	System	PAC: svchost.exe -> svchost.exe Access=40	
00008545	106.84643555	System	PAC: svchost.exe -> svchost.exe Access=1000	
00008546	106.84643555	System	PAC: svchost.exe -> svchost.exe Access=40	
00008547	106.85200500	4016	HandleCommandAsync unhandled function: sid	
00008548	106.85239410	System	PAC: svchost.exe -> WmiPrvSE.exe Access=1000	
00008549	106.85241699	System	PAC: svchost.exe -> WmiPrvSE.exe Access=1000	
00008550	106.85249329	System	PAC: svchost.exe -> WmiPrvSE.exe Access=1000	
00008551	106.85253143	System	PAC: svchost.exe -> WmiPrvSE.exe Access=1000	
00008552	106.85259247	System	PAC: svchost.exe -> WmiPrvSE.exe Access=1000	
00008553	106.85264587	System	PAC: svchost.exe -> WmiPrvSE.exe Access=1000	
00008554	106.87134552	System	8065937500 - STORMINI: StorAHCI - LPM: Port 01 - Port Stopped	
00008555	106.87212372	System	PAC: svchost.exe -> svchost.exe Access=40	
00008556	106.87226105	System	PAC: svchost.exe -> svchost.exe Access=1000	
00008557	106.87226868	System	PAC: svchost.exe -> svchost.exe Access=40	
00008558	106.87229156	System	8065937500 - STORMINI: StorAHCI - LPM: Port 01 - Port Started	
00008559	106.92021942	System	PAC: VBoxService.ex -> winlogon.exe Access=1400	
00008560	106.92022705	System	PAC: VBoxService.ex -> lsass.exe Access=1400	
00008561	106.92023468	System	PAC: VBoxService.ex -> svchost.exe Access=1400	
00008562	106.92024231	System	PAC: VBoxService.ex -> fontdrvhost.ex Access=1400	
00008563	106.92024994	System	PAC: VBoxService.ex -> fontdrvhost.ex Access=1400	
00008564	106.92025757	System	PAC: VBoxService.ex -> svchost.exe Access=1400	
00008565	106.92025757	System	PAC: VBoxService.ex -> svchost.exe Access=1400	
00008566	106.92026520	System	PAC: VBoxService.ex -> dwm.exe Access=1400	
00008567	106.92026520	System	PAC: VBoxService.ex -> svchost.exe Access=1400	
00008568	106.92026520	System	PAC: VBoxService.ex -> svchost.exe Access=1400	
00008569	106.92027283	System	PAC: VBoxService.ex -> svchost.exe Access=1400	
00008570	106.92028046	System	PAC: VBoxService.ex -> svchost.exe Access=1400	
00008571	106.92028809	System	PAC: VBoxService.ex -> svchost.exe Access=1400	
00008572	106.92028809	System	PAC: VBoxService.ex -> svchost.exe Access=1400	
00008573	106.92029572	System	PAC: VBoxService.ex -> svchost.exe Access=1400	
00008574	106.92029572	System	PAC: VBoxService.ex -> svchost.exe Access=1400	
00008575	106.92030334	System	PAC: VBoxService.ex -> svchost.exe Access=1400	
00008576	106.92031097	System	PAC: VBoxService.ex -> svchost.exe Access=1400	
00008577	106.92031097	System	PAC: VBoxService.ex -> svchost.exe Access=1400	
00008578	106.92031097	System	PAC: VBoxService.ex -> svchost.exe Access=1400	
00008579	106.92031860	System	PAC: VBoxService.ex -> VBoxService.ex Access=1400	
00008580	106.92031860	System	PAC: VBoxService.ex -> svchost.exe Access=1400	
00008581	106.92032623	System	PAC: VBoxService.ex -> svchost.exe Access=1400	
00008582	106.92032623	System	PAC: VBoxService.ex -> svchost.exe Access=1400	
00008583	106.92033386	System	PAC: VBoxService.ex -> svchost.exe Access=1400	
00008584	106.92034149	System	PAC: VBoxService.ex -> svchost.exe Access=1400	
00008585	106.92034149	System	PAC: VBoxService.ex -> svchost.exe Access=1400	
00008586	106.92034912	System	PAC: VBoxService.ex -> svchost.exe Access=1400	
00008587	106.92034912	System	PAC: VBoxService.ex -> svchost.exe Access=1400	
00008588	106.92034912	System	PAC: VBoxService.ex -> svchost.exe Access=1400	
00008589	106.92035675	System	PAC: VBoxService.ex -> svchost.exe Access=1400	
00008590	106.92036438	System	PAC: VBoxService.ex -> svchost.exe Access=1400	
00008591	106.92037201	System	PAC: VBoxService.ex -> svchost.exe Access=1400	
00008592	106.92037201	System	PAC: VBoxService.ex -> svchost.exe Access=1400	
00008593	106.92037964	System	PAC: VBoxService.ex -> svchost.exe Access=1400	
00008594	106.92038727	System	PAC: VBoxService.ex -> svchost.exe Access=1400	
00008595	106.92038727	System	PAC: VBoxService.ex -> svchost.exe Access=1400	
00008596	106.92038727	System	PAC: VBoxService.ex -> spoolsv.exe Access=1400	
00008597	106.92038727	System	PAC: VBoxService.ex -> svchost.exe Access=1400	
00008598	106.92039490	System	PAC: VBoxService.ex -> svchost.exe Access=1400	
00008599	106.92040253	System	PAC: VBoxService.ex -> svchost.exe Access=1400	
00008600	106.92040253	System	PAC: VBoxService.ex -> svchost.exe Access=1400	
00008601	106.92041016	System	PAC: VBoxService.ex -> svchost.exe Access=1400	
00008602	106.92041779	System	PAC: VBoxService.ex -> svchost.exe Access=1400	
00008603	106.92041779	System	PAC: VBoxService.ex -> svchost.exe Access=1400	
00008604	106.92042542	System	PAC: VBoxService.ex -> svchost.exe Access=1400	
00008605	106.92042542	System	PAC: VBoxService.ex -> wallpaperservi Access=1400	
00008606	106.92043304	System	PAC: VBoxService.ex -> svchost.exe Access=1400	
00008607	106.92043304	System	PAC: VBoxService.ex -> svchost.exe Access=1400	
00008608	106.92044067	System	PAC: VBoxService.ex -> svchost.exe Access=1400	
00008609	106.92044830	System	PAC: VBoxService.ex -> svchost.exe Access=1400	
00008610	106.92044830	System	PAC: VBoxService.ex -> svchost.exe Access=1400	
00008611	106.92045593	System	PAC: VBoxService.ex -> svchost.exe Access=1400	
00008612	106.92046356	System	PAC: VBoxService.ex -> dllhost.exe Access=1400	
00008613	106.92046356	System	PAC: VBoxService.ex -> WmiPrvSE.exe Access=1400	
00008614	106.92046356	System	PAC: VBoxService.ex -> svchost.exe Access=1400	
00008615	106.92047119	System	PAC: VBoxService.ex -> sihost.exe Access=1400	
00008616	106.92047882	System	PAC: VBoxService.ex -> svchost.exe Access=1400	
00008617	106.92047882	System	PAC: VBoxService.ex -> svchost.exe Access=1400	
00008618	106.92048645	System	PAC: VBoxService.ex -> MicrosoftEdgeU Access=1400	
00008619	106.92049408	System	PAC: VBoxService.ex -> svchost.exe Access=1400	
00008620	106.92049408	System	PAC: VBoxService.ex -> svchost.exe Access=1400	
00008621	106.92050171	System	PAC: VBoxService.ex -> ctfmon.exe Access=1400	
00008622	106.92050171	System	PAC: VBoxService.ex -> taskhostw.exe Access=1400	
00008623	106.92050934	System	PAC: VBoxService.ex -> svchost.exe Access=1400	
00008624	106.92050934	System	PAC: VBoxService.ex -> explorer.exe Access=1400	
00008625	106.92050934	System	PAC: VBoxService.ex -> svchost.exe Access=1400	
00008626	106.92051697	System	PAC: VBoxService.ex -> svchost.exe Access=1400	
00008627	106.92052460	System	PAC: VBoxService.ex -> svchost.exe Access=1400	
00008628	106.92052460	System	PAC: VBoxService.ex -> svchost.exe Access=1400	
00008629	106.92053223	System	PAC: VBoxService.ex -> StartMenuExper Access=1400	
00008630	106.92053986	System	PAC: VBoxService.ex -> RuntimeBroker. Access=1400	
00008631	106.92053986	System	PAC: VBoxService.ex -> svchost.exe Access=1400	
00008632	106.92054749	System	PAC: VBoxService.ex -> SearchApp.exe Access=1400	
00008633	106.92054749	System	PAC: VBoxService.ex -> SearchIndexer. Access=1400	
00008634	106.92056274	System	PAC: VBoxService.ex -> RuntimeBroker. Access=1400	
00008635	106.92057037	System	PAC: VBoxService.ex -> svchost.exe Access=1400	
00008636	106.92057037	System	PAC: VBoxService.ex -> RuntimeBroker. Access=1400	
00008637	106.92057800	System	PAC: VBoxService.ex -> TextInputHost. Access=1400	
00008638	106.92058563	System	PAC: VBoxService.ex -> SecurityHealth Access=1400	
00008639	106.92058563	System	PAC: VBoxService.ex -> VBoxTray.exe Access=1400	
00008640	106.92058563	System	PAC: VBoxService.ex -> OneDrive.exe Access=1400	
00008641	106.92059326	System	PAC: VBoxService.ex -> svchost.exe Access=1400	
00008642	106.92059326	System	PAC: VBoxService.ex -> RuntimeBroker. Access=1400	
00008643	106.92060089	System	PAC: VBoxService.ex -> svchost.exe Access=1400	
00008644	106.92060089	System	PAC: VBoxService.ex -> dllhost.exe Access=1400	
00008645	106.92060852	System	PAC: VBoxService.ex -> audiodg.exe Access=1400	
00008646	106.92061615	System	PAC: VBoxService.ex -> cmd.exe Access=1400	
00008647	106.92061615	System	PAC: VBoxService.ex -> conhost.exe Access=1400	
00008648	106.92062378	System	PAC: VBoxService.ex -> svchost.exe Access=1400	
00008649	106.92062378	System	PAC: VBoxService.ex -> svchost.exe Access=1400	
00008650	106.92063141	System	PAC: VBoxService.ex -> svchost.exe Access=1400	
00008651	106.92063141	System	PAC: VBoxService.ex -> backgroundTask Access=1400	
00008652	106.92063904	System	PAC: VBoxService.ex -> PhoneExperienc Access=1400	
00008653	106.92063904	System	PAC: VBoxService.ex -> FangameTale.ex Access=1400	
00008654	106.92064667	System	PAC: VBoxService.ex -> rundll32.exe Access=1400	
00008655	106.92065430	System	PAC: VBoxService.ex -> UserOOBEBroker Access=1400	
00008656	106.92065430	System	PAC: VBoxService.ex -> smartscreen.ex Access=1400	
00008657	106.92066193	System	PAC: VBoxService.ex -> Dbgview.exe Access=1400	
00008658	106.92066193	System	PAC: VBoxService.ex -> FangameTale.ex Access=1400	
00008659	106.92066193	System	PAC: VBoxService.ex -> FangameTale-Wi Access=1400	
00008660	106.92066956	System	PAC: VBoxService.ex -> EpicWebHelper. Access=1400	
00008661	106.92066956	System	PAC: VBoxService.ex -> EpicWebHelper. Access=1400	
00008662	106.92067719	System	PAC: VBoxService.ex -> M365Copilot.ex Access=1400	
00008663	106.92067719	System	PAC: VBoxService.ex -> msedgewebview2 Access=1400	
00008664	106.92068481	System	PAC: VBoxService.ex -> msedgewebview2 Access=1400	
00008665	106.92069244	System	PAC: VBoxService.ex -> msedgewebview2 Access=1400	
00008666	106.92069244	System	PAC: VBoxService.ex -> msedgewebview2 Access=1400	
00008667	106.92070007	System	PAC: VBoxService.ex -> msedgewebview2 Access=1400	
00008668	106.92070770	System	PAC: VBoxService.ex -> msedgewebview2 Access=1400	
00008669	106.92107391	System	PAC: svchost.exe -> VBoxService.ex Access=1000	
00008670	106.92152405	System	PAC: svchost.exe -> VBoxService.ex Access=1000	
00008671	107.01731110	4016	HandleCommandAsync unhandled function: cid	
00008672	107.01978302	System	PAC: svchost.exe -> WmiPrvSE.exe Access=1000	
00008673	107.01980591	System	PAC: svchost.exe -> WmiPrvSE.exe Access=1000	
00008674	107.01988220	System	PAC: svchost.exe -> WmiPrvSE.exe Access=1000	
00008675	107.01992035	System	PAC: svchost.exe -> WmiPrvSE.exe Access=1000	
00008676	107.01997375	System	PAC: svchost.exe -> WmiPrvSE.exe Access=1000	
00008677	107.02011871	System	PAC: svchost.exe -> WmiPrvSE.exe Access=1000	
00008678	107.06827545	System	PAC: svchost.exe -> svchost.exe Access=1000	
00008679	107.06944275	System	PAC: svchost.exe -> svchost.exe Access=1000	
00008680	107.08354187	System	PAC: svchost.exe -> svchost.exe Access=1000	
00008681	107.08406067	System	PAC: svchost.exe -> svchost.exe Access=1000	
00008682	107.08828735	System	PAC: svchost.exe -> svchost.exe Access=1000	
00008683	107.08901215	System	PAC: svchost.exe -> svchost.exe Access=1000	
00008684	107.09226227	System	PAC: svchost.exe -> svchost.exe Access=1000	
00008685	107.09278107	System	PAC: svchost.exe -> svchost.exe Access=1000	
00008686	107.09549713	System	PAC: svchost.exe -> svchost.exe Access=1000	
00008687	107.09605408	System	PAC: svchost.exe -> svchost.exe Access=1000	
00008688	107.10137939	System	PAC: svchost.exe -> svchost.exe Access=1000	
00008689	107.10194397	System	PAC: svchost.exe -> svchost.exe Access=1000	
00008690	107.10537720	System	PAC: svchost.exe -> svchost.exe Access=1000	
00008691	107.10643768	System	PAC: svchost.exe -> svchost.exe Access=1000	
00008692	107.10784912	System	PAC: svchost.exe -> VBoxService.ex Access=1000	
00008693	107.10787964	System	PAC: svchost.exe -> VBoxService.ex Access=1000	
00008694	107.10797119	System	PAC: svchost.exe -> VBoxService.ex Access=1000	
00008695	107.11044312	System	PAC: svchost.exe -> svchost.exe Access=1000	
00008696	107.11093903	System	PAC: svchost.exe -> svchost.exe Access=1000	
00008697	107.11602020	System	PAC: svchost.exe -> svchost.exe Access=1000	
00008698	107.11650848	System	PAC: svchost.exe -> svchost.exe Access=1000	
00008699	107.12055969	System	PAC: svchost.exe -> svchost.exe Access=1000	
00008700	107.12104797	System	PAC: svchost.exe -> svchost.exe Access=1000	
00008701	107.12320709	System	PAC: svchost.exe -> svchost.exe Access=1000	
00008702	107.12393188	System	PAC: svchost.exe -> svchost.exe Access=1000	
00008703	107.12837982	System	PAC: svchost.exe -> svchost.exe Access=1000	
00008704	107.12938690	System	PAC: svchost.exe -> svchost.exe Access=1000	
00008705	107.13346863	System	PAC: svchost.exe -> svchost.exe Access=1000	
00008706	107.13402557	System	PAC: svchost.exe -> svchost.exe Access=1000	
00008707	107.13932037	System	PAC: svchost.exe -> svchost.exe Access=1000	
00008708	107.14045715	System	PAC: svchost.exe -> svchost.exe Access=1000	
00008709	107.14426422	System	PAC: svchost.exe -> svchost.exe Access=1000	
00008710	107.14466858	System	PAC: svchost.exe -> svchost.exe Access=1000	
00008711	107.23633575	System	PAC: svchost.exe -> M365Copilot.ex Access=1040	
00008712	107.25632477	System	PAC: svchost.exe -> svchost.exe Access=40	
00008713	107.25643921	System	PAC: svchost.exe -> svchost.exe Access=1000	
00008714	107.25644684	System	PAC: svchost.exe -> svchost.exe Access=40	
00008715	107.26288605	System	PAC: svchost.exe -> WmiPrvSE.exe Access=1000	
00008716	107.26291656	System	PAC: svchost.exe -> WmiPrvSE.exe Access=1000	
00008717	107.26299286	System	PAC: svchost.exe -> WmiPrvSE.exe Access=1000	
00008718	107.26311493	System	PAC: svchost.exe -> WmiPrvSE.exe Access=1000	
00008719	107.26318359	System	PAC: svchost.exe -> WmiPrvSE.exe Access=1000	
00008720	107.26324463	System	PAC: svchost.exe -> WmiPrvSE.exe Access=1000	
00008721	107.27738953	System	PAC: svchost.exe -> svchost.exe Access=40	
00008722	107.27748871	System	PAC: svchost.exe -> svchost.exe Access=1000	
00008723	107.27749634	System	PAC: svchost.exe -> svchost.exe Access=40	
00008724	107.41552734	System	PAC: svchost.exe -> WmiPrvSE.exe Access=1000	
00008725	107.41562653	System	PAC: svchost.exe -> WmiPrvSE.exe Access=1000	
00008726	107.41570282	System	PAC: svchost.exe -> WmiPrvSE.exe Access=1000	
00008727	107.41574097	System	PAC: svchost.exe -> WmiPrvSE.exe Access=1000	
00008728	107.41580963	System	PAC: svchost.exe -> WmiPrvSE.exe Access=1000	
00008729	107.41585541	System	PAC: svchost.exe -> WmiPrvSE.exe Access=1000	
00008730	107.45915222	System	PAC: svchost.exe -> svchost.exe Access=1000	
00008731	107.45973969	System	PAC: svchost.exe -> svchost.exe Access=1000	
00008732	107.47283173	System	PAC: svchost.exe -> svchost.exe Access=1000	
00008733	107.47332001	System	PAC: svchost.exe -> svchost.exe Access=1000	
00008734	107.47747803	System	PAC: svchost.exe -> svchost.exe Access=1000	
00008735	107.47795105	System	PAC: svchost.exe -> svchost.exe Access=1000	
00008736	107.48389435	System	PAC: svchost.exe -> svchost.exe Access=1000	
00008737	107.48429871	System	PAC: svchost.exe -> svchost.exe Access=1000	
00008738	107.48773193	System	PAC: svchost.exe -> svchost.exe Access=1000	
00008739	107.48886108	System	PAC: svchost.exe -> svchost.exe Access=1000	
00008740	107.49287415	System	PAC: svchost.exe -> svchost.exe Access=1000	
00008741	107.49346924	System	PAC: svchost.exe -> svchost.exe Access=1000	
00008742	107.49715424	System	PAC: svchost.exe -> svchost.exe Access=1000	
00008743	107.49772644	System	PAC: svchost.exe -> svchost.exe Access=1000	
00008744	107.50121307	System	PAC: svchost.exe -> svchost.exe Access=1000	
00008745	107.50188446	System	PAC: svchost.exe -> svchost.exe Access=1000	
00008746	107.50611115	System	PAC: svchost.exe -> svchost.exe Access=1000	
00008747	107.50713348	System	PAC: svchost.exe -> svchost.exe Access=1000	
00008748	107.51010895	System	PAC: svchost.exe -> svchost.exe Access=1000	
00008749	107.51105499	System	PAC: svchost.exe -> svchost.exe Access=1000	
00008750	107.51427460	System	PAC: svchost.exe -> svchost.exe Access=1000	
00008751	107.51466370	System	PAC: svchost.exe -> svchost.exe Access=1000	
00008752	107.51925659	System	PAC: svchost.exe -> svchost.exe Access=1000	
00008753	107.51999664	System	PAC: svchost.exe -> svchost.exe Access=1000	
00008754	107.52294159	System	PAC: svchost.exe -> svchost.exe Access=1000	
00008755	107.52346802	System	PAC: svchost.exe -> svchost.exe Access=1000	
00008756	107.52828217	System	PAC: svchost.exe -> svchost.exe Access=1000	
00008757	107.52912903	System	PAC: svchost.exe -> svchost.exe Access=1000	
00008758	107.53387451	System	PAC: svchost.exe -> svchost.exe Access=1000	
00008759	107.53500366	System	PAC: svchost.exe -> svchost.exe Access=1000	
00008760	107.60777283	System	8073281250 - STORMINI: StorAHCI - LPM: SystemIoBusNumber:0 Port:00 - IDLE	
00008761	107.62223053	System	8073437500 - STORMINI: StorAHCI - LPM: SystemIoBusNumber:0 Port:00 - ACTIVE	
00008762	107.62223053	System	8073437500 - STORMINI: StorAHCI - LPM: SystemIoBusNumber:0 Port:00 - Transit into Slumber from Partial - Canceled	
00008763	107.62666321	System	PAC: svchost.exe -> svchost.exe Access=1000	
00008764	107.63060760	System	PAC: svchost.exe -> M365Copilot.ex Access=1040	
00008765	107.65969849	System	PAC: explorer.exe -> explorer.exe Access=2000	
00008766	107.65971375	System	PAC: explorer.exe -> TextInputHost. Access=2000	
00008767	107.65971375	System	PAC: explorer.exe -> SearchApp.exe Access=2000	
00008768	107.65971375	System	PAC: explorer.exe -> StartMenuExper Access=2000	
00008769	107.65972137	System	PAC: explorer.exe -> FangameTale-Wi Access=2000	
00008770	107.70094299	System	PAC: svchost.exe -> WmiPrvSE.exe Access=1000	
00008771	107.70096588	System	PAC: svchost.exe -> WmiPrvSE.exe Access=1000	
00008772	107.70114899	System	PAC: svchost.exe -> WmiPrvSE.exe Access=1000	
00008773	107.70126343	System	PAC: svchost.exe -> WmiPrvSE.exe Access=1000	
00008774	107.70141602	System	PAC: svchost.exe -> WmiPrvSE.exe Access=1000	
00008775	107.70147705	System	PAC: svchost.exe -> WmiPrvSE.exe Access=1000	
00008776	107.72042084	System	PAC: svchost.exe -> WmiPrvSE.exe Access=1000	
00008777	107.72045898	System	PAC: svchost.exe -> WmiPrvSE.exe Access=1000	
00008778	107.72060394	System	PAC: svchost.exe -> WmiPrvSE.exe Access=1000	
00008779	107.72064209	System	PAC: svchost.exe -> WmiPrvSE.exe Access=1000	
00008780	107.72071838	System	PAC: svchost.exe -> WmiPrvSE.exe Access=1000	
00008781	107.72077179	System	PAC: svchost.exe -> WmiPrvSE.exe Access=1000	
00008782	107.73886871	System	PAC: svchost.exe -> svchost.exe Access=1000	
00008783	107.73921204	System	PAC: svchost.exe -> svchost.exe Access=1000	
00008784	107.73935699	System	PAC: svchost.exe -> svchost.exe Access=1000	
00008785	107.75009155	System	PAC: svchost.exe -> WmiPrvSE.exe Access=1000	
00008786	107.75012970	System	PAC: svchost.exe -> WmiPrvSE.exe Access=1000	
00008787	107.75025940	System	PAC: svchost.exe -> WmiPrvSE.exe Access=1000	
00008788	107.75029755	System	PAC: svchost.exe -> WmiPrvSE.exe Access=1000	
00008789	107.75141144	System	PAC: svchost.exe -> WmiPrvSE.exe Access=1000	
00008790	107.75148773	System	PAC: svchost.exe -> WmiPrvSE.exe Access=1000	
00008791	107.76712036	System	PAC: svchost.exe -> WmiPrvSE.exe Access=1000	
00008792	107.76715851	System	PAC: svchost.exe -> WmiPrvSE.exe Access=1000	
00008793	107.76723480	System	PAC: svchost.exe -> WmiPrvSE.exe Access=1000	
00008794	107.76727295	System	PAC: svchost.exe -> WmiPrvSE.exe Access=1000	
00008795	107.76742554	System	PAC: svchost.exe -> WmiPrvSE.exe Access=1000	
00008796	107.76748657	System	PAC: svchost.exe -> WmiPrvSE.exe Access=1000	
00008797	107.87213898	System	8075937500 - STORMINI: StorAHCI - LPM: Port 01 - Port Stopped	
00008798	107.87272644	System	8075937500 - STORMINI: StorAHCI - LPM: Port 01 - Port Started	
00008799	107.95152283	System	PAC: svchost.exe -> WmiPrvSE.exe Access=1000	
00008800	107.95157623	System	PAC: svchost.exe -> WmiPrvSE.exe Access=1000	
00008801	107.95178223	System	PAC: svchost.exe -> WmiPrvSE.exe Access=1000	
00008802	107.95185852	System	PAC: svchost.exe -> WmiPrvSE.exe Access=1000	
00008803	107.95191956	System	PAC: svchost.exe -> WmiPrvSE.exe Access=1000	
00008804	107.95198822	System	PAC: svchost.exe -> WmiPrvSE.exe Access=1000	
00008805	108.02677917	System	PAC: svchost.exe -> WmiPrvSE.exe Access=1000	
00008806	108.02680206	System	PAC: svchost.exe -> WmiPrvSE.exe Access=1000	
00008807	108.02687836	System	PAC: svchost.exe -> WmiPrvSE.exe Access=1000	
00008808	108.02691650	System	PAC: svchost.exe -> WmiPrvSE.exe Access=1000	
00008809	108.02706909	System	PAC: svchost.exe -> WmiPrvSE.exe Access=1000	
00008810	108.02721405	System	PAC: svchost.exe -> WmiPrvSE.exe Access=1000	
00008811	108.04319000	System	PAC: svchost.exe -> WmiPrvSE.exe Access=1000	
00008812	108.04321289	System	PAC: svchost.exe -> WmiPrvSE.exe Access=1000	
00008813	108.04335022	System	PAC: svchost.exe -> WmiPrvSE.exe Access=1000	
00008814	108.04347229	System	PAC: svchost.exe -> WmiPrvSE.exe Access=1000	
00008815	108.04354858	System	PAC: svchost.exe -> WmiPrvSE.exe Access=1000	
00008816	108.04359436	System	PAC: svchost.exe -> WmiPrvSE.exe Access=1000	
00008817	108.09167480	System	PAC: svchost.exe -> WmiPrvSE.exe Access=1000	
00008818	108.09169769	System	PAC: svchost.exe -> WmiPrvSE.exe Access=1000	
00008819	108.09176636	System	PAC: svchost.exe -> WmiPrvSE.exe Access=1000	
00008820	108.09180450	System	PAC: svchost.exe -> WmiPrvSE.exe Access=1000	
00008821	108.09186554	System	PAC: svchost.exe -> WmiPrvSE.exe Access=1000	
00008822	108.09191895	System	PAC: svchost.exe -> WmiPrvSE.exe Access=1000	
00008823	108.10340881	System	PAC: svchost.exe -> WmiPrvSE.exe Access=1000	
00008824	108.10343933	System	PAC: svchost.exe -> WmiPrvSE.exe Access=1000	
00008825	108.10348511	System	PAC: svchost.exe -> WmiPrvSE.exe Access=1000	
00008826	108.10352325	System	PAC: svchost.exe -> WmiPrvSE.exe Access=1000	
00008827	108.10357666	System	PAC: svchost.exe -> WmiPrvSE.exe Access=1000	
00008828	108.10372925	System	PAC: svchost.exe -> WmiPrvSE.exe Access=1000	
00008829	108.11917114	System	PAC: svchost.exe -> WmiPrvSE.exe Access=1000	
00008830	108.11927032	System	PAC: svchost.exe -> WmiPrvSE.exe Access=1000	
00008831	108.11934662	System	PAC: svchost.exe -> WmiPrvSE.exe Access=1000	
00008832	108.11936951	System	PAC: svchost.exe -> WmiPrvSE.exe Access=1000	
00008833	108.11943817	System	PAC: svchost.exe -> WmiPrvSE.exe Access=1000	
00008834	108.11949158	System	PAC: svchost.exe -> WmiPrvSE.exe Access=1000	
00008835	108.12147522	System	PAC: svchost.exe -> VBoxService.ex Access=1000	
00008836	108.12149811	System	PAC: svchost.exe -> VBoxService.ex Access=1000	
00008837	108.12157440	System	PAC: svchost.exe -> VBoxService.ex Access=1000	
00008838	108.13483429	System	PAC: svchost.exe -> WmiPrvSE.exe Access=1000	
00008839	108.13485718	System	PAC: svchost.exe -> WmiPrvSE.exe Access=1000	
00008840	108.13500214	System	PAC: svchost.exe -> WmiPrvSE.exe Access=1000	
00008841	108.13504028	System	PAC: svchost.exe -> WmiPrvSE.exe Access=1000	
00008842	108.13509369	System	PAC: svchost.exe -> WmiPrvSE.exe Access=1000	
00008843	108.13515472	System	PAC: svchost.exe -> WmiPrvSE.exe Access=1000	
00008844	108.17655182	System	PAC: svchost.exe -> WmiPrvSE.exe Access=1000	
00008845	108.17657471	System	PAC: svchost.exe -> WmiPrvSE.exe Access=1000	
00008846	108.17665100	System	PAC: svchost.exe -> WmiPrvSE.exe Access=1000	
00008847	108.17676544	System	PAC: svchost.exe -> WmiPrvSE.exe Access=1000	
00008848	108.17684174	System	PAC: svchost.exe -> WmiPrvSE.exe Access=1000	
00008849	108.17689514	System	PAC: svchost.exe -> WmiPrvSE.exe Access=1000	
00008850	108.25408936	System	PAC: svchost.exe -> WmiPrvSE.exe Access=1000	
00008851	108.25411987	System	PAC: svchost.exe -> WmiPrvSE.exe Access=1000	
00008852	108.25428772	System	PAC: svchost.exe -> WmiPrvSE.exe Access=1000	
00008853	108.25440216	System	PAC: svchost.exe -> WmiPrvSE.exe Access=1000	
00008854	108.25453949	System	PAC: svchost.exe -> WmiPrvSE.exe Access=1000	
00008855	108.25460815	System	PAC: svchost.exe -> WmiPrvSE.exe Access=1000	
00008856	108.27478027	System	PAC: svchost.exe -> WmiPrvSE.exe Access=1000	
00008857	108.27481842	System	PAC: svchost.exe -> WmiPrvSE.exe Access=1000	
00008858	108.27487946	System	PAC: svchost.exe -> WmiPrvSE.exe Access=1000	
00008859	108.27491760	System	PAC: svchost.exe -> WmiPrvSE.exe Access=1000	
00008860	108.27510834	System	PAC: svchost.exe -> WmiPrvSE.exe Access=1000	
00008861	108.27531433	System	PAC: svchost.exe -> WmiPrvSE.exe Access=1000	
00008862	108.28610229	System	PAC: svchost.exe -> explorer.exe Access=2000	
00008863	108.31533813	System	PAC: svchost.exe -> WmiPrvSE.exe Access=1000	
00008864	108.31536865	System	PAC: svchost.exe -> WmiPrvSE.exe Access=1000	
00008865	108.31571198	System	PAC: svchost.exe -> WmiPrvSE.exe Access=1000	
00008866	108.31576538	System	PAC: svchost.exe -> WmiPrvSE.exe Access=1000	
00008867	108.31582642	System	PAC: svchost.exe -> WmiPrvSE.exe Access=1000	
00008868	108.31587982	System	PAC: svchost.exe -> WmiPrvSE.exe Access=1000	
00008869	108.31835175	System	PAC: explorer.exe -> explorer.exe Access=1410	
00008870	108.31835938	System	PAC: explorer.exe -> explorer.exe Access=1000	
00008871	108.32164764	System	PAC: svchost.exe -> explorer.exe Access=2000	
00008872	108.33174896	System	PAC: svchost.exe -> WmiPrvSE.exe Access=1000	
00008873	108.33177948	System	PAC: svchost.exe -> WmiPrvSE.exe Access=1000	
00008874	108.33184052	System	PAC: svchost.exe -> WmiPrvSE.exe Access=1000	
00008875	108.33187866	System	PAC: svchost.exe -> WmiPrvSE.exe Access=1000	
00008876	108.33193207	System	PAC: svchost.exe -> WmiPrvSE.exe Access=1000	
00008877	108.33199310	System	PAC: svchost.exe -> WmiPrvSE.exe Access=1000	
00008878	108.33689880	System	PAC: ctfmon.exe -> explorer.exe Access=1000	
00008879	108.34787750	System	PAC: svchost.exe -> WmiPrvSE.exe Access=1000	
00008880	108.34790039	System	PAC: svchost.exe -> WmiPrvSE.exe Access=1000	
00008881	108.34795380	System	PAC: svchost.exe -> WmiPrvSE.exe Access=1000	
00008882	108.34799194	System	PAC: svchost.exe -> WmiPrvSE.exe Access=1000	
00008883	108.34804535	System	PAC: svchost.exe -> WmiPrvSE.exe Access=1000	
00008884	108.34810638	System	PAC: svchost.exe -> WmiPrvSE.exe Access=1000	
00008885	108.36559296	System	PAC: svchost.exe -> WmiPrvSE.exe Access=1000	
00008886	108.36572266	System	PAC: svchost.exe -> WmiPrvSE.exe Access=1000	
00008887	108.36581421	System	PAC: svchost.exe -> WmiPrvSE.exe Access=1000	
00008888	108.36585999	System	PAC: svchost.exe -> WmiPrvSE.exe Access=1000	
00008889	108.36602783	System	PAC: svchost.exe -> WmiPrvSE.exe Access=1000	
00008890	108.36611938	System	PAC: svchost.exe -> WmiPrvSE.exe Access=1000	
00008891	108.41152954	System	PAC: svchost.exe -> WmiPrvSE.exe Access=1000	
00008892	108.41156769	System	PAC: svchost.exe -> WmiPrvSE.exe Access=1000	
00008893	108.41181183	System	PAC: svchost.exe -> WmiPrvSE.exe Access=1000	
00008894	108.41191864	System	PAC: svchost.exe -> WmiPrvSE.exe Access=1000	
00008895	108.41199493	System	PAC: svchost.exe -> WmiPrvSE.exe Access=1000	
00008896	108.41213226	System	PAC: svchost.exe -> WmiPrvSE.exe Access=1000	
00008897	108.49035645	System	PAC: svchost.exe -> WmiPrvSE.exe Access=1000	
00008898	108.49045563	System	PAC: svchost.exe -> WmiPrvSE.exe Access=1000	
00008899	108.49069977	System	PAC: svchost.exe -> WmiPrvSE.exe Access=1000	
00008900	108.49075317	System	PAC: svchost.exe -> WmiPrvSE.exe Access=1000	
00008901	108.49085236	System	PAC: svchost.exe -> WmiPrvSE.exe Access=1000	
00008902	108.49092102	System	PAC: svchost.exe -> WmiPrvSE.exe Access=1000	
00008903	108.50557709	System	PAC: svchost.exe -> WmiPrvSE.exe Access=1000	
00008904	108.50559998	System	PAC: svchost.exe -> WmiPrvSE.exe Access=1000	
00008905	108.50566101	System	PAC: svchost.exe -> WmiPrvSE.exe Access=1000	
00008906	108.50569153	System	PAC: svchost.exe -> WmiPrvSE.exe Access=1000	
00008907	108.50575256	System	PAC: svchost.exe -> WmiPrvSE.exe Access=1000	
00008908	108.50590515	System	PAC: svchost.exe -> WmiPrvSE.exe Access=1000	
00008909	108.53137970	System	PAC: svchost.exe -> explorer.exe Access=2000	
00008910	108.55602264	System	PAC: explorer.exe -> explorer.exe Access=1000	
00008911	108.56318665	System	PAC: explorer.exe -> explorer.exe Access=1000	
00008912	108.57172394	System	PAC: explorer.exe -> explorer.exe Access=1000	
00008913	108.57663727	System	PAC: explorer.exe -> explorer.exe Access=1000	
00008914	108.58264160	System	PAC: explorer.exe -> explorer.exe Access=1000	
00008915	108.58795166	System	PAC: ctfmon.exe -> explorer.exe Access=1000	
00008916	108.59331512	System	PAC: explorer.exe -> Dbgview.exe Access=1000	
00008917	108.60114288	System	PAC: explorer.exe -> FangameTale-Wi Access=1000	
00008918	108.60646057	System	PAC: explorer.exe -> explorer.exe Access=1000	
00008919	108.60968018	System	PAC: svchost.exe -> WmiPrvSE.exe Access=1000	
00008920	108.60970306	System	PAC: svchost.exe -> WmiPrvSE.exe Access=1000	
00008921	108.60977936	System	PAC: svchost.exe -> WmiPrvSE.exe Access=1000	
00008922	108.60981750	System	PAC: svchost.exe -> WmiPrvSE.exe Access=1000	
00008923	108.61004639	System	PAC: svchost.exe -> WmiPrvSE.exe Access=1000	
00008924	108.61011505	System	PAC: svchost.exe -> WmiPrvSE.exe Access=1000	
00008925	108.61273956	System	PAC: explorer.exe -> cmd.exe Access=1000	
00008926	108.62483215	System	PAC: svchost.exe -> WmiPrvSE.exe Access=1000	
00008927	108.62485504	System	PAC: svchost.exe -> WmiPrvSE.exe Access=1000	
00008928	108.62500000	System	PAC: svchost.exe -> WmiPrvSE.exe Access=1000	
00008929	108.62503815	System	PAC: svchost.exe -> WmiPrvSE.exe Access=1000	
00008930	108.62509918	System	PAC: svchost.exe -> WmiPrvSE.exe Access=1000	
00008931	108.62557220	System	PAC: svchost.exe -> WmiPrvSE.exe Access=1000	
00008932	108.62600708	System	PAC: explorer.exe -> explorer.exe Access=1000	
00008933	108.63220215	System	8083593750 - STORMINI: StorAHCI - LPM: SystemIoBusNumber:0 Port:00 - IDLE	
00008934	108.63240814	System	8083593750 - STORMINI: StorAHCI - LPM: SystemIoBusNumber:0 Port:00 - ACTIVE	
00008935	108.63240814	System	8083593750 - STORMINI: StorAHCI - LPM: SystemIoBusNumber:0 Port:00 - Transit into Slumber from Partial - Canceled	
00008936	108.63786316	System	PAC: explorer.exe -> explorer.exe Access=1000	
00008937	108.64326477	System	PAC: explorer.exe -> explorer.exe Access=1000	
00008938	108.64382935	System	PAC: svchost.exe -> WmiPrvSE.exe Access=1000	
00008939	108.64385223	System	PAC: svchost.exe -> WmiPrvSE.exe Access=1000	
00008940	108.64391327	System	PAC: svchost.exe -> WmiPrvSE.exe Access=1000	
00008941	108.64394379	System	PAC: svchost.exe -> WmiPrvSE.exe Access=1000	
00008942	108.64400482	System	PAC: svchost.exe -> WmiPrvSE.exe Access=1000	
00008943	108.64405823	System	PAC: svchost.exe -> WmiPrvSE.exe Access=1000	
00008944	108.64824677	System	PAC: svchost.exe -> svchost.exe Access=1000	
00008945	108.64906311	System	PAC: svchost.exe -> svchost.exe Access=101000	
00008946	108.64929199	System	PAC: svchost.exe -> svchost.exe Access=101000	
00008947	108.64935303	System	PAC: svchost.exe -> svchost.exe Access=101000	
00008948	108.65136719	System	PAC: MsMpEng.exe -> AppHostRegistr Access=1000	
00008949	108.65146637	System	PAC: svchost.exe -> AppHostRegistr Access=1FFFFF	
00008950	108.65217590	System	PAC: csrss.exe -> AppHostRegistr Access=1FFFFF	
00008951	108.65428162	System	PAC: svchost.exe -> svchost.exe Access=1000	
00008952	108.65626526	System	PAC: csrss.exe -> AppHostRegistr Access=1FFFFF	
00008953	108.65999603	System	PAC: explorer.exe -> explorer.exe Access=1000	
00008954	108.66233826	System	PAC: svchost.exe -> WmiPrvSE.exe Access=1000	
00008955	108.66236115	System	PAC: svchost.exe -> WmiPrvSE.exe Access=1000	
00008956	108.66242218	System	PAC: svchost.exe -> WmiPrvSE.exe Access=1000	
00008957	108.66245270	System	PAC: svchost.exe -> WmiPrvSE.exe Access=1000	
00008958	108.66251373	System	PAC: svchost.exe -> WmiPrvSE.exe Access=1000	
00008959	108.66256714	System	PAC: svchost.exe -> WmiPrvSE.exe Access=1000	
00008960	108.67669678	System	PAC: explorer.exe -> explorer.exe Access=2000	
00008961	108.69282532	System	PAC: svchost.exe -> AppHostRegistr Access=1000	
00008962	108.69284058	System	PAC: svchost.exe -> AppHostRegistr Access=100000	
00008963	108.69403076	System	PAC: explorer.exe -> explorer.exe Access=2000	
00008964	108.69403076	System	PAC: explorer.exe -> TextInputHost. Access=2000	
00008965	108.69403839	System	PAC: explorer.exe -> SearchApp.exe Access=2000	
00008966	108.69403839	System	PAC: explorer.exe -> StartMenuExper Access=2000	
00008967	108.69403839	System	PAC: explorer.exe -> FangameTale-Wi Access=2000	
00008968	108.69832611	System	PAC: svchost.exe -> AppHostRegistr Access=1000	
00008969	108.70407867	System	PAC: svchost.exe -> AppHostRegistr Access=1000	
00008970	108.70803070	System	PAC: svchost.exe -> WmiPrvSE.exe Access=1000	
00008971	108.70806885	System	PAC: svchost.exe -> WmiPrvSE.exe Access=1000	
00008972	108.70816040	System	PAC: svchost.exe -> WmiPrvSE.exe Access=1000	
00008973	108.70819855	System	PAC: svchost.exe -> WmiPrvSE.exe Access=1000	
00008974	108.70825958	System	PAC: svchost.exe -> WmiPrvSE.exe Access=1000	
00008975	108.70831299	System	PAC: svchost.exe -> WmiPrvSE.exe Access=1000	
00008976	108.71179199	System	PAC: svchost.exe -> AppHostRegistr Access=1000	
00008977	108.71184540	System	PAC: svchost.exe -> svchost.exe Access=1000	
00008978	108.71398163	System	PAC: MsMpEng.exe -> AppHostRegistr Access=1000	
00008979	108.71407318	System	PAC: svchost.exe -> AppHostRegistr Access=1FFFFF	
00008980	108.71427917	System	PAC: csrss.exe -> AppHostRegistr Access=1FFFFF	
00008981	108.71731567	System	PAC: csrss.exe -> AppHostRegistr Access=1FFFFF	
00008982	108.73679352	System	PAC: svchost.exe -> AppHostRegistr Access=1000	
00008983	108.73680878	System	PAC: svchost.exe -> AppHostRegistr Access=100000	
00008984	108.74268341	System	PAC: svchost.exe -> AppHostRegistr Access=1000	
00008985	108.75095367	System	PAC: svchost.exe -> AppHostRegistr Access=1000	
00008986	108.75655365	System	PAC: svchost.exe -> AppHostRegistr Access=1000	
00008987	108.78543091	System	PAC: svchost.exe -> WmiPrvSE.exe Access=1000	
00008988	108.78546143	System	PAC: svchost.exe -> WmiPrvSE.exe Access=1000	
00008989	108.78561401	System	PAC: svchost.exe -> WmiPrvSE.exe Access=1000	
00008990	108.78566742	System	PAC: svchost.exe -> WmiPrvSE.exe Access=1000	
00008991	108.78572845	System	PAC: svchost.exe -> WmiPrvSE.exe Access=1000	
00008992	108.78578186	System	PAC: svchost.exe -> WmiPrvSE.exe Access=1000	
00008993	108.80397797	System	PAC: svchost.exe -> WmiPrvSE.exe Access=1000	
00008994	108.80400848	System	PAC: svchost.exe -> WmiPrvSE.exe Access=1000	
00008995	108.80406952	System	PAC: svchost.exe -> WmiPrvSE.exe Access=1000	
00008996	108.80410767	System	PAC: svchost.exe -> WmiPrvSE.exe Access=1000	
00008997	108.80416107	System	PAC: svchost.exe -> WmiPrvSE.exe Access=1000	
00008998	108.80421448	System	PAC: svchost.exe -> WmiPrvSE.exe Access=1000	
00008999	108.84040833	System	PAC: msedgewebview2 -> msedgewebview2 Access=1FFFFF	
00009000	108.84042358	System	PAC: msedgewebview2 -> msedgewebview2 Access=1FFFFF	
00009001	108.84042358	System	PAC: msedgewebview2 -> msedgewebview2 Access=1FFFFF	
00009002	108.84042358	System	PAC: msedgewebview2 -> msedgewebview2 Access=1FFFFF	
00009003	108.84043884	System	PAC: msedgewebview2 -> msedgewebview2 Access=1FFFFF	
00009004	108.84043884	System	PAC: msedgewebview2 -> msedgewebview2 Access=1FFFFF	
00009005	108.84043884	System	PAC: msedgewebview2 -> msedgewebview2 Access=1FFFFF	
00009006	108.84043884	System	PAC: msedgewebview2 -> msedgewebview2 Access=1FFFFF	
00009007	108.84044647	System	PAC: msedgewebview2 -> msedgewebview2 Access=1FFFFF	
00009008	108.84044647	System	PAC: msedgewebview2 -> msedgewebview2 Access=1FFFFF	
00009009	108.84044647	System	PAC: msedgewebview2 -> msedgewebview2 Access=1FFFFF	
00009010	108.84044647	System	PAC: msedgewebview2 -> msedgewebview2 Access=1FFFFF	
00009011	108.84046173	System	PAC: msedgewebview2 -> msedgewebview2 Access=1FFFFF	
00009012	108.84046173	System	PAC: msedgewebview2 -> msedgewebview2 Access=1FFFFF	
00009013	108.84046173	System	PAC: msedgewebview2 -> msedgewebview2 Access=1FFFFF	
00009014	108.84047699	System	PAC: msedgewebview2 -> msedgewebview2 Access=1FFFFF	
00009015	108.84047699	System	PAC: msedgewebview2 -> msedgewebview2 Access=1FFFFF	
00009016	108.84047699	System	PAC: msedgewebview2 -> msedgewebview2 Access=1FFFFF	
00009017	108.84047699	System	PAC: msedgewebview2 -> msedgewebview2 Access=1FFFFF	
00009018	108.84048462	System	PAC: msedgewebview2 -> msedgewebview2 Access=1FFFFF	
00009019	108.84048462	System	PAC: msedgewebview2 -> msedgewebview2 Access=1FFFFF	
00009020	108.84399414	System	PAC: svchost.exe -> WmiPrvSE.exe Access=1000	
00009021	108.84401703	System	PAC: svchost.exe -> WmiPrvSE.exe Access=1000	
00009022	108.84409332	System	PAC: svchost.exe -> WmiPrvSE.exe Access=1000	
00009023	108.84413147	System	PAC: svchost.exe -> WmiPrvSE.exe Access=1000	
00009024	108.84418488	System	PAC: svchost.exe -> WmiPrvSE.exe Access=1000	
00009025	108.84423828	System	PAC: svchost.exe -> WmiPrvSE.exe Access=1000	
00009026	108.85572815	System	PAC: msedgewebview2 -> msedgewebview2 Access=1000	
00009027	108.85581970	System	PAC: msedgewebview2 -> msedgewebview2 Access=1000	
00009028	108.85581970	System	PAC: msedgewebview2 -> msedgewebview2 Access=1000	
00009029	108.85600281	System	PAC: msedgewebview2 -> msedgewebview2 Access=1000	
00009030	108.85617828	System	PAC: msedgewebview2 -> msedgewebview2 Access=1000	
00009031	108.85823822	System	PAC: svchost.exe -> WmiPrvSE.exe Access=1000	
00009032	108.85826874	System	PAC: svchost.exe -> WmiPrvSE.exe Access=1000	
00009033	108.85827637	System	PAC: msedgewebview2 -> msedgewebview2 Access=1410	
00009034	108.85832977	System	PAC: svchost.exe -> WmiPrvSE.exe Access=1000	
00009035	108.85836792	System	PAC: svchost.exe -> WmiPrvSE.exe Access=1000	
00009036	108.85842133	System	PAC: svchost.exe -> WmiPrvSE.exe Access=1000	
00009037	108.85846710	System	PAC: svchost.exe -> WmiPrvSE.exe Access=1000	
00009038	108.87673950	System	PAC: svchost.exe -> WmiPrvSE.exe Access=1000	
00009039	108.87683868	System	PAC: svchost.exe -> WmiPrvSE.exe Access=1000	
00009040	108.87689972	System	PAC: svchost.exe -> WmiPrvSE.exe Access=1000	
00009041	108.87693787	System	PAC: svchost.exe -> WmiPrvSE.exe Access=1000	
00009042	108.87699127	System	PAC: svchost.exe -> WmiPrvSE.exe Access=1000	
00009043	108.87704468	System	PAC: svchost.exe -> WmiPrvSE.exe Access=1000	
00009044	108.88486481	System	PAC: msedgewebview2 -> msedgewebview2 Access=1410	
00009045	108.88796234	System	8086093750 - STORMINI: StorAHCI - LPM: Port 01 - Port Stopped	
00009046	108.88856506	System	8086093750 - STORMINI: StorAHCI - LPM: Port 01 - Port Started	
00009047	108.89102173	System	PAC: msedgewebview2 -> M365Copilot.ex Access=1000	
00009048	108.89963531	System	PAC: svchost.exe -> WmiPrvSE.exe Access=1000	
00009049	108.89965057	System	PAC: svchost.exe -> WmiPrvSE.exe Access=1000	
00009050	108.89991760	System	PAC: svchost.exe -> WmiPrvSE.exe Access=1000	
00009051	108.90003204	System	PAC: svchost.exe -> WmiPrvSE.exe Access=1000	
00009052	108.90009308	System	PAC: svchost.exe -> WmiPrvSE.exe Access=1000	
00009053	108.90014648	System	PAC: svchost.exe -> WmiPrvSE.exe Access=1000	
00009054	108.90662384	System	PAC: svchost.exe -> msedgewebview2 Access=101000	
00009055	108.90730286	System	PAC: msedgewebview2 -> explorer.exe Access=40	
00009056	108.90735626	System	PAC: msedgewebview2 -> explorer.exe Access=40	
00009057	108.90747070	System	PAC: msedgewebview2 -> explorer.exe Access=40	
00009058	108.90749359	System	PAC: msedgewebview2 -> explorer.exe Access=40	
00009059	108.90750885	System	PAC: msedgewebview2 -> explorer.exe Access=40	
00009060	108.90760040	System	PAC: msedgewebview2 -> explorer.exe Access=40	
00009061	108.90777588	System	PAC: msedgewebview2 -> explorer.exe Access=40	
00009062	108.90862274	System	PAC: msedgewebview2 -> explorer.exe Access=40	
00009063	108.90896606	System	PAC: msedgewebview2 -> msedgewebview2 Access=1410	
00009064	108.90898895	System	PAC: msedgewebview2 -> msedgewebview2 Access=1410	
00009065	108.94332123	System	PAC: svchost.exe -> WmiPrvSE.exe Access=1000	
00009066	108.94343567	System	PAC: svchost.exe -> WmiPrvSE.exe Access=1000	
00009067	108.94352722	System	PAC: svchost.exe -> WmiPrvSE.exe Access=1000	
00009068	108.94356537	System	PAC: svchost.exe -> WmiPrvSE.exe Access=1000	
00009069	108.94362640	System	PAC: svchost.exe -> WmiPrvSE.exe Access=1000	
00009070	108.94367981	System	PAC: svchost.exe -> WmiPrvSE.exe Access=1000	
00009071	109.02008057	System	PAC: svchost.exe -> WmiPrvSE.exe Access=1000	
00009072	109.02011108	System	PAC: svchost.exe -> WmiPrvSE.exe Access=1000	
00009073	109.02018738	System	PAC: svchost.exe -> WmiPrvSE.exe Access=1000	
00009074	109.02022552	System	PAC: svchost.exe -> WmiPrvSE.exe Access=1000	
00009075	109.02046967	System	PAC: svchost.exe -> WmiPrvSE.exe Access=1000	
00009076	109.02054596	System	PAC: svchost.exe -> WmiPrvSE.exe Access=1000	
00009077	109.03720856	System	PAC: svchost.exe -> WmiPrvSE.exe Access=1000	
00009078	109.03723145	System	PAC: svchost.exe -> WmiPrvSE.exe Access=1000	
00009079	109.03741455	System	PAC: svchost.exe -> WmiPrvSE.exe Access=1000	
00009080	109.03746796	System	PAC: svchost.exe -> WmiPrvSE.exe Access=1000	
00009081	109.03765869	System	PAC: svchost.exe -> WmiPrvSE.exe Access=1000	
00009082	109.03796387	System	PAC: svchost.exe -> WmiPrvSE.exe Access=1000	
00009083	109.04540253	System	PAC: MsMpEng.exe -> svchost.exe Access=1000	
00009084	109.04542542	System	PAC: MsMpEng.exe -> svchost.exe Access=1000	
00009085	109.12370300	System	PAC: svchost.exe -> VBoxService.ex Access=1000	
00009086	109.12374878	System	PAC: svchost.exe -> VBoxService.ex Access=1000	
00009087	109.12386322	System	PAC: svchost.exe -> VBoxService.ex Access=1000	
00009088	109.18355560	System	PAC: svchost.exe -> SearchApp.exe Access=1000	
00009089	109.19754028	System	PAC: svchost.exe -> SearchApp.exe Access=1000	
00009090	109.20930481	System	PAC: svchost.exe -> SearchApp.exe Access=1000	
00009091	109.21034241	System	PAC: sihost.exe -> SearchApp.exe Access=101000	
00009092	109.21132660	System	PAC: svchost.exe -> SearchApp.exe Access=101000	
00009093	109.21331024	System	PAC: svchost.exe -> SearchApp.exe Access=1000	
00009094	109.21409607	System	PAC: svchost.exe -> SearchApp.exe Access=1000	
00009095	109.21442413	System	PAC: svchost.exe -> SearchApp.exe Access=1000	
00009096	109.21506500	System	PAC: svchost.exe -> SearchApp.exe Access=1000	
00009097	109.21521759	System	PAC: svchost.exe -> SearchApp.exe Access=1000	
00009098	109.21757507	System	PAC: svchost.exe -> SearchApp.exe Access=1000	
00009099	109.21874237	System	PAC: svchost.exe -> SearchApp.exe Access=1000	
00009100	109.23326874	System	PAC: svchost.exe -> svchost.exe Access=1000	
00009101	109.27887726	System	PAC: RuntimeBroker. -> SearchApp.exe Access=1000	
00009102	109.27891541	System	PAC: RuntimeBroker. -> SearchApp.exe Access=1000	
00009103	109.28738403	System	PAC: RuntimeBroker. -> SearchApp.exe Access=1000	
00009104	109.28739929	System	PAC: RuntimeBroker. -> SearchApp.exe Access=1000	
00009105	109.29305267	System	PAC: RuntimeBroker. -> SearchApp.exe Access=1000	
00009106	109.33639526	System	PAC: RuntimeBroker. -> SearchApp.exe Access=1000	
00009107	109.34444427	System	PAC: svchost.exe -> explorer.exe Access=1000	
00009108	109.34449768	System	PAC: svchost.exe -> svchost.exe Access=1000	
00009109	109.34452820	System	PAC: svchost.exe -> svchost.exe Access=1000	
00009110	109.34456635	System	PAC: svchost.exe -> RuntimeBroker. Access=1000	
00009111	109.34457397	System	PAC: svchost.exe -> explorer.exe Access=1000	
00009112	109.34738922	System	PAC: RuntimeBroker. -> SearchApp.exe Access=1000	
00009113	109.35119629	System	PAC: RuntimeBroker. -> SearchApp.exe Access=1000	
00009114	109.35131836	System	PAC: RuntimeBroker. -> SearchApp.exe Access=1000	
00009115	109.35173035	System	PAC: RuntimeBroker. -> SearchApp.exe Access=1000	
00009116	109.35178375	System	PAC: RuntimeBroker. -> SearchApp.exe Access=1000	
00009117	109.35227203	System	PAC: svchost.exe -> WmiPrvSE.exe Access=1000	
00009118	109.35229492	System	PAC: svchost.exe -> WmiPrvSE.exe Access=1000	
00009119	109.35261536	System	PAC: svchost.exe -> WmiPrvSE.exe Access=1000	
00009120	109.35265350	System	PAC: svchost.exe -> WmiPrvSE.exe Access=1000	
00009121	109.35274506	System	PAC: svchost.exe -> WmiPrvSE.exe Access=1000	
00009122	109.35293579	System	PAC: svchost.exe -> WmiPrvSE.exe Access=1000	
00009123	109.35390472	System	PAC: RuntimeBroker. -> SearchApp.exe Access=1000	
00009124	109.35395813	System	PAC: RuntimeBroker. -> SearchApp.exe Access=1000	
00009125	109.35722351	System	PAC: RuntimeBroker. -> SearchApp.exe Access=1000	
00009126	109.35728455	System	PAC: RuntimeBroker. -> SearchApp.exe Access=1000	
00009127	109.35910034	System	PAC: RuntimeBroker. -> SearchApp.exe Access=1000	
00009128	109.35915375	System	PAC: RuntimeBroker. -> SearchApp.exe Access=1000	
00009129	109.36125183	System	PAC: RuntimeBroker. -> SearchApp.exe Access=1000	
00009130	109.36130524	System	PAC: RuntimeBroker. -> SearchApp.exe Access=1000	
00009131	109.36196136	System	PAC: RuntimeBroker. -> SearchApp.exe Access=1000	
00009132	109.36212158	System	PAC: RuntimeBroker. -> SearchApp.exe Access=1000	
00009133	109.36445618	System	PAC: RuntimeBroker. -> SearchApp.exe Access=1000	
00009134	109.36458588	System	PAC: RuntimeBroker. -> SearchApp.exe Access=1000	
00009135	109.36643982	System	PAC: RuntimeBroker. -> SearchApp.exe Access=1000	
00009136	109.36649323	System	PAC: RuntimeBroker. -> SearchApp.exe Access=1000	
00009137	109.36867523	System	PAC: svchost.exe -> WmiPrvSE.exe Access=1000	
00009138	109.36869049	System	PAC: svchost.exe -> WmiPrvSE.exe Access=1000	
00009139	109.36875153	System	PAC: svchost.exe -> WmiPrvSE.exe Access=1000	
00009140	109.36887360	System	PAC: svchost.exe -> WmiPrvSE.exe Access=1000	
00009141	109.36894989	System	PAC: svchost.exe -> WmiPrvSE.exe Access=1000	
00009142	109.36894989	System	PAC: RuntimeBroker. -> SearchApp.exe Access=1000	
00009143	109.36899567	System	PAC: RuntimeBroker. -> SearchApp.exe Access=1000	
00009144	109.36899567	System	PAC: svchost.exe -> WmiPrvSE.exe Access=1000	
00009145	109.37016296	System	PAC: RuntimeBroker. -> SearchApp.exe Access=1000	
00009146	109.37020111	System	PAC: RuntimeBroker. -> SearchApp.exe Access=1000	
00009147	109.37082672	System	PAC: RuntimeBroker. -> SearchApp.exe Access=1000	
00009148	109.37088013	System	PAC: RuntimeBroker. -> SearchApp.exe Access=1000	
00009149	109.37169647	System	PAC: RuntimeBroker. -> SearchApp.exe Access=1000	
00009150	109.37173462	System	PAC: RuntimeBroker. -> SearchApp.exe Access=1000	
00009151	109.37229919	System	PAC: RuntimeBroker. -> SearchApp.exe Access=1000	
00009152	109.37233734	System	PAC: RuntimeBroker. -> SearchApp.exe Access=1000	
00009153	109.37310791	System	PAC: RuntimeBroker. -> SearchApp.exe Access=1000	
00009154	109.37316132	System	PAC: RuntimeBroker. -> SearchApp.exe Access=1000	
00009155	109.37396240	System	PAC: RuntimeBroker. -> SearchApp.exe Access=1000	
00009156	109.37401581	System	PAC: RuntimeBroker. -> SearchApp.exe Access=1000	
00009157	109.37635803	System	PAC: RuntimeBroker. -> SearchApp.exe Access=1000	
00009158	109.37660217	System	PAC: RuntimeBroker. -> SearchApp.exe Access=1000	
00009159	109.37734222	System	PAC: RuntimeBroker. -> SearchApp.exe Access=1000	
00009160	109.37739563	System	PAC: RuntimeBroker. -> SearchApp.exe Access=1000	
00009161	109.37900543	System	PAC: RuntimeBroker. -> SearchApp.exe Access=1000	
00009162	109.37913513	System	PAC: RuntimeBroker. -> SearchApp.exe Access=1000	
00009163	109.39605713	System	PAC: RuntimeBroker. -> SearchApp.exe Access=1000	
00009164	109.39611053	System	PAC: RuntimeBroker. -> SearchApp.exe Access=1000	
00009165	109.39671326	System	PAC: svchost.exe -> WmiPrvSE.exe Access=1000	
00009166	109.39673615	System	PAC: svchost.exe -> WmiPrvSE.exe Access=1000	
00009167	109.39677429	System	PAC: RuntimeBroker. -> SearchApp.exe Access=1000	
00009168	109.39688873	System	PAC: svchost.exe -> WmiPrvSE.exe Access=1000	
00009169	109.39700317	System	PAC: RuntimeBroker. -> SearchApp.exe Access=1000	
00009170	109.39700317	System	PAC: svchost.exe -> WmiPrvSE.exe Access=1000	
00009171	109.39714813	System	PAC: svchost.exe -> WmiPrvSE.exe Access=1000	
00009172	109.39719391	System	PAC: svchost.exe -> WmiPrvSE.exe Access=1000	
00009173	109.40076447	System	PAC: RuntimeBroker. -> SearchApp.exe Access=1000	
00009174	109.40083313	System	PAC: RuntimeBroker. -> SearchApp.exe Access=1000	
00009175	109.40432739	System	PAC: RuntimeBroker. -> SearchApp.exe Access=1000	
00009176	109.40444183	System	PAC: RuntimeBroker. -> SearchApp.exe Access=1000	
00009177	109.41181183	System	PAC: RuntimeBroker. -> SearchApp.exe Access=1000	
00009178	109.41186523	System	PAC: RuntimeBroker. -> SearchApp.exe Access=1000	
00009179	109.41258240	System	PAC: RuntimeBroker. -> SearchApp.exe Access=1000	
00009180	109.41269684	System	PAC: RuntimeBroker. -> SearchApp.exe Access=1000	
00009181	109.41331482	System	PAC: RuntimeBroker. -> SearchApp.exe Access=1000	
00009182	109.41336060	System	PAC: RuntimeBroker. -> SearchApp.exe Access=1000	
00009183	109.41423035	System	PAC: RuntimeBroker. -> SearchApp.exe Access=1000	
00009184	109.41426849	System	PAC: RuntimeBroker. -> SearchApp.exe Access=1000	
00009185	109.41511536	System	PAC: RuntimeBroker. -> SearchApp.exe Access=1000	
00009186	109.41516876	System	PAC: RuntimeBroker. -> SearchApp.exe Access=1000	
00009187	109.41613770	System	PAC: RuntimeBroker. -> SearchApp.exe Access=1000	
00009188	109.41617584	System	PAC: RuntimeBroker. -> SearchApp.exe Access=1000	
00009189	109.41747284	System	PAC: RuntimeBroker. -> SearchApp.exe Access=1000	
00009190	109.41752625	System	PAC: RuntimeBroker. -> SearchApp.exe Access=1000	
00009191	109.41979218	System	PAC: RuntimeBroker. -> SearchApp.exe Access=1000	
00009192	109.41983795	System	PAC: RuntimeBroker. -> SearchApp.exe Access=1000	
00009193	109.42076111	System	PAC: RuntimeBroker. -> SearchApp.exe Access=1000	
00009194	109.42081451	System	PAC: RuntimeBroker. -> SearchApp.exe Access=1000	
00009195	109.42340851	System	PAC: RuntimeBroker. -> SearchApp.exe Access=1000	
00009196	109.42346191	System	PAC: RuntimeBroker. -> SearchApp.exe Access=1000	
00009197	109.43281555	System	PAC: RuntimeBroker. -> SearchApp.exe Access=1000	
00009198	109.43299866	System	PAC: RuntimeBroker. -> SearchApp.exe Access=1000	
00009199	109.43365479	System	PAC: RuntimeBroker. -> SearchApp.exe Access=1000	
00009200	109.43370056	System	PAC: RuntimeBroker. -> SearchApp.exe Access=1000	
00009201	109.43417358	System	PAC: RuntimeBroker. -> SearchApp.exe Access=1000	
00009202	109.43422699	System	PAC: RuntimeBroker. -> SearchApp.exe Access=1000	
00009203	109.43524170	System	PAC: RuntimeBroker. -> SearchApp.exe Access=1000	
00009204	109.43528748	System	PAC: RuntimeBroker. -> SearchApp.exe Access=1000	
00009205	109.43966675	System	PAC: RuntimeBroker. -> SearchApp.exe Access=1000	
00009206	109.43972778	System	PAC: RuntimeBroker. -> SearchApp.exe Access=1000	
00009207	109.44242859	System	PAC: RuntimeBroker. -> SearchApp.exe Access=1000	
00009208	109.44255066	System	PAC: RuntimeBroker. -> SearchApp.exe Access=1000	
00009209	109.44610596	System	PAC: RuntimeBroker. -> SearchApp.exe Access=1000	
00009210	109.44623566	System	PAC: RuntimeBroker. -> SearchApp.exe Access=1000	
00009211	109.44965363	System	PAC: RuntimeBroker. -> SearchApp.exe Access=1000	
00009212	109.44969177	System	PAC: RuntimeBroker. -> SearchApp.exe Access=1000	
00009213	109.45684814	System	PAC: RuntimeBroker. -> SearchApp.exe Access=1000	
00009214	109.45689392	System	PAC: RuntimeBroker. -> SearchApp.exe Access=1000	
00009215	109.45836639	System	PAC: RuntimeBroker. -> SearchApp.exe Access=1000	
00009216	109.45840454	System	PAC: RuntimeBroker. -> SearchApp.exe Access=1000	
00009217	109.46035004	System	PAC: RuntimeBroker. -> SearchApp.exe Access=1000	
00009218	109.46040344	System	PAC: RuntimeBroker. -> SearchApp.exe Access=1000	
00009219	109.46216583	System	PAC: RuntimeBroker. -> SearchApp.exe Access=1000	
00009220	109.46228790	System	PAC: RuntimeBroker. -> SearchApp.exe Access=1000	
00009221	109.46288300	System	PAC: svchost.exe -> svchost.exe Access=40	
00009222	109.46305084	System	PAC: svchost.exe -> svchost.exe Access=1000	
00009223	109.46305084	System	PAC: svchost.exe -> svchost.exe Access=40	
00009224	109.46463776	System	PAC: RuntimeBroker. -> SearchApp.exe Access=1000	
00009225	109.46469116	System	PAC: RuntimeBroker. -> SearchApp.exe Access=1000	
00009226	109.46672821	System	PAC: RuntimeBroker. -> SearchApp.exe Access=1000	
00009227	109.46676636	System	PAC: RuntimeBroker. -> SearchApp.exe Access=1000	
00009228	109.46761322	System	PAC: svchost.exe -> WmiPrvSE.exe Access=1000	
00009229	109.46765137	System	PAC: svchost.exe -> WmiPrvSE.exe Access=1000	
00009230	109.46772766	System	PAC: svchost.exe -> WmiPrvSE.exe Access=1000	
00009231	109.46776581	System	PAC: svchost.exe -> WmiPrvSE.exe Access=1000	
00009232	109.46782684	System	PAC: svchost.exe -> WmiPrvSE.exe Access=1000	
00009233	109.46782684	System	PAC: RuntimeBroker. -> SearchApp.exe Access=1000	
00009234	109.46788025	System	PAC: svchost.exe -> WmiPrvSE.exe Access=1000	
00009235	109.46788025	System	PAC: RuntimeBroker. -> SearchApp.exe Access=1000	
00009236	109.47039795	System	PAC: RuntimeBroker. -> SearchApp.exe Access=1000	
00009237	109.47092438	System	PAC: RuntimeBroker. -> SearchApp.exe Access=1000	
00009238	109.47248840	System	PAC: RuntimeBroker. -> SearchApp.exe Access=1000	
00009239	109.47252655	System	PAC: RuntimeBroker. -> SearchApp.exe Access=1000	
00009240	109.48304749	System	PAC: svchost.exe -> svchost.exe Access=40	
00009241	109.48314667	System	PAC: svchost.exe -> svchost.exe Access=1000	
00009242	109.48314667	System	PAC: svchost.exe -> svchost.exe Access=40	
00009243	109.49281311	System	PAC: RuntimeBroker. -> SearchApp.exe Access=1000	
00009244	109.49286652	System	PAC: RuntimeBroker. -> SearchApp.exe Access=1000	
00009245	109.49394226	System	PAC: RuntimeBroker. -> SearchApp.exe Access=1000	
00009246	109.49398804	System	PAC: RuntimeBroker. -> SearchApp.exe Access=1000	
00009247	109.49509430	System	PAC: RuntimeBroker. -> SearchApp.exe Access=1000	
00009248	109.49514008	System	PAC: RuntimeBroker. -> SearchApp.exe Access=1000	
00009249	109.49608612	System	PAC: RuntimeBroker. -> SearchApp.exe Access=1000	
00009250	109.49623108	System	PAC: RuntimeBroker. -> SearchApp.exe Access=1000	
00009251	109.49823761	System	PAC: RuntimeBroker. -> SearchApp.exe Access=1000	
00009252	109.49867249	System	PAC: RuntimeBroker. -> SearchApp.exe Access=1000	
00009253	109.50435638	System	PAC: RuntimeBroker. -> SearchApp.exe Access=1000	
00009254	109.50440979	System	PAC: RuntimeBroker. -> SearchApp.exe Access=1000	
00009255	109.50595856	System	PAC: RuntimeBroker. -> SearchApp.exe Access=1000	
00009256	109.50625610	System	PAC: RuntimeBroker. -> SearchApp.exe Access=1000	
00009257	109.50708771	System	PAC: RuntimeBroker. -> SearchApp.exe Access=1000	
00009258	109.50741577	System	PAC: RuntimeBroker. -> SearchApp.exe Access=1000	
00009259	109.51115417	System	PAC: RuntimeBroker. -> SearchApp.exe Access=1000	
00009260	109.51120758	System	PAC: RuntimeBroker. -> SearchApp.exe Access=1000	
00009261	109.51409912	System	PAC: RuntimeBroker. -> SearchApp.exe Access=1000	
00009262	109.51415253	System	PAC: RuntimeBroker. -> SearchApp.exe Access=1000	
00009263	109.51581573	System	PAC: RuntimeBroker. -> SearchApp.exe Access=1000	
00009264	109.51585388	System	PAC: RuntimeBroker. -> SearchApp.exe Access=1000	
00009265	109.51719666	System	PAC: RuntimeBroker. -> SearchApp.exe Access=1000	
00009266	109.51731110	System	PAC: RuntimeBroker. -> SearchApp.exe Access=1000	
00009267	109.51808929	System	PAC: RuntimeBroker. -> SearchApp.exe Access=1000	
00009268	109.51814270	System	PAC: RuntimeBroker. -> SearchApp.exe Access=1000	
00009269	109.51972198	System	PAC: RuntimeBroker. -> SearchApp.exe Access=1000	
00009270	109.51976776	System	PAC: RuntimeBroker. -> SearchApp.exe Access=1000	
00009271	109.52069092	System	PAC: RuntimeBroker. -> SearchApp.exe Access=1000	
00009272	109.52097321	System	PAC: RuntimeBroker. -> SearchApp.exe Access=1000	
00009273	109.52185822	System	PAC: RuntimeBroker. -> SearchApp.exe Access=1000	
00009274	109.52190399	System	PAC: RuntimeBroker. -> SearchApp.exe Access=1000	
00009275	109.52730560	System	PAC: RuntimeBroker. -> SearchApp.exe Access=1000	
00009276	109.52734375	System	PAC: RuntimeBroker. -> SearchApp.exe Access=1000	
00009277	109.53047943	System	PAC: RuntimeBroker. -> SearchApp.exe Access=1000	
00009278	109.53054810	System	PAC: RuntimeBroker. -> SearchApp.exe Access=1000	
00009279	109.53487396	System	PAC: RuntimeBroker. -> SearchApp.exe Access=1000	
00009280	109.53497314	System	PAC: RuntimeBroker. -> SearchApp.exe Access=1000	
00009281	109.53697205	System	PAC: RuntimeBroker. -> SearchApp.exe Access=1000	
00009282	109.53703308	System	PAC: RuntimeBroker. -> SearchApp.exe Access=1000	
00009283	109.54250336	System	PAC: RuntimeBroker. -> SearchApp.exe Access=1000	
00009284	109.54254150	System	PAC: RuntimeBroker. -> SearchApp.exe Access=1000	
00009285	109.54352570	System	PAC: RuntimeBroker. -> SearchApp.exe Access=1000	
00009286	109.54356384	System	PAC: RuntimeBroker. -> SearchApp.exe Access=1000	
00009287	109.54516602	System	PAC: RuntimeBroker. -> SearchApp.exe Access=1000	
00009288	109.54522705	System	PAC: RuntimeBroker. -> SearchApp.exe Access=1000	
00009289	109.54788971	System	PAC: RuntimeBroker. -> SearchApp.exe Access=1000	
00009290	109.54826355	System	PAC: RuntimeBroker. -> SearchApp.exe Access=1000	
00009291	109.54937744	System	PAC: RuntimeBroker. -> SearchApp.exe Access=1000	
00009292	109.54941559	System	PAC: RuntimeBroker. -> SearchApp.exe Access=1000	
00009293	109.55024719	System	PAC: RuntimeBroker. -> SearchApp.exe Access=1000	
00009294	109.55030060	System	PAC: RuntimeBroker. -> SearchApp.exe Access=1000	
00009295	109.55143738	System	PAC: RuntimeBroker. -> SearchApp.exe Access=1000	
00009296	109.55204010	System	PAC: RuntimeBroker. -> SearchApp.exe Access=1000	
00009297	109.55304718	System	PAC: RuntimeBroker. -> SearchApp.exe Access=1000	
00009298	109.55310059	System	PAC: RuntimeBroker. -> SearchApp.exe Access=1000	
00009299	109.55782318	System	PAC: RuntimeBroker. -> SearchApp.exe Access=1000	
00009300	109.55787659	System	PAC: RuntimeBroker. -> SearchApp.exe Access=1000	
00009301	109.56281281	System	PAC: RuntimeBroker. -> SearchApp.exe Access=1000	
00009302	109.56286621	System	PAC: RuntimeBroker. -> SearchApp.exe Access=1000	
00009303	109.56479645	System	PAC: RuntimeBroker. -> SearchApp.exe Access=1000	
00009304	109.56484985	System	PAC: RuntimeBroker. -> SearchApp.exe Access=1000	
00009305	109.56568146	System	PAC: RuntimeBroker. -> SearchApp.exe Access=1000	
00009306	109.56578827	System	PAC: RuntimeBroker. -> SearchApp.exe Access=1000	
00009307	109.56809998	System	PAC: RuntimeBroker. -> SearchApp.exe Access=1000	
00009308	109.56816864	System	PAC: RuntimeBroker. -> SearchApp.exe Access=1000	
00009309	109.56879425	System	PAC: RuntimeBroker. -> SearchApp.exe Access=1000	
00009310	109.56884766	System	PAC: RuntimeBroker. -> SearchApp.exe Access=1000	
00009311	109.56951141	System	PAC: RuntimeBroker. -> SearchApp.exe Access=1000	
00009312	109.56956482	System	PAC: RuntimeBroker. -> SearchApp.exe Access=1000	
00009313	109.57048035	System	PAC: RuntimeBroker. -> SearchApp.exe Access=1000	
00009314	109.57053375	System	PAC: RuntimeBroker. -> SearchApp.exe Access=1000	
00009315	109.57119751	System	PAC: RuntimeBroker. -> SearchApp.exe Access=1000	
00009316	109.57123566	System	PAC: RuntimeBroker. -> SearchApp.exe Access=1000	
00009317	109.57183838	System	PAC: RuntimeBroker. -> SearchApp.exe Access=1000	
00009318	109.57189178	System	PAC: RuntimeBroker. -> SearchApp.exe Access=1000	
00009319	109.57250214	System	PAC: RuntimeBroker. -> SearchApp.exe Access=1000	
00009320	109.57255554	System	PAC: RuntimeBroker. -> SearchApp.exe Access=1000	
00009321	109.61599731	System	PAC: svchost.exe -> WmiPrvSE.exe Access=1000	
00009322	109.61602783	System	PAC: svchost.exe -> WmiPrvSE.exe Access=1000	
00009323	109.61610413	System	PAC: svchost.exe -> WmiPrvSE.exe Access=1000	
00009324	109.61614227	System	PAC: svchost.exe -> WmiPrvSE.exe Access=1000	
00009325	109.61620331	System	PAC: svchost.exe -> WmiPrvSE.exe Access=1000	
00009326	109.61633301	System	PAC: svchost.exe -> WmiPrvSE.exe Access=1000	
00009327	109.63911438	System	8093593750 - STORMINI: StorAHCI - LPM: SystemIoBusNumber:0 Port:00 - IDLE	
00009328	109.66018677	System	PAC: svchost.exe -> svchost.exe Access=1000	
00009329	109.66103363	System	PAC: svchost.exe -> svchost.exe Access=1000	
00009330	109.67552948	System	PAC: svchost.exe -> svchost.exe Access=1000	
00009331	109.67616272	System	PAC: svchost.exe -> svchost.exe Access=1000	
00009332	109.68037415	System	PAC: svchost.exe -> svchost.exe Access=1000	
00009333	109.68099976	System	PAC: svchost.exe -> svchost.exe Access=1000	
00009334	109.68593597	System	PAC: svchost.exe -> svchost.exe Access=1000	
00009335	109.68643951	System	PAC: svchost.exe -> svchost.exe Access=1000	
00009336	109.68855286	System	PAC: svchost.exe -> svchost.exe Access=1000	
00009337	109.68895721	System	PAC: svchost.exe -> svchost.exe Access=1000	
00009338	109.69557953	System	PAC: svchost.exe -> svchost.exe Access=1000	
00009339	109.69605255	System	PAC: svchost.exe -> svchost.exe Access=1000	
00009340	109.69921112	System	PAC: svchost.exe -> svchost.exe Access=1000	
00009341	109.70083618	System	PAC: svchost.exe -> svchost.exe Access=1000	
00009342	109.70457458	System	PAC: svchost.exe -> svchost.exe Access=1000	
00009343	109.70511627	System	PAC: svchost.exe -> svchost.exe Access=1000	
00009344	109.70909119	System	PAC: svchost.exe -> svchost.exe Access=1000	
00009345	109.70952606	System	PAC: svchost.exe -> svchost.exe Access=1000	
00009346	109.71401215	System	PAC: svchost.exe -> svchost.exe Access=1000	
00009347	109.71465302	System	PAC: svchost.exe -> svchost.exe Access=1000	
00009348	109.71707916	System	PAC: svchost.exe -> svchost.exe Access=1000	
00009349	109.71747589	System	PAC: svchost.exe -> svchost.exe Access=1000	
00009350	109.72124481	System	PAC: svchost.exe -> svchost.exe Access=1000	
00009351	109.72179413	System	PAC: svchost.exe -> svchost.exe Access=1000	
00009352	109.72617340	System	PAC: svchost.exe -> svchost.exe Access=1000	
00009353	109.72672272	System	PAC: svchost.exe -> svchost.exe Access=1000	
00009354	109.73177338	System	PAC: svchost.exe -> svchost.exe Access=1000	
00009355	109.73224640	System	PAC: svchost.exe -> svchost.exe Access=1000	
00009356	109.73770142	System	PAC: svchost.exe -> svchost.exe Access=1000	
00009357	109.73851013	System	PAC: svchost.exe -> svchost.exe Access=1000	
00009358	109.74032593	System	8094687500 - STORMINI: StorAHCI - LPM: SystemIoBusNumber:0 Port:00 - ACTIVE	
00009359	109.74034119	System	8094687500 - STORMINI: StorAHCI - LPM: SystemIoBusNumber:0 Port:00 - Transit into Slumber from Partial - Canceled	
00009360	109.74542236	System	PAC: lsass.exe -> SearchApp.exe Access=1000	
00009361	109.80393982	System	PAC: RuntimeBroker. -> SearchApp.exe Access=1000	
00009362	109.80786896	System	PAC: RuntimeBroker. -> SearchApp.exe Access=1000	
00009363	109.81135559	System	PAC: RuntimeBroker. -> SearchApp.exe Access=1000	
00009364	109.82466888	System	PAC: RuntimeBroker. -> SearchApp.exe Access=1000	
00009365	109.82812500	System	PAC: RuntimeBroker. -> SearchApp.exe Access=1000	
00009366	109.83100128	System	PAC: RuntimeBroker. -> SearchApp.exe Access=1000	
00009367	109.83100128	System	PAC: RuntimeBroker. -> SearchApp.exe Access=1000	
00009368	109.83101654	System	PAC: RuntimeBroker. -> SearchApp.exe Access=1000	
00009369	109.83317566	System	PAC: svchost.exe -> svchost.exe Access=1000	
00009370	109.83714294	System	PAC: svchost.exe -> M365Copilot.ex Access=1040	
00009371	109.88833618	System	8096093750 - STORMINI: StorAHCI - LPM: Port 01 - Port Stopped	
00009372	109.88964081	System	8096093750 - STORMINI: StorAHCI - LPM: Port 01 - Port Started	
00009373	109.90535736	System	PAC: RuntimeBroker. -> SearchApp.exe Access=1010	
00009374	109.90843201	System	PAC: svchost.exe -> WmiPrvSE.exe Access=1000	
00009375	109.90882874	System	PAC: svchost.exe -> WmiPrvSE.exe Access=1000	
00009376	109.90891266	System	PAC: svchost.exe -> WmiPrvSE.exe Access=1000	
00009377	109.90895081	System	PAC: svchost.exe -> WmiPrvSE.exe Access=1000	
00009378	109.90926361	System	PAC: svchost.exe -> WmiPrvSE.exe Access=1000	
00009379	109.90945435	System	PAC: svchost.exe -> WmiPrvSE.exe Access=1000	
00009380	109.91228485	System	PAC: RuntimeBroker. -> explorer.exe Access=40	
00009381	109.91234589	System	PAC: RuntimeBroker. -> explorer.exe Access=40	
00009382	109.91236877	System	PAC: RuntimeBroker. -> explorer.exe Access=40	
00009383	109.91238403	System	PAC: RuntimeBroker. -> explorer.exe Access=40	
00009384	109.91514587	System	PAC: RuntimeBroker. -> explorer.exe Access=40	
00009385	109.91519928	System	PAC: RuntimeBroker. -> explorer.exe Access=40	
00009386	109.91591644	System	PAC: RuntimeBroker. -> explorer.exe Access=40	
00009387	109.91597748	System	PAC: RuntimeBroker. -> explorer.exe Access=40	
00009388	109.91669464	System	PAC: RuntimeBroker. -> explorer.exe Access=40	
00009389	109.91674805	System	PAC: RuntimeBroker. -> explorer.exe Access=40	
00009390	109.91677094	System	PAC: RuntimeBroker. -> explorer.exe Access=40	
00009391	109.91680145	System	PAC: RuntimeBroker. -> explorer.exe Access=40	
00009392	109.92053986	System	PAC: RuntimeBroker. -> explorer.exe Access=40	
00009393	109.92057800	System	PAC: RuntimeBroker. -> explorer.exe Access=40	
00009394	109.92060089	System	PAC: RuntimeBroker. -> explorer.exe Access=40	
00009395	109.92062378	System	PAC: RuntimeBroker. -> explorer.exe Access=40	
00009396	109.92070770	System	PAC: RuntimeBroker. -> explorer.exe Access=40	
00009397	109.92070770	System	PAC: RuntimeBroker. -> explorer.exe Access=40	
00009398	109.92073059	System	PAC: RuntimeBroker. -> explorer.exe Access=40	
00009399	109.92074585	System	PAC: RuntimeBroker. -> explorer.exe Access=40	
00009400	109.92134094	System	PAC: RuntimeBroker. -> explorer.exe Access=40	
00009401	109.92137909	System	PAC: RuntimeBroker. -> explorer.exe Access=40	
00009402	109.92140961	System	PAC: RuntimeBroker. -> explorer.exe Access=40	
00009403	109.92143250	System	PAC: RuntimeBroker. -> explorer.exe Access=40	
00009404	109.92327881	System	PAC: RuntimeBroker. -> explorer.exe Access=40	
00009405	109.92331696	System	PAC: RuntimeBroker. -> explorer.exe Access=40	
00009406	109.92432404	System	PAC: RuntimeBroker. -> explorer.exe Access=40	
00009407	109.92462158	System	PAC: RuntimeBroker. -> explorer.exe Access=40	
00009408	109.92594147	System	PAC: RuntimeBroker. -> explorer.exe Access=40	
00009409	109.92594910	System	PAC: RuntimeBroker. -> explorer.exe Access=40	
00009410	109.92641449	System	PAC: RuntimeBroker. -> explorer.exe Access=40	
00009411	109.92658997	System	PAC: RuntimeBroker. -> explorer.exe Access=40	
00009412	109.92662811	System	PAC: RuntimeBroker. -> explorer.exe Access=40	
00009413	109.92662811	System	PAC: RuntimeBroker. -> explorer.exe Access=40	
00009414	109.92671967	System	PAC: RuntimeBroker. -> explorer.exe Access=40	
00009415	109.92674255	System	PAC: RuntimeBroker. -> explorer.exe Access=40	
00009416	109.92739868	System	PAC: svchost.exe -> WmiPrvSE.exe Access=1000	
00009417	109.92742157	System	PAC: svchost.exe -> WmiPrvSE.exe Access=1000	
00009418	109.92749023	System	PAC: svchost.exe -> WmiPrvSE.exe Access=1000	
00009419	109.92752838	System	PAC: svchost.exe -> WmiPrvSE.exe Access=1000	
00009420	109.92777252	System	PAC: svchost.exe -> WmiPrvSE.exe Access=1000	
00009421	109.92790985	System	PAC: svchost.exe -> WmiPrvSE.exe Access=1000	
00009422	109.92855072	System	PAC: RuntimeBroker. -> explorer.exe Access=40	
00009423	109.92862701	System	PAC: RuntimeBroker. -> explorer.exe Access=40	
00009424	109.92893219	System	PAC: RuntimeBroker. -> explorer.exe Access=40	
00009425	109.92897034	System	PAC: RuntimeBroker. -> explorer.exe Access=40	
00009426	109.92907715	System	PAC: RuntimeBroker. -> explorer.exe Access=40	
00009427	109.92908478	System	PAC: RuntimeBroker. -> explorer.exe Access=40	
00009428	109.92911530	System	PAC: RuntimeBroker. -> explorer.exe Access=40	
00009429	109.92919159	System	PAC: RuntimeBroker. -> explorer.exe Access=40	
00009430	109.92987823	System	PAC: RuntimeBroker. -> explorer.exe Access=40	
00009431	109.92996216	System	PAC: RuntimeBroker. -> explorer.exe Access=40	
00009432	109.92998505	System	PAC: RuntimeBroker. -> explorer.exe Access=40	
00009433	109.93002319	System	PAC: RuntimeBroker. -> explorer.exe Access=40	
00009434	109.93007660	System	PAC: RuntimeBroker. -> explorer.exe Access=40	
00009435	109.93008423	System	PAC: RuntimeBroker. -> explorer.exe Access=40	
00009436	109.93009949	System	PAC: RuntimeBroker. -> explorer.exe Access=40	
00009437	109.93012238	System	PAC: RuntimeBroker. -> explorer.exe Access=40	
00009438	109.93075562	System	PAC: RuntimeBroker. -> explorer.exe Access=40	
00009439	109.93079376	System	PAC: RuntimeBroker. -> explorer.exe Access=40	
00009440	109.93081665	System	PAC: RuntimeBroker. -> explorer.exe Access=40	
00009441	109.93090820	System	PAC: RuntimeBroker. -> explorer.exe Access=40	
00009442	109.93096924	System	PAC: RuntimeBroker. -> explorer.exe Access=40	
00009443	109.93096924	System	PAC: RuntimeBroker. -> explorer.exe Access=40	
00009444	109.93099213	System	PAC: RuntimeBroker. -> explorer.exe Access=40	
00009445	109.93103027	System	PAC: RuntimeBroker. -> explorer.exe Access=40	
00009446	109.93108368	System	PAC: RuntimeBroker. -> explorer.exe Access=40	
00009447	109.93108368	System	PAC: RuntimeBroker. -> explorer.exe Access=40	
00009448	109.93111420	System	PAC: RuntimeBroker. -> explorer.exe Access=40	
00009449	109.93112183	System	PAC: RuntimeBroker. -> explorer.exe Access=40	
00009450	109.94052887	System	PAC: RuntimeBroker. -> explorer.exe Access=40	
00009451	109.94058228	System	PAC: RuntimeBroker. -> explorer.exe Access=40	
00009452	109.94158173	System	PAC: RuntimeBroker. -> explorer.exe Access=40	
00009453	109.94164276	System	PAC: RuntimeBroker. -> explorer.exe Access=40	
00009454	109.94305420	System	PAC: RuntimeBroker. -> explorer.exe Access=40	
00009455	109.94310760	System	PAC: RuntimeBroker. -> explorer.exe Access=40	
00009456	109.94326782	System	PAC: RuntimeBroker. -> explorer.exe Access=40	
00009457	109.94335938	System	PAC: RuntimeBroker. -> explorer.exe Access=40	
00009458	109.94763184	System	PAC: svchost.exe -> svchost.exe Access=1000	
00009459	109.94783020	System	PAC: svchost.exe -> svchost.exe Access=1000	
00009460	109.94798279	System	PAC: svchost.exe -> svchost.exe Access=1000	
00009461	109.95234680	System	PAC: RuntimeBroker. -> explorer.exe Access=40	
00009462	109.95238495	System	PAC: RuntimeBroker. -> explorer.exe Access=40	
00009463	109.95367432	System	PAC: RuntimeBroker. -> explorer.exe Access=40	
00009464	109.95410919	System	PAC: RuntimeBroker. -> explorer.exe Access=40	
00009465	109.95467377	System	PAC: RuntimeBroker. -> explorer.exe Access=40	
00009466	109.95476532	System	PAC: RuntimeBroker. -> explorer.exe Access=40	
00009467	109.95478821	System	PAC: RuntimeBroker. -> explorer.exe Access=40	
00009468	109.95481873	System	PAC: RuntimeBroker. -> explorer.exe Access=40	
00009469	109.95771790	System	PAC: svchost.exe -> WmiPrvSE.exe Access=1000	
00009470	109.95774841	System	PAC: svchost.exe -> WmiPrvSE.exe Access=1000	
00009471	109.95788574	System	PAC: svchost.exe -> WmiPrvSE.exe Access=1000	
00009472	109.95800018	System	PAC: svchost.exe -> WmiPrvSE.exe Access=1000	
00009473	109.95814514	System	PAC: svchost.exe -> WmiPrvSE.exe Access=1000	
00009474	109.95823669	System	PAC: svchost.exe -> WmiPrvSE.exe Access=1000	
00009475	109.97431183	System	PAC: svchost.exe -> WmiPrvSE.exe Access=1000	
00009476	109.97433472	System	PAC: svchost.exe -> WmiPrvSE.exe Access=1000	
00009477	109.97447968	System	PAC: svchost.exe -> WmiPrvSE.exe Access=1000	
00009478	109.97451782	System	PAC: svchost.exe -> WmiPrvSE.exe Access=1000	
00009479	109.97457886	System	PAC: svchost.exe -> WmiPrvSE.exe Access=1000	
00009480	109.97463226	System	PAC: svchost.exe -> WmiPrvSE.exe Access=1000	
00009481	110.00413513	System	PAC: svchost.exe -> WmiPrvSE.exe Access=1000	
00009482	110.00422668	System	PAC: svchost.exe -> WmiPrvSE.exe Access=1000	
00009483	110.00513458	System	PAC: svchost.exe -> WmiPrvSE.exe Access=1000	
00009484	110.00518036	System	PAC: svchost.exe -> WmiPrvSE.exe Access=1000	
00009485	110.00524902	System	PAC: svchost.exe -> WmiPrvSE.exe Access=1000	
00009486	110.00531006	System	PAC: svchost.exe -> WmiPrvSE.exe Access=1000	
00009487	110.02799225	System	PAC: RuntimeBroker. -> SearchApp.exe Access=1000	
00009488	110.02802277	System	PAC: RuntimeBroker. -> SearchApp.exe Access=1000	
00009489	110.03461456	System	PAC: RuntimeBroker. -> SearchApp.exe Access=1000	
00009490	110.06484222	System	PAC: svchost.exe -> SearchApp.exe Access=1400	
00009491	110.06485748	System	PAC: svchost.exe -> SearchApp.exe Access=1400	
00009492	110.10737610	System	PAC: svchost.exe -> WmiPrvSE.exe Access=1000	
00009493	110.10742950	System	PAC: svchost.exe -> WmiPrvSE.exe Access=1000	
00009494	110.10753632	System	PAC: svchost.exe -> WmiPrvSE.exe Access=1000	
00009495	110.10762024	System	PAC: svchost.exe -> WmiPrvSE.exe Access=1000	
00009496	110.10769653	System	PAC: svchost.exe -> WmiPrvSE.exe Access=1000	
00009497	110.10776520	System	PAC: svchost.exe -> WmiPrvSE.exe Access=1000	
00009498	110.12191010	System	PAC: svchost.exe -> WmiPrvSE.exe Access=1000	
00009499	110.12193298	System	PAC: svchost.exe -> WmiPrvSE.exe Access=1000	
00009500	110.12199402	System	PAC: svchost.exe -> WmiPrvSE.exe Access=1000	
00009501	110.12202454	System	PAC: svchost.exe -> WmiPrvSE.exe Access=1000	
00009502	110.12208557	System	PAC: svchost.exe -> WmiPrvSE.exe Access=1000	
00009503	110.12213898	System	PAC: svchost.exe -> WmiPrvSE.exe Access=1000	
00009504	110.13687134	System	PAC: svchost.exe -> VBoxService.ex Access=1000	
00009505	110.13743591	System	PAC: svchost.exe -> VBoxService.ex Access=1000	
00009506	110.13753510	System	PAC: svchost.exe -> VBoxService.ex Access=1000	
00009507	110.17670441	System	PAC: svchost.exe -> WmiPrvSE.exe Access=1000	
00009508	110.17679596	System	PAC: svchost.exe -> WmiPrvSE.exe Access=1000	
00009509	110.17687988	System	PAC: svchost.exe -> WmiPrvSE.exe Access=1000	
00009510	110.17698669	System	PAC: svchost.exe -> WmiPrvSE.exe Access=1000	
00009511	110.17706299	System	PAC: svchost.exe -> WmiPrvSE.exe Access=1000	
00009512	110.17711639	System	PAC: svchost.exe -> WmiPrvSE.exe Access=1000	
00009513	110.19483185	System	PAC: svchost.exe -> WmiPrvSE.exe Access=1000	
00009514	110.19485474	System	PAC: svchost.exe -> WmiPrvSE.exe Access=1000	
00009515	110.19491577	System	PAC: svchost.exe -> WmiPrvSE.exe Access=1000	
00009516	110.19495392	System	PAC: svchost.exe -> WmiPrvSE.exe Access=1000	
00009517	110.19502258	System	PAC: svchost.exe -> WmiPrvSE.exe Access=1000	
00009518	110.19515991	System	PAC: svchost.exe -> WmiPrvSE.exe Access=1000	
00009519	110.20072937	System	PAC: svchost.exe -> SearchApp.exe Access=1400	
00009520	110.20075226	System	PAC: svchost.exe -> SearchApp.exe Access=1400	
00009521	110.21282196	System	PAC: svchost.exe -> WmiPrvSE.exe Access=1000	
00009522	110.21283722	System	PAC: svchost.exe -> WmiPrvSE.exe Access=1000	
00009523	110.21291351	System	PAC: svchost.exe -> WmiPrvSE.exe Access=1000	
00009524	110.21295166	System	PAC: svchost.exe -> WmiPrvSE.exe Access=1000	
00009525	110.21302032	System	PAC: svchost.exe -> WmiPrvSE.exe Access=1000	
00009526	110.21306610	System	PAC: svchost.exe -> WmiPrvSE.exe Access=1000	
00009527	110.22871399	System	PAC: svchost.exe -> WmiPrvSE.exe Access=1000	
00009528	110.22881317	System	PAC: svchost.exe -> WmiPrvSE.exe Access=1000	
00009529	110.22888947	System	PAC: svchost.exe -> WmiPrvSE.exe Access=1000	
00009530	110.22892761	System	PAC: svchost.exe -> WmiPrvSE.exe Access=1000	
00009531	110.22898102	System	PAC: svchost.exe -> WmiPrvSE.exe Access=1000	
00009532	110.22904205	System	PAC: svchost.exe -> WmiPrvSE.exe Access=1000	
00009533	110.26286316	System	PAC: svchost.exe -> WmiPrvSE.exe Access=1000	
00009534	110.26296234	System	PAC: svchost.exe -> WmiPrvSE.exe Access=1000	
00009535	110.26303864	System	PAC: svchost.exe -> WmiPrvSE.exe Access=1000	
00009536	110.26315308	System	PAC: svchost.exe -> WmiPrvSE.exe Access=1000	
00009537	110.26329803	System	PAC: svchost.exe -> WmiPrvSE.exe Access=1000	
00009538	110.26338196	System	PAC: svchost.exe -> WmiPrvSE.exe Access=1000	
00009539	110.33827972	System	PAC: svchost.exe -> WmiPrvSE.exe Access=1000	
00009540	110.33830261	System	PAC: svchost.exe -> WmiPrvSE.exe Access=1000	
00009541	110.33837891	System	PAC: svchost.exe -> WmiPrvSE.exe Access=1000	
00009542	110.33841705	System	PAC: svchost.exe -> WmiPrvSE.exe Access=1000	
00009543	110.33847046	System	PAC: svchost.exe -> WmiPrvSE.exe Access=1000	
00009544	110.33860779	System	PAC: svchost.exe -> WmiPrvSE.exe Access=1000	
00009545	110.35531616	System	PAC: svchost.exe -> WmiPrvSE.exe Access=1000	
00009546	110.35533142	System	PAC: svchost.exe -> WmiPrvSE.exe Access=1000	
00009547	110.35539246	System	PAC: svchost.exe -> WmiPrvSE.exe Access=1000	
00009548	110.35543060	System	PAC: svchost.exe -> WmiPrvSE.exe Access=1000	
00009549	110.35548401	System	PAC: svchost.exe -> WmiPrvSE.exe Access=1000	
00009550	110.35552979	System	PAC: svchost.exe -> WmiPrvSE.exe Access=1000	
00009551	110.39424133	System	PAC: svchost.exe -> WmiPrvSE.exe Access=1000	
00009552	110.39433289	System	PAC: svchost.exe -> WmiPrvSE.exe Access=1000	
00009553	110.39440918	System	PAC: svchost.exe -> WmiPrvSE.exe Access=1000	
00009554	110.39443207	System	PAC: svchost.exe -> WmiPrvSE.exe Access=1000	
00009555	110.39469147	System	PAC: svchost.exe -> WmiPrvSE.exe Access=1000	
00009556	110.39482880	System	PAC: svchost.exe -> WmiPrvSE.exe Access=1000	
00009557	110.41069031	System	PAC: svchost.exe -> WmiPrvSE.exe Access=1000	
00009558	110.41077423	System	PAC: svchost.exe -> WmiPrvSE.exe Access=1000	
00009559	110.41101074	System	PAC: svchost.exe -> WmiPrvSE.exe Access=1000	
00009560	110.41112518	System	PAC: svchost.exe -> WmiPrvSE.exe Access=1000	
00009561	110.41133118	System	PAC: svchost.exe -> WmiPrvSE.exe Access=1000	
00009562	110.41139221	System	PAC: svchost.exe -> WmiPrvSE.exe Access=1000	
00009563	110.42759705	System	PAC: svchost.exe -> WmiPrvSE.exe Access=1000	
00009564	110.42761993	System	PAC: svchost.exe -> WmiPrvSE.exe Access=1000	
00009565	110.42768860	System	PAC: svchost.exe -> WmiPrvSE.exe Access=1000	
00009566	110.42772675	System	PAC: svchost.exe -> WmiPrvSE.exe Access=1000	
00009567	110.42786407	System	PAC: svchost.exe -> WmiPrvSE.exe Access=1000	
00009568	110.42793274	System	PAC: svchost.exe -> WmiPrvSE.exe Access=1000	
00009569	110.45260620	System	PAC: svchost.exe -> WmiPrvSE.exe Access=1000	
00009570	110.45263672	System	PAC: svchost.exe -> WmiPrvSE.exe Access=1000	
00009571	110.45269775	System	PAC: svchost.exe -> WmiPrvSE.exe Access=1000	
00009572	110.45273590	System	PAC: svchost.exe -> WmiPrvSE.exe Access=1000	
00009573	110.45279694	System	PAC: svchost.exe -> WmiPrvSE.exe Access=1000	
00009574	110.45285034	System	PAC: svchost.exe -> WmiPrvSE.exe Access=1000	
00009575	110.48690033	System	PAC: svchost.exe -> WmiPrvSE.exe Access=1000	
00009576	110.48692322	System	PAC: svchost.exe -> WmiPrvSE.exe Access=1000	
00009577	110.48699951	System	PAC: svchost.exe -> WmiPrvSE.exe Access=1000	
00009578	110.48703766	System	PAC: svchost.exe -> WmiPrvSE.exe Access=1000	
00009579	110.48710632	System	PAC: svchost.exe -> WmiPrvSE.exe Access=1000	
00009580	110.48715210	System	PAC: svchost.exe -> WmiPrvSE.exe Access=1000	
00009581	110.56307220	System	PAC: svchost.exe -> WmiPrvSE.exe Access=1000	
00009582	110.56309509	System	PAC: svchost.exe -> WmiPrvSE.exe Access=1000	
00009583	110.56318665	System	PAC: svchost.exe -> WmiPrvSE.exe Access=1000	
00009584	110.56322479	System	PAC: svchost.exe -> WmiPrvSE.exe Access=1000	
00009585	110.56337738	System	PAC: svchost.exe -> WmiPrvSE.exe Access=1000	
00009586	110.56344604	System	PAC: svchost.exe -> WmiPrvSE.exe Access=1000	
00009587	110.58088684	System	PAC: svchost.exe -> WmiPrvSE.exe Access=1000	
00009588	110.58091736	System	PAC: svchost.exe -> WmiPrvSE.exe Access=1000	
00009589	110.58097839	System	PAC: svchost.exe -> WmiPrvSE.exe Access=1000	
00009590	110.58100128	System	PAC: svchost.exe -> WmiPrvSE.exe Access=1000	
00009591	110.58106995	System	PAC: svchost.exe -> WmiPrvSE.exe Access=1000	
00009592	110.58112335	System	PAC: svchost.exe -> WmiPrvSE.exe Access=1000	
00009593	110.66497040	System	PAC: svchost.exe -> WmiPrvSE.exe Access=1000	
00009594	110.66500092	System	PAC: svchost.exe -> WmiPrvSE.exe Access=1000	
00009595	110.66508484	System	PAC: svchost.exe -> WmiPrvSE.exe Access=1000	
00009596	110.66511536	System	PAC: svchost.exe -> WmiPrvSE.exe Access=1000	
00009597	110.66517639	System	PAC: svchost.exe -> WmiPrvSE.exe Access=1000	
00009598	110.66532898	System	PAC: svchost.exe -> WmiPrvSE.exe Access=1000	
00009599	110.67928314	System	PAC: svchost.exe -> WmiPrvSE.exe Access=1000	
00009600	110.67929840	System	PAC: svchost.exe -> WmiPrvSE.exe Access=1000	
00009601	110.67935944	System	PAC: svchost.exe -> WmiPrvSE.exe Access=1000	
00009602	110.67945862	System	PAC: svchost.exe -> WmiPrvSE.exe Access=1000	
00009603	110.67954254	System	PAC: svchost.exe -> WmiPrvSE.exe Access=1000	
00009604	110.67958832	System	PAC: svchost.exe -> WmiPrvSE.exe Access=1000	
00009605	110.69493866	System	PAC: svchost.exe -> WmiPrvSE.exe Access=1000	
00009606	110.69496155	System	PAC: svchost.exe -> WmiPrvSE.exe Access=1000	
00009607	110.69511414	System	PAC: svchost.exe -> WmiPrvSE.exe Access=1000	
00009608	110.69515228	System	PAC: svchost.exe -> WmiPrvSE.exe Access=1000	
00009609	110.69538879	System	PAC: svchost.exe -> WmiPrvSE.exe Access=1000	
00009610	110.69552612	System	PAC: svchost.exe -> WmiPrvSE.exe Access=1000	
00009611	110.71154022	System	PAC: svchost.exe -> WmiPrvSE.exe Access=1000	
00009612	110.71156311	System	PAC: svchost.exe -> WmiPrvSE.exe Access=1000	
00009613	110.71170807	System	PAC: svchost.exe -> WmiPrvSE.exe Access=1000	
00009614	110.71174622	System	PAC: svchost.exe -> WmiPrvSE.exe Access=1000	
00009615	110.71180725	System	PAC: svchost.exe -> WmiPrvSE.exe Access=1000	
00009616	110.71186829	System	PAC: svchost.exe -> WmiPrvSE.exe Access=1000	
00009617	110.74538422	System	8104687500 - STORMINI: StorAHCI - LPM: SystemIoBusNumber:0 Port:00 - IDLE	
00009618	110.75124359	System	PAC: svchost.exe -> WmiPrvSE.exe Access=1000	
00009619	110.75127411	System	PAC: svchost.exe -> WmiPrvSE.exe Access=1000	
00009620	110.75135803	System	PAC: svchost.exe -> WmiPrvSE.exe Access=1000	
00009621	110.75138855	System	PAC: svchost.exe -> WmiPrvSE.exe Access=1000	
00009622	110.75144958	System	PAC: svchost.exe -> WmiPrvSE.exe Access=1000	
00009623	110.75160217	System	PAC: svchost.exe -> WmiPrvSE.exe Access=1000	
00009624	110.76140594	System	8104843750 - STORMINI: StorAHCI - LPM: SystemIoBusNumber:0 Port:00 - ACTIVE	
00009625	110.76140594	System	8104843750 - STORMINI: StorAHCI - LPM: SystemIoBusNumber:0 Port:00 - Transit into Slumber from Partial - Canceled	
00009626	110.82363129	System	PAC: svchost.exe -> WmiPrvSE.exe Access=1000	
00009627	110.82367706	System	PAC: svchost.exe -> WmiPrvSE.exe Access=1000	
00009628	110.82378387	System	PAC: svchost.exe -> WmiPrvSE.exe Access=1000	
00009629	110.82383728	System	PAC: svchost.exe -> WmiPrvSE.exe Access=1000	
00009630	110.82389832	System	PAC: svchost.exe -> WmiPrvSE.exe Access=1000	
00009631	110.82395935	System	PAC: svchost.exe -> WmiPrvSE.exe Access=1000	
00009632	110.84047699	System	PAC: svchost.exe -> WmiPrvSE.exe Access=1000	
00009633	110.84049988	System	PAC: svchost.exe -> WmiPrvSE.exe Access=1000	
00009634	110.84063721	System	PAC: svchost.exe -> WmiPrvSE.exe Access=1000	
00009635	110.84067535	System	PAC: svchost.exe -> WmiPrvSE.exe Access=1000	
00009636	110.84074402	System	PAC: svchost.exe -> WmiPrvSE.exe Access=1000	
00009637	110.84078979	System	PAC: svchost.exe -> WmiPrvSE.exe Access=1000	
00009638	110.87749481	System	PAC: svchost.exe -> WmiPrvSE.exe Access=1000	
00009639	110.87751770	System	PAC: svchost.exe -> WmiPrvSE.exe Access=1000	
00009640	110.87759399	System	PAC: svchost.exe -> WmiPrvSE.exe Access=1000	
00009641	110.87763214	System	PAC: svchost.exe -> WmiPrvSE.exe Access=1000	
00009642	110.87768555	System	PAC: svchost.exe -> WmiPrvSE.exe Access=1000	
00009643	110.87773132	System	PAC: svchost.exe -> WmiPrvSE.exe Access=1000	
00009644	110.88960266	System	PAC: svchost.exe -> WmiPrvSE.exe Access=1000	
00009645	110.88962555	System	PAC: svchost.exe -> WmiPrvSE.exe Access=1000	
00009646	110.88971710	System	PAC: svchost.exe -> WmiPrvSE.exe Access=1000	
00009647	110.88976288	System	PAC: svchost.exe -> WmiPrvSE.exe Access=1000	
00009648	110.88986969	System	PAC: svchost.exe -> WmiPrvSE.exe Access=1000	
00009649	110.88993073	System	PAC: svchost.exe -> WmiPrvSE.exe Access=1000	
00009650	110.90142822	System	8106250000 - STORMINI: StorAHCI - LPM: Port 01 - Port Stopped	
00009651	110.90206909	System	8106250000 - STORMINI: StorAHCI - LPM: Port 01 - Port Started	
00009652	110.90648651	System	PAC: svchost.exe -> WmiPrvSE.exe Access=1000	
00009653	110.90652466	System	PAC: svchost.exe -> WmiPrvSE.exe Access=1000	
00009654	110.90660858	System	PAC: svchost.exe -> WmiPrvSE.exe Access=1000	
00009655	110.90667725	System	PAC: svchost.exe -> WmiPrvSE.exe Access=1000	
00009656	110.90677643	System	PAC: svchost.exe -> WmiPrvSE.exe Access=1000	
00009657	110.90686798	System	PAC: svchost.exe -> WmiPrvSE.exe Access=1000	
00009658	110.92199707	System	PAC: svchost.exe -> WmiPrvSE.exe Access=1000	
00009659	110.92201233	System	PAC: svchost.exe -> WmiPrvSE.exe Access=1000	
00009660	110.92207336	System	PAC: svchost.exe -> WmiPrvSE.exe Access=1000	
00009661	110.92209625	System	PAC: svchost.exe -> WmiPrvSE.exe Access=1000	
00009662	110.92216492	System	PAC: svchost.exe -> WmiPrvSE.exe Access=1000	
00009663	110.92221069	System	PAC: svchost.exe -> WmiPrvSE.exe Access=1000	
00009664	110.95652771	System	PAC: svchost.exe -> WmiPrvSE.exe Access=1000	
00009665	110.95654297	System	PAC: svchost.exe -> WmiPrvSE.exe Access=1000	
00009666	110.95669556	System	PAC: svchost.exe -> WmiPrvSE.exe Access=1000	
00009667	110.95673370	System	PAC: svchost.exe -> WmiPrvSE.exe Access=1000	
00009668	110.95678711	System	PAC: svchost.exe -> WmiPrvSE.exe Access=1000	
00009669	110.95684814	System	PAC: svchost.exe -> WmiPrvSE.exe Access=1000	
00009670	111.02169800	System	PAC: svchost.exe -> WmiPrvSE.exe Access=1000	
00009671	111.02173615	System	PAC: svchost.exe -> WmiPrvSE.exe Access=1000	
00009672	111.02191162	System	PAC: svchost.exe -> WmiPrvSE.exe Access=1000	
00009673	111.02194977	System	PAC: svchost.exe -> WmiPrvSE.exe Access=1000	
00009674	111.02202606	System	PAC: svchost.exe -> WmiPrvSE.exe Access=1000	
00009675	111.02209473	System	PAC: svchost.exe -> WmiPrvSE.exe Access=1000	
00009676	111.03673553	System	PAC: svchost.exe -> WmiPrvSE.exe Access=1000	
00009677	111.03675842	System	PAC: svchost.exe -> WmiPrvSE.exe Access=1000	
00009678	111.03682709	System	PAC: svchost.exe -> WmiPrvSE.exe Access=1000	
00009679	111.03684998	System	PAC: svchost.exe -> WmiPrvSE.exe Access=1000	
00009680	111.03719330	System	PAC: svchost.exe -> WmiPrvSE.exe Access=1000	
00009681	111.03726196	System	PAC: svchost.exe -> WmiPrvSE.exe Access=1000	
00009682	111.15079498	System	PAC: svchost.exe -> VBoxService.ex Access=1000	
00009683	111.15088654	System	PAC: svchost.exe -> VBoxService.ex Access=1000	
00009684	111.15111542	System	PAC: svchost.exe -> VBoxService.ex Access=1000	
00009685	111.22006989	System	PAC: svchost.exe -> svchost.exe Access=1000	
00009686	111.32398987	System	PAC: svchost.exe -> explorer.exe Access=1000	
00009687	111.32407379	System	PAC: svchost.exe -> svchost.exe Access=1000	
00009688	111.32409668	System	PAC: svchost.exe -> svchost.exe Access=1000	
00009689	111.32415771	System	PAC: svchost.exe -> RuntimeBroker. Access=1000	
00009690	111.32418823	System	PAC: svchost.exe -> explorer.exe Access=1000	
00009691	111.32939148	System	PAC: svchost.exe -> WmiPrvSE.exe Access=1000	
00009692	111.32943726	System	PAC: svchost.exe -> WmiPrvSE.exe Access=1000	
00009693	111.32951355	System	PAC: svchost.exe -> WmiPrvSE.exe Access=1000	
00009694	111.32955170	System	PAC: svchost.exe -> WmiPrvSE.exe Access=1000	
00009695	111.32961273	System	PAC: svchost.exe -> WmiPrvSE.exe Access=1000	
00009696	111.32966614	System	PAC: svchost.exe -> WmiPrvSE.exe Access=1000	
00009697	111.34214020	System	PAC: svchost.exe -> WmiPrvSE.exe Access=1000	
00009698	111.34218597	System	PAC: svchost.exe -> WmiPrvSE.exe Access=1000	
00009699	111.34228516	System	PAC: svchost.exe -> WmiPrvSE.exe Access=1000	
00009700	111.34232330	System	PAC: svchost.exe -> WmiPrvSE.exe Access=1000	
00009701	111.34237671	System	PAC: svchost.exe -> WmiPrvSE.exe Access=1000	
00009702	111.34243774	System	PAC: svchost.exe -> WmiPrvSE.exe Access=1000	
00009703	111.36725616	System	PAC: svchost.exe -> WmiPrvSE.exe Access=1000	
00009704	111.36727142	System	PAC: svchost.exe -> WmiPrvSE.exe Access=1000	
00009705	111.36742401	System	PAC: svchost.exe -> WmiPrvSE.exe Access=1000	
00009706	111.36746216	System	PAC: svchost.exe -> WmiPrvSE.exe Access=1000	
00009707	111.36752319	System	PAC: svchost.exe -> WmiPrvSE.exe Access=1000	
00009708	111.36757660	System	PAC: svchost.exe -> WmiPrvSE.exe Access=1000	
00009709	111.41195679	System	PAC: svchost.exe -> svchost.exe Access=40	
00009710	111.41209412	System	PAC: svchost.exe -> svchost.exe Access=1000	
00009711	111.41210938	System	PAC: svchost.exe -> svchost.exe Access=40	
00009712	111.41673279	System	PAC: svchost.exe -> svchost.exe Access=1000	
00009713	111.51517487	System	PAC: svchost.exe -> svchost.exe Access=1000	
00009714	111.51621246	System	PAC: svchost.exe -> svchost.exe Access=1000	
00009715	111.51827240	System	PAC: svchost.exe -> svchost.exe Access=1000	
00009716	111.51888275	System	PAC: svchost.exe -> svchost.exe Access=1000	
00009717	111.52193451	System	PAC: svchost.exe -> svchost.exe Access=1000	
00009718	111.52271271	System	PAC: svchost.exe -> svchost.exe Access=1000	
00009719	111.52465820	System	PAC: svchost.exe -> svchost.exe Access=1000	
00009720	111.52592468	System	PAC: svchost.exe -> svchost.exe Access=1000	
00009721	111.53125000	System	PAC: svchost.exe -> svchost.exe Access=1000	
00009722	111.53164673	System	PAC: svchost.exe -> svchost.exe Access=1000	
00009723	111.53598785	System	PAC: svchost.exe -> svchost.exe Access=1000	
00009724	111.53659821	System	PAC: svchost.exe -> svchost.exe Access=1000	
00009725	111.54050446	System	PAC: svchost.exe -> svchost.exe Access=1000	
00009726	111.54091644	System	PAC: svchost.exe -> svchost.exe Access=1000	
00009727	111.54529572	System	PAC: svchost.exe -> svchost.exe Access=1000	
00009728	111.54579163	System	PAC: svchost.exe -> svchost.exe Access=1000	
00009729	111.55133820	System	PAC: svchost.exe -> svchost.exe Access=1000	
00009730	111.55173492	System	PAC: svchost.exe -> svchost.exe Access=1000	
00009731	111.55522919	System	PAC: svchost.exe -> svchost.exe Access=1000	
00009732	111.55568695	System	PAC: svchost.exe -> svchost.exe Access=1000	
00009733	111.56080627	System	PAC: svchost.exe -> svchost.exe Access=1000	
00009734	111.56150818	System	PAC: svchost.exe -> svchost.exe Access=1000	
00009735	111.56515503	System	PAC: svchost.exe -> svchost.exe Access=1000	
00009736	111.56565857	System	PAC: svchost.exe -> svchost.exe Access=1000	
00009737	111.57030487	System	PAC: svchost.exe -> svchost.exe Access=1000	
00009738	111.57068634	System	PAC: svchost.exe -> svchost.exe Access=1000	
00009739	111.62779236	System	PAC: svchost.exe -> svchost.exe Access=1000	
00009740	111.62857056	System	PAC: svchost.exe -> svchost.exe Access=1000	
00009741	111.63312531	System	PAC: svchost.exe -> svchost.exe Access=1000	
00009742	111.63371277	System	PAC: svchost.exe -> svchost.exe Access=1000	
00009743	111.68041229	System	PAC: svchost.exe -> svchost.exe Access=1000	
00009744	111.68080902	System	PAC: svchost.exe -> svchost.exe Access=1000	
00009745	111.68145752	System	PAC: svchost.exe -> svchost.exe Access=1000	
00009746	111.68225098	System	PAC: svchost.exe -> svchost.exe Access=1000	
00009747	111.77570343	System	8115000000 - STORMINI: StorAHCI - LPM: SystemIoBusNumber:0 Port:00 - IDLE	
00009748	111.78594208	System	8115156250 - STORMINI: StorAHCI - LPM: SystemIoBusNumber:0 Port:00 - ACTIVE	
00009749	111.78595734	System	8115156250 - STORMINI: StorAHCI - LPM: SystemIoBusNumber:0 Port:00 - Transit into Slumber from Partial - Canceled	
00009750	111.79352570	System	PAC: svchost.exe -> svchost.exe Access=1000	
00009751	111.79607391	System	PAC: svchost.exe -> svchost.exe Access=1000	
00009752	111.79728699	System	PAC: svchost.exe -> svchost.exe Access=1000	
00009753	111.79832458	System	PAC: svchost.exe -> svchost.exe Access=1000	
00009754	111.82359314	System	PAC: svchost.exe -> svchost.exe Access=1000	
00009755	111.82454681	System	PAC: svchost.exe -> svchost.exe Access=1000	
00009756	111.82531738	System	PAC: svchost.exe -> svchost.exe Access=1000	
00009757	111.82594299	System	PAC: svchost.exe -> svchost.exe Access=1000	
00009758	111.82607269	System	PAC: sihost.exe -> M365Copilot.ex Access=21410	
00009759	111.85363007	System	PAC: lsass.exe -> M365Copilot.ex Access=1000	
00009760	111.90228271	System	8116250000 - STORMINI: StorAHCI - LPM: Port 01 - Port Stopped	
00009761	111.90295410	System	8116250000 - STORMINI: StorAHCI - LPM: Port 01 - Port Started	
00009762	111.93270111	4016	[MultiModalUtils] Stopping wake word detection	
00009763	111.98889923	4016	[20:35:40.345] [SessionId: ] StopWakeWordDetection called with pause: 0	
00009764	111.98953247	4016	[20:35:40.377] [SessionId: ] [MultiModalUtils#StopWakeWordDetection] Wake word detection is already stopped	
00009765	111.98977661	4016	[20:35:40.455] [SessionId: ] MultiModal instance was already null during destroy	
00009766	112.15375519	System	PAC: svchost.exe -> VBoxService.ex Access=1000	
00009767	112.15379333	System	PAC: svchost.exe -> VBoxService.ex Access=1000	
00009768	112.15389252	System	PAC: svchost.exe -> VBoxService.ex Access=1000	
00009769	112.52108765	System	PAC: M365Copilot.ex -> explorer.exe Access=40	
00009770	112.52117920	System	PAC: M365Copilot.ex -> explorer.exe Access=40	
00009771	112.52120209	System	PAC: M365Copilot.ex -> explorer.exe Access=40	
00009772	112.52127838	System	PAC: M365Copilot.ex -> explorer.exe Access=40	
00009773	112.54309082	System	PAC: explorer.exe -> explorer.exe Access=1000	
00009774	112.71548462	System	PAC: msedgewebview2 -> msedgewebview2 Access=1FFFFF	
00009775	112.71575165	System	PAC: msedgewebview2 -> msedgewebview2 Access=1FFFFF	
00009776	112.71590424	System	PAC: msedgewebview2 -> msedgewebview2 Access=1000	
00009777	112.72581482	System	PAC: msedgewebview2 -> msedgewebview2 Access=1000	
00009778	112.74578857	System	PAC: msedgewebview2 -> msedgewebview2 Access=1000	
00009779	112.75316620	System	PAC: msedgewebview2 -> msedgewebview2 Access=1000	
00009780	112.79426575	System	8125156250 - STORMINI: StorAHCI - LPM: SystemIoBusNumber:0 Port:00 - IDLE	
00009781	112.79441833	System	8125156250 - STORMINI: StorAHCI - LPM: SystemIoBusNumber:0 Port:00 - ACTIVE	
00009782	112.79441833	System	8125156250 - STORMINI: StorAHCI - LPM: SystemIoBusNumber:0 Port:00 - Transit into Slumber from Partial - Canceled	
00009783	112.88012695	System	PAC: msedgewebview2 -> msedgewebview2 Access=101451	
00009784	112.89768982	System	PAC: msedgewebview2 -> msedgewebview2 Access=1000	
00009785	112.89957428	System	PAC: msedgewebview2 -> msedgewebview2 Access=1000	
00009786	112.89972687	System	PAC: msedgewebview2 -> msedgewebview2 Access=1000	
00009787	112.89980316	System	PAC: msedgewebview2 -> msedgewebview2 Access=1000	
00009788	112.90009308	System	PAC: msedgewebview2 -> msedgewebview2 Access=1000	
00009789	112.90020752	System	PAC: msedgewebview2 -> msedgewebview2 Access=1FFFFF	
00009790	112.90020752	System	PAC: msedgewebview2 -> msedgewebview2 Access=1000	
00009791	112.90036774	System	PAC: msedgewebview2 -> msedgewebview2 Access=1FFFFF	
00009792	112.90037537	System	PAC: msedgewebview2 -> msedgewebview2 Access=1000	
00009793	112.90054321	System	PAC: msedgewebview2 -> msedgewebview2 Access=1000	
00009794	112.90067291	System	PAC: msedgewebview2 -> msedgewebview2 Access=1000	
00009795	112.90101624	System	PAC: msedgewebview2 -> msedgewebview2 Access=1000	
00009796	112.90348816	System	8126250000 - STORMINI: StorAHCI - LPM: Port 01 - Port Stopped	
00009797	112.90414429	System	8126250000 - STORMINI: StorAHCI - LPM: Port 01 - Port Started	
00009798	112.91311646	System	PAC: msedgewebview2 -> msedgewebview2 Access=1000	
00009799	113.04013824	System	PAC: msedgewebview2 -> msedgewebview2 Access=1000	
00009800	113.09998322	System	PAC: svchost.exe -> svchost.exe Access=1000	
00009801	113.09999084	System	PAC: svchost.exe -> svchost.exe Access=1000	
00009802	113.10005951	System	PAC: svchost.exe -> svchost.exe Access=1000	
00009803	113.10005951	System	PAC: svchost.exe -> svchost.exe Access=1000	
00009804	113.10010529	System	PAC: svchost.exe -> RuntimeBroker. Access=1000	
00009805	113.10010529	System	PAC: svchost.exe -> RuntimeBroker. Access=1000	
00009806	113.10015869	System	PAC: svchost.exe -> RuntimeBroker. Access=1000	
00009807	113.10015869	System	PAC: svchost.exe -> RuntimeBroker. Access=1000	
00009808	113.12123108	System	PAC: svchost.exe -> sihost.exe Access=1014C0	
00009809	113.12715149	System	PAC: svchost.exe -> sihost.exe Access=1014C0	
00009810	113.13118744	System	PAC: svchost.exe -> SearchIndexer. Access=1000	
00009811	113.13186646	System	PAC: svchost.exe -> SearchIndexer. Access=1000	
00009812	113.13230133	System	PAC: svchost.exe -> SearchIndexer. Access=1000	
00009813	113.13246918	System	PAC: svchost.exe -> SearchIndexer. Access=1000	
00009814	113.13254547	System	PAC: svchost.exe -> SearchIndexer. Access=1000	
00009815	113.14871979	System	PAC: svchost.exe -> svchost.exe Access=101000	
00009816	113.14926147	System	PAC: svchost.exe -> svchost.exe Access=101000	
00009817	113.14935303	System	PAC: svchost.exe -> svchost.exe Access=101000	
00009818	113.16818237	System	PAC: svchost.exe -> VBoxService.ex Access=1000	
00009819	113.16822052	System	PAC: svchost.exe -> VBoxService.ex Access=1000	
00009820	113.16838074	System	PAC: svchost.exe -> VBoxService.ex Access=1000	
00009821	113.19117737	System	PAC: svchost.exe -> svchost.exe Access=101000	
00009822	113.19164276	System	PAC: svchost.exe -> svchost.exe Access=101000	
00009823	113.19196320	System	PAC: svchost.exe -> svchost.exe Access=101000	
00009824	113.20404816	System	PAC: svchost.exe -> svchost.exe Access=1000	
00009825	113.20418549	System	PAC: svchost.exe -> svchost.exe Access=1000	
00009826	113.20478821	System	PAC: svchost.exe -> svchost.exe Access=1000	
00009827	113.20487976	System	PAC: svchost.exe -> svchost.exe Access=1000	
00009828	113.20541382	System	PAC: svchost.exe -> svchost.exe Access=1000	
00009829	113.20549011	System	PAC: svchost.exe -> svchost.exe Access=1000	
00009830	113.20597839	System	PAC: svchost.exe -> svchost.exe Access=1000	
00009831	113.20597839	System	PAC: svchost.exe -> svchost.exe Access=1000	
00009832	113.20639801	System	PAC: svchost.exe -> svchost.exe Access=1000	
00009833	113.20647430	System	PAC: svchost.exe -> svchost.exe Access=1000	
00009834	113.20707703	System	PAC: svchost.exe -> svchost.exe Access=1000	
00009835	113.20718384	System	PAC: svchost.exe -> svchost.exe Access=1000	
00009836	113.20756531	System	PAC: svchost.exe -> svchost.exe Access=1000	
00009837	113.21400452	System	PAC: svchost.exe -> svchost.exe Access=1000	
00009838	113.21421051	System	PAC: svchost.exe -> svchost.exe Access=1000	
00009839	113.21517944	System	PAC: svchost.exe -> svchost.exe Access=1000	
00009840	113.21528625	System	PAC: svchost.exe -> svchost.exe Access=1000	
00009841	113.21540833	System	PAC: svchost.exe -> svchost.exe Access=1000	
00009842	113.21559143	System	PAC: svchost.exe -> svchost.exe Access=1000	
00009843	113.21601105	System	PAC: svchost.exe -> svchost.exe Access=1000	
00009844	113.21633148	System	PAC: svchost.exe -> svchost.exe Access=1000	
00009845	113.21831512	System	PAC: svchost.exe -> svchost.exe Access=1000	
00009846	113.21844482	System	PAC: svchost.exe -> svchost.exe Access=1000	
00009847	113.21987915	System	PAC: svchost.exe -> svchost.exe Access=1000	
00009848	113.22136688	System	PAC: svchost.exe -> svchost.exe Access=1000	
00009849	113.22310638	System	PAC: svchost.exe -> svchost.exe Access=1000	
00009850	113.22473145	System	PAC: svchost.exe -> svchost.exe Access=1000	
00009851	113.22615051	System	PAC: svchost.exe -> svchost.exe Access=1000	
00009852	113.22753143	System	PAC: svchost.exe -> svchost.exe Access=1000	
00009853	113.22896576	System	PAC: svchost.exe -> svchost.exe Access=1000	
00009854	113.23079681	System	PAC: svchost.exe -> svchost.exe Access=1000	
00009855	113.23293304	System	PAC: svchost.exe -> svchost.exe Access=1000	
00009856	113.23731232	System	PAC: svchost.exe -> svchost.exe Access=1000	
00009857	113.23740387	System	PAC: svchost.exe -> svchost.exe Access=1000	
00009858	113.23748016	System	PAC: svchost.exe -> svchost.exe Access=1000	
00009859	113.23754120	System	PAC: svchost.exe -> svchost.exe Access=1000	
00009860	113.23763275	System	PAC: svchost.exe -> svchost.exe Access=1000	
00009861	113.23784637	System	PAC: svchost.exe -> svchost.exe Access=1000	
00009862	113.23801422	System	PAC: svchost.exe -> svchost.exe Access=1000	
00009863	113.23840332	System	PAC: svchost.exe -> svchost.exe Access=1000	
00009864	113.23886108	System	PAC: svchost.exe -> svchost.exe Access=1000	
00009865	113.23927307	System	PAC: svchost.exe -> svchost.exe Access=1000	
00009866	113.25675201	System	PAC: svchost.exe -> svchost.exe Access=1000	
00009867	113.25676727	System	PAC: svchost.exe -> svchost.exe Access=1000	
00009868	113.25678253	System	PAC: svchost.exe -> svchost.exe Access=1000	
00009869	113.26267242	System	PAC: svchost.exe -> svchost.exe Access=1000	
00009870	113.26278687	System	PAC: svchost.exe -> svchost.exe Access=1000	
00009871	113.26338196	System	PAC: svchost.exe -> svchost.exe Access=1000	
00009872	113.26342773	System	PAC: svchost.exe -> svchost.exe Access=1000	
00009873	113.26358032	System	PAC: svchost.exe -> svchost.exe Access=1000	
00009874	113.26379395	System	PAC: svchost.exe -> svchost.exe Access=1000	
00009875	113.26387024	System	PAC: svchost.exe -> svchost.exe Access=1000	
00009876	113.26388550	System	PAC: svchost.exe -> svchost.exe Access=1000	
00009877	113.26412964	System	PAC: svchost.exe -> svchost.exe Access=1000	
00009878	113.26416779	System	PAC: svchost.exe -> svchost.exe Access=1000	
00009879	113.26420593	System	PAC: svchost.exe -> svchost.exe Access=1000	
00009880	113.26428223	System	PAC: svchost.exe -> svchost.exe Access=1000	
00009881	113.26434326	System	PAC: svchost.exe -> svchost.exe Access=1000	
00009882	113.26451111	System	PAC: svchost.exe -> svchost.exe Access=1000	
00009883	113.26453400	System	PAC: svchost.exe -> svchost.exe Access=1000	
00009884	113.26481628	System	PAC: svchost.exe -> svchost.exe Access=1000	
00009885	113.26484680	System	PAC: svchost.exe -> svchost.exe Access=1000	
00009886	113.26493073	System	PAC: svchost.exe -> svchost.exe Access=1000	
00009887	113.26499939	System	PAC: svchost.exe -> svchost.exe Access=1000	
00009888	113.26505280	System	PAC: svchost.exe -> svchost.exe Access=1000	
00009889	113.26534271	System	PAC: svchost.exe -> svchost.exe Access=1000	
00009890	113.26541138	System	PAC: svchost.exe -> svchost.exe Access=1000	
00009891	113.26543427	System	PAC: svchost.exe -> svchost.exe Access=1000	
00009892	113.26553345	System	PAC: svchost.exe -> svchost.exe Access=1000	
00009893	113.26560974	System	PAC: svchost.exe -> svchost.exe Access=1000	
00009894	113.26567841	System	PAC: svchost.exe -> svchost.exe Access=1000	
00009895	113.26573944	System	PAC: svchost.exe -> svchost.exe Access=1000	
00009896	113.26581573	System	PAC: svchost.exe -> svchost.exe Access=1000	
00009897	113.26588440	System	PAC: svchost.exe -> svchost.exe Access=1000	
00009898	113.26596069	System	PAC: svchost.exe -> svchost.exe Access=1000	
00009899	113.26625061	System	PAC: svchost.exe -> svchost.exe Access=1000	
00009900	113.26657104	System	PAC: svchost.exe -> svchost.exe Access=1000	
00009901	113.26666260	System	PAC: svchost.exe -> svchost.exe Access=1000	
00009902	113.26673889	System	PAC: svchost.exe -> svchost.exe Access=1000	
00009903	113.26700592	System	PAC: svchost.exe -> svchost.exe Access=1000	
00009904	113.26708221	System	PAC: svchost.exe -> svchost.exe Access=1000	
00009905	113.26735687	System	PAC: svchost.exe -> svchost.exe Access=1000	
00009906	113.26743317	System	PAC: svchost.exe -> svchost.exe Access=1000	
00009907	113.26753235	System	PAC: svchost.exe -> svchost.exe Access=1000	
00009908	113.26799011	System	PAC: svchost.exe -> svchost.exe Access=1000	
00009909	113.26847076	System	PAC: svchost.exe -> svchost.exe Access=1000	
00009910	113.26863098	System	PAC: svchost.exe -> svchost.exe Access=1000	
00009911	113.28952026	System	PAC: svchost.exe -> svchost.exe Access=1000	
00009912	113.29145813	System	PAC: svchost.exe -> svchost.exe Access=1000	
00009913	113.29210663	System	PAC: svchost.exe -> svchost.exe Access=1000	
00009914	113.29286194	System	PAC: svchost.exe -> svchost.exe Access=1000	
00009915	113.37494659	System	PAC: svchost.exe -> svchost.exe Access=1000	
00009916	113.43447113	System	PAC: svchost.exe -> svchost.exe Access=1000	
00009917	113.43448639	System	PAC: svchost.exe -> svchost.exe Access=40	
00009918	113.43617249	System	PAC: svchost.exe -> svchost.exe Access=1000	
00009919	113.43618774	System	PAC: svchost.exe -> svchost.exe Access=1000	
00009920	113.43624878	System	PAC: svchost.exe -> svchost.exe Access=1000	
00009921	113.43647766	System	PAC: svchost.exe -> svchost.exe Access=1000	
00009922	113.43649292	System	PAC: svchost.exe -> svchost.exe Access=1000	
00009923	113.43682861	System	PAC: svchost.exe -> StartMenuExper Access=1000	
00009924	113.43787384	System	PAC: svchost.exe -> explorer.exe Access=1000	
00009925	113.43821716	System	PAC: svchost.exe -> svchost.exe Access=1000	
00009926	113.43837738	System	PAC: svchost.exe -> explorer.exe Access=1000	
00009927	113.44684601	System	PAC: svchost.exe -> svchost.exe Access=1000	
00009928	113.44763184	System	PAC: svchost.exe -> SearchIndexer. Access=1000	
00009929	113.44775391	System	PAC: svchost.exe -> svchost.exe Access=1000	
00009930	113.44879150	System	PAC: svchost.exe -> svchost.exe Access=1000	
00009931	113.44898224	System	PAC: svchost.exe -> SearchIndexer. Access=1000	
00009932	113.44931793	System	PAC: svchost.exe -> svchost.exe Access=1000	
00009933	113.44941711	System	PAC: svchost.exe -> svchost.exe Access=1000	
00009934	113.45029449	System	PAC: svchost.exe -> SearchIndexer. Access=1000	
00009935	113.45086670	System	PAC: svchost.exe -> SearchIndexer. Access=1000	
00009936	113.45111084	System	PAC: svchost.exe -> SearchIndexer. Access=1000	
00009937	113.45218658	System	PAC: svchost.exe -> explorer.exe Access=1000	
00009938	113.45256042	System	PAC: svchost.exe -> explorer.exe Access=1000	
00009939	113.45294189	System	PAC: svchost.exe -> explorer.exe Access=1000	
00009940	113.45335388	System	PAC: svchost.exe -> explorer.exe Access=1000	
00009941	113.45462036	System	PAC: svchost.exe -> explorer.exe Access=1000	
00009942	113.45537567	System	PAC: svchost.exe -> explorer.exe Access=1000	
00009943	113.45843506	System	PAC: svchost.exe -> explorer.exe Access=1000	
00009944	113.46132660	System	PAC: svchost.exe -> sihost.exe Access=1000	
00009945	113.46136475	System	PAC: svchost.exe -> explorer.exe Access=1000	
00009946	113.46193695	System	PAC: svchost.exe -> explorer.exe Access=1000	
00009947	113.46297455	System	PAC: svchost.exe -> sihost.exe Access=1000	
00009948	113.46446991	System	PAC: svchost.exe -> explorer.exe Access=1000	
00009949	113.46684265	System	PAC: svchost.exe -> explorer.exe Access=1000	
00009950	113.46752167	System	PAC: lsass.exe -> sihost.exe Access=1000	
00009951	113.46887970	System	PAC: lsass.exe -> sihost.exe Access=1000	
00009952	113.46910858	System	PAC: lsass.exe -> sihost.exe Access=1000	
00009953	113.46928406	System	PAC: lsass.exe -> sihost.exe Access=1000	
00009954	113.47305298	System	PAC: svchost.exe -> explorer.exe Access=1000	
00009955	113.47398376	System	PAC: svchost.exe -> explorer.exe Access=1000	
00009956	113.47608185	System	PAC: svchost.exe -> svchost.exe Access=1000	
00009957	113.47732544	System	PAC: svchost.exe -> svchost.exe Access=1000	
00009958	113.47906494	System	PAC: svchost.exe -> explorer.exe Access=1000	
00009959	113.47943878	System	PAC: svchost.exe -> svchost.exe Access=1000	
00009960	113.47989655	System	PAC: svchost.exe -> explorer.exe Access=1000	
00009961	113.48001099	System	PAC: svchost.exe -> explorer.exe Access=1000	
00009962	113.48011780	System	PAC: sihost.exe -> sihost.exe Access=1000	
00009963	113.48012543	System	PAC: sihost.exe -> sihost.exe Access=1000	
00009964	113.48161316	System	PAC: svchost.exe -> StartMenuExper Access=1000	
00009965	113.48353577	System	PAC: svchost.exe -> explorer.exe Access=1000	
00009966	113.48354340	System	PAC: svchost.exe -> svchost.exe Access=1000	
00009967	113.48358154	System	PAC: svchost.exe -> svchost.exe Access=1000	
00009968	113.48461914	System	PAC: svchost.exe -> explorer.exe Access=1000	
00009969	113.48508453	System	PAC: svchost.exe -> explorer.exe Access=1000	
00009970	113.48559570	System	PAC: svchost.exe -> explorer.exe Access=1000	
00009971	113.48648834	System	PAC: svchost.exe -> explorer.exe Access=1000	
00009972	113.48733521	System	PAC: svchost.exe -> explorer.exe Access=1000	
00009973	113.48757935	System	PAC: svchost.exe -> svchost.exe Access=1000	
00009974	113.48760223	System	PAC: svchost.exe -> svchost.exe Access=1000	
00009975	113.48782349	System	PAC: svchost.exe -> RuntimeBroker. Access=1000	
00009976	113.48786163	System	PAC: svchost.exe -> explorer.exe Access=1000	
00009977	113.48856354	System	PAC: svchost.exe -> sihost.exe Access=1014C0	
00009978	113.48877716	System	PAC: svchost.exe -> explorer.exe Access=1000	
00009979	113.48943329	System	PAC: svchost.exe -> svchost.exe Access=1000	
00009980	113.49064636	System	PAC: svchost.exe -> explorer.exe Access=1000	
00009981	113.49182892	System	PAC: svchost.exe -> explorer.exe Access=1000	
00009982	113.49313354	System	PAC: svchost.exe -> explorer.exe Access=1000	
00009983	113.49447632	System	PAC: svchost.exe -> explorer.exe Access=1000	
00009984	113.49492645	System	PAC: svchost.exe -> explorer.exe Access=1000	
00009985	113.49647522	System	PAC: svchost.exe -> StartMenuExper Access=1000	
00009986	113.49725342	System	PAC: svchost.exe -> explorer.exe Access=1000	
00009987	113.49774170	System	PAC: svchost.exe -> sihost.exe Access=1410	
00009988	113.49811554	System	PAC: svchost.exe -> StartMenuExper Access=1000	
00009989	113.49857330	System	PAC: svchost.exe -> explorer.exe Access=1000	
00009990	113.49859619	System	PAC: svchost.exe -> explorer.exe Access=1000	
00009991	113.49863434	System	PAC: svchost.exe -> explorer.exe Access=1000	
00009992	113.49971008	System	PAC: svchost.exe -> explorer.exe Access=1000	
00009993	113.50061798	System	PAC: svchost.exe -> StartMenuExper Access=1000	
00009994	113.50108337	System	PAC: svchost.exe -> explorer.exe Access=1000	
00009995	113.50187683	System	PAC: svchost.exe -> StartMenuExper Access=1000	
00009996	113.50189972	System	PAC: svchost.exe -> explorer.exe Access=1000	
00009997	113.50212097	System	PAC: svchost.exe -> StartMenuExper Access=1000	
00009998	113.50444794	System	PAC: svchost.exe -> explorer.exe Access=1000	
00009999	113.50478363	System	PAC: svchost.exe -> explorer.exe Access=1000	
00010000	113.50507355	System	PAC: svchost.exe -> explorer.exe Access=1000	
00010001	113.50595856	System	PAC: svchost.exe -> explorer.exe Access=1000	
00010002	113.50759888	System	PAC: svchost.exe -> explorer.exe Access=1000	
00010003	113.50807953	System	PAC: MsMpEng.exe -> M365Copilot.ex Access=3600	
00010004	113.50836182	System	PAC: svchost.exe -> explorer.exe Access=1000	
00010005	113.50839996	System	PAC: MsMpEng.exe -> M365Copilot.ex Access=1000	
00010006	113.50939941	System	PAC: svchost.exe -> M365Copilot.ex Access=1FFFFF	
00010007	113.51007843	System	PAC: svchost.exe -> explorer.exe Access=1000	
00010008	113.51082611	System	PAC: svchost.exe -> explorer.exe Access=1000	
00010009	113.51153564	System	PAC: csrss.exe -> M365Copilot.ex Access=1FFFFF	
00010010	113.51206207	System	PAC: svchost.exe -> M365Copilot.ex Access=1FFFFF	
00010011	113.51207733	System	PAC: svchost.exe -> M365Copilot.ex Access=1501	
00010012	113.51300812	System	PAC: svchost.exe -> explorer.exe Access=1000	
00010013	113.51440430	System	PAC: svchost.exe -> explorer.exe Access=1000	
00010014	113.51467896	System	PAC: svchost.exe -> explorer.exe Access=1000	
00010015	113.51494598	System	PAC: svchost.exe -> explorer.exe Access=1000	
00010016	113.51560974	System	PAC: svchost.exe -> explorer.exe Access=1000	
00010017	113.51668549	System	PAC: svchost.exe -> StartMenuExper Access=1000	
00010018	113.51679993	System	PAC: svchost.exe -> explorer.exe Access=1000	
00010019	113.51753235	System	PAC: svchost.exe -> explorer.exe Access=1000	
00010020	113.51772308	System	PAC: svchost.exe -> explorer.exe Access=1000	
00010021	113.51808167	System	PAC: svchost.exe -> explorer.exe Access=1000	
00010022	113.51908112	System	PAC: svchost.exe -> explorer.exe Access=1000	
00010023	113.52024078	System	PAC: svchost.exe -> explorer.exe Access=1000	
00010024	113.52314758	System	PAC: svchost.exe -> StartMenuExper Access=1000	
00010025	113.52643585	System	PAC: svchost.exe -> explorer.exe Access=1000	
00010026	113.52762604	System	PAC: svchost.exe -> explorer.exe Access=1000	
00010027	113.52838135	System	PAC: svchost.exe -> StartMenuExper Access=1000	
00010028	113.52906036	System	PAC: svchost.exe -> explorer.exe Access=1000	
00010029	113.52985382	System	PAC: svchost.exe -> explorer.exe Access=1000	
00010030	113.53217316	System	PAC: svchost.exe -> explorer.exe Access=1000	
00010031	113.53313446	System	PAC: svchost.exe -> explorer.exe Access=1000	
00010032	113.53410339	System	PAC: svchost.exe -> explorer.exe Access=1000	
00010033	113.53588104	System	PAC: svchost.exe -> explorer.exe Access=1000	
00010034	113.53638458	System	PAC: svchost.exe -> explorer.exe Access=1000	
00010035	113.53794861	System	PAC: svchost.exe -> explorer.exe Access=1000	
00010036	113.53859711	System	PAC: svchost.exe -> explorer.exe Access=1000	
00010037	113.53984070	System	PAC: svchost.exe -> explorer.exe Access=1000	
00010038	113.54000854	System	PAC: svchost.exe -> svchost.exe Access=1000	
00010039	113.54112244	System	PAC: svchost.exe -> svchost.exe Access=1000	
00010040	113.54163361	System	PAC: svchost.exe -> explorer.exe Access=1000	
00010041	113.54192352	System	PAC: svchost.exe -> explorer.exe Access=1000	
00010042	113.54286194	System	PAC: svchost.exe -> explorer.exe Access=1000	
00010043	113.54348755	System	PAC: svchost.exe -> svchost.exe Access=1000	
00010044	113.54398346	System	PAC: svchost.exe -> explorer.exe Access=1000	
00010045	113.54478455	System	PAC: svchost.exe -> explorer.exe Access=1000	
00010046	113.54773712	System	PAC: svchost.exe -> svchost.exe Access=1000	
00010047	113.54849243	System	PAC: svchost.exe -> explorer.exe Access=1000	
00010048	113.55017090	System	PAC: svchost.exe -> explorer.exe Access=1000	
00010049	113.55256653	System	PAC: svchost.exe -> explorer.exe Access=1000	
00010050	113.55572510	System	PAC: svchost.exe -> explorer.exe Access=1000	
00010051	113.55648041	System	PAC: svchost.exe -> explorer.exe Access=1000	
00010052	113.55792999	System	PAC: svchost.exe -> explorer.exe Access=1000	
00010053	113.55859375	System	PAC: svchost.exe -> explorer.exe Access=1000	
00010054	113.55868530	System	PAC: svchost.exe -> explorer.exe Access=1000	
00010055	113.55929565	System	PAC: svchost.exe -> explorer.exe Access=1000	
00010056	113.56025696	System	PAC: svchost.exe -> explorer.exe Access=1000	
00010057	113.56046295	System	PAC: svchost.exe -> explorer.exe Access=1000	
00010058	113.56084442	System	PAC: svchost.exe -> explorer.exe Access=1000	
00010059	113.56133270	System	PAC: svchost.exe -> explorer.exe Access=1000	
00010060	113.56144714	System	PAC: svchost.exe -> explorer.exe Access=1000	
00010061	113.56158447	System	PAC: svchost.exe -> explorer.exe Access=1000	
00010062	113.56233978	System	PAC: svchost.exe -> explorer.exe Access=1000	
00010063	113.56308746	System	PAC: svchost.exe -> explorer.exe Access=1000	
00010064	113.56336975	System	PAC: svchost.exe -> explorer.exe Access=1000	
00010065	113.56354523	System	PAC: svchost.exe -> explorer.exe Access=1000	
00010066	113.56364441	System	PAC: svchost.exe -> explorer.exe Access=1000	
00010067	113.56390381	System	PAC: svchost.exe -> explorer.exe Access=1000	
00010068	113.56412506	System	PAC: svchost.exe -> explorer.exe Access=1000	
00010069	113.56452942	System	PAC: svchost.exe -> explorer.exe Access=1000	
00010070	113.56488800	System	PAC: svchost.exe -> explorer.exe Access=1000	
00010071	113.56505585	System	PAC: svchost.exe -> explorer.exe Access=1000	
00010072	113.56514740	System	PAC: svchost.exe -> explorer.exe Access=1000	
00010073	113.56562042	System	PAC: svchost.exe -> explorer.exe Access=1000	
00010074	113.56587219	System	PAC: svchost.exe -> explorer.exe Access=1000	
00010075	113.56615448	System	PAC: svchost.exe -> explorer.exe Access=1000	
00010076	113.56618500	System	PAC: svchost.exe -> explorer.exe Access=1000	
00010077	113.56656647	System	PAC: svchost.exe -> explorer.exe Access=1000	
00010078	113.56668091	System	PAC: svchost.exe -> explorer.exe Access=1000	
00010079	113.56677246	System	PAC: svchost.exe -> svchost.exe Access=1000	
00010080	113.56700134	System	PAC: svchost.exe -> explorer.exe Access=1000	
00010081	113.56735992	System	PAC: svchost.exe -> explorer.exe Access=1000	
00010082	113.56771851	System	PAC: svchost.exe -> explorer.exe Access=1000	
00010083	113.56777954	System	PAC: svchost.exe -> svchost.exe Access=1000	
00010084	113.56809998	System	PAC: svchost.exe -> explorer.exe Access=1000	
00010085	113.56837463	System	PAC: svchost.exe -> explorer.exe Access=1000	
00010086	113.56875610	System	PAC: svchost.exe -> explorer.exe Access=1000	
00010087	113.56989288	System	PAC: svchost.exe -> explorer.exe Access=1000	
00010088	113.57025146	System	PAC: svchost.exe -> svchost.exe Access=1000	
00010089	113.57104492	System	PAC: svchost.exe -> explorer.exe Access=1000	
00010090	113.57205963	System	PAC: svchost.exe -> explorer.exe Access=1000	
00010091	113.57273865	System	PAC: svchost.exe -> explorer.exe Access=1000	
00010092	113.57300568	System	PAC: svchost.exe -> explorer.exe Access=1000	
00010093	113.57321167	System	PAC: svchost.exe -> explorer.exe Access=1000	
00010094	113.57479858	System	PAC: svchost.exe -> explorer.exe Access=1000	
00010095	113.57518005	System	PAC: svchost.exe -> explorer.exe Access=1000	
00010096	113.57584381	System	PAC: svchost.exe -> explorer.exe Access=1000	
00010097	113.57635498	System	PAC: svchost.exe -> explorer.exe Access=1000	
00010098	113.57743073	System	PAC: svchost.exe -> explorer.exe Access=1000	
00010099	113.57810211	System	PAC: svchost.exe -> explorer.exe Access=1000	
00010100	113.57862091	System	PAC: svchost.exe -> explorer.exe Access=1000	
00010101	113.57901001	System	PAC: svchost.exe -> explorer.exe Access=1000	
00010102	113.57923889	System	PAC: svchost.exe -> explorer.exe Access=1000	
00010103	113.57961273	System	PAC: svchost.exe -> explorer.exe Access=1000	
00010104	113.58010864	System	PAC: svchost.exe -> explorer.exe Access=1000	
00010105	113.58031464	System	PAC: svchost.exe -> explorer.exe Access=1000	
00010106	113.58064270	System	PAC: svchost.exe -> explorer.exe Access=1000	
00010107	113.58065796	System	PAC: svchost.exe -> explorer.exe Access=1000	
00010108	113.58065796	System	PAC: svchost.exe -> explorer.exe Access=1000	
00010109	113.58067322	System	PAC: svchost.exe -> explorer.exe Access=1000	
00010110	113.58067322	System	PAC: svchost.exe -> explorer.exe Access=1000	
00010111	113.58067322	System	PAC: svchost.exe -> explorer.exe Access=1000	
00010112	113.58067322	System	PAC: svchost.exe -> explorer.exe Access=1000	
00010113	113.58068848	System	PAC: svchost.exe -> explorer.exe Access=1000	
00010114	113.58068848	System	PAC: svchost.exe -> explorer.exe Access=1000	
00010115	113.58068848	System	PAC: svchost.exe -> explorer.exe Access=1000	
00010116	113.58073425	System	PAC: svchost.exe -> explorer.exe Access=1000	
00010117	113.58074951	System	PAC: svchost.exe -> explorer.exe Access=1000	
00010118	113.58074951	System	PAC: svchost.exe -> explorer.exe Access=1000	
00010119	113.58074951	System	PAC: svchost.exe -> explorer.exe Access=1000	
00010120	113.58082581	System	PAC: svchost.exe -> explorer.exe Access=1000	
00010121	113.58084106	System	PAC: svchost.exe -> explorer.exe Access=1000	
00010122	113.58084869	System	PAC: svchost.exe -> explorer.exe Access=1000	
00010123	113.58084869	System	PAC: svchost.exe -> explorer.exe Access=1000	
00010124	113.58084869	System	PAC: svchost.exe -> explorer.exe Access=1000	
00010125	113.58086395	System	PAC: svchost.exe -> explorer.exe Access=1000	
00010126	113.58086395	System	PAC: svchost.exe -> explorer.exe Access=1000	
00010127	113.58086395	System	PAC: svchost.exe -> explorer.exe Access=1000	
00010128	113.58087921	System	PAC: svchost.exe -> explorer.exe Access=1000	
00010129	113.58087921	System	PAC: svchost.exe -> explorer.exe Access=1000	
00010130	113.58087921	System	PAC: svchost.exe -> explorer.exe Access=1000	
00010131	113.58088684	System	PAC: svchost.exe -> explorer.exe Access=1000	
00010132	113.58088684	System	PAC: svchost.exe -> explorer.exe Access=1000	
00010133	113.58088684	System	PAC: svchost.exe -> explorer.exe Access=1000	
00010134	113.58090210	System	PAC: svchost.exe -> explorer.exe Access=1000	
00010135	113.58090210	System	PAC: svchost.exe -> explorer.exe Access=1000	
00010136	113.58090210	System	PAC: svchost.exe -> explorer.exe Access=1000	
00010137	113.58090210	System	PAC: svchost.exe -> explorer.exe Access=1000	
00010138	113.58091736	System	PAC: svchost.exe -> explorer.exe Access=1000	
00010139	113.58091736	System	PAC: svchost.exe -> explorer.exe Access=1000	
00010140	113.58091736	System	PAC: svchost.exe -> explorer.exe Access=1000	
00010141	113.58092499	System	PAC: svchost.exe -> explorer.exe Access=1000	
00010142	113.58092499	System	PAC: svchost.exe -> explorer.exe Access=1000	
00010143	113.58092499	System	PAC: svchost.exe -> explorer.exe Access=1000	
00010144	113.58092499	System	PAC: svchost.exe -> explorer.exe Access=1000	
00010145	113.58094025	System	PAC: svchost.exe -> explorer.exe Access=1000	
00010146	113.58095551	System	PAC: svchost.exe -> explorer.exe Access=1000	
00010147	113.58095551	System	PAC: svchost.exe -> explorer.exe Access=1000	
00010148	113.58096313	System	PAC: svchost.exe -> explorer.exe Access=1000	
00010149	113.58096313	System	PAC: svchost.exe -> explorer.exe Access=1000	
00010150	113.58096313	System	PAC: svchost.exe -> explorer.exe Access=1000	
00010151	113.58097839	System	PAC: svchost.exe -> explorer.exe Access=1000	
00010152	113.58099365	System	PAC: svchost.exe -> explorer.exe Access=1000	
00010153	113.58099365	System	PAC: svchost.exe -> explorer.exe Access=1000	
00010154	113.58099365	System	PAC: svchost.exe -> explorer.exe Access=1000	
00010155	113.58100128	System	PAC: svchost.exe -> explorer.exe Access=1000	
00010156	113.58100128	System	PAC: svchost.exe -> explorer.exe Access=1000	
00010157	113.58100128	System	PAC: svchost.exe -> explorer.exe Access=1000	
00010158	113.58100128	System	PAC: svchost.exe -> explorer.exe Access=1000	
00010159	113.58101654	System	PAC: svchost.exe -> explorer.exe Access=1000	
00010160	113.58101654	System	PAC: svchost.exe -> explorer.exe Access=1000	
00010161	113.58101654	System	PAC: svchost.exe -> explorer.exe Access=1000	
00010162	113.58103180	System	PAC: svchost.exe -> explorer.exe Access=1000	
00010163	113.58103180	System	PAC: svchost.exe -> explorer.exe Access=1000	
00010164	113.58103180	System	PAC: svchost.exe -> explorer.exe Access=1000	
00010165	113.58103943	System	PAC: svchost.exe -> explorer.exe Access=1000	
00010166	113.58103943	System	PAC: svchost.exe -> explorer.exe Access=1000	
00010167	113.58103943	System	PAC: svchost.exe -> explorer.exe Access=1000	
00010168	113.58103943	System	PAC: svchost.exe -> explorer.exe Access=1000	
00010169	113.58105469	System	PAC: svchost.exe -> explorer.exe Access=1000	
00010170	113.58105469	System	PAC: svchost.exe -> explorer.exe Access=1000	
00010171	113.58105469	System	PAC: svchost.exe -> explorer.exe Access=1000	
00010172	113.58106995	System	PAC: svchost.exe -> explorer.exe Access=1000	
00010173	113.58106995	System	PAC: svchost.exe -> explorer.exe Access=1000	
00010174	113.58106995	System	PAC: svchost.exe -> explorer.exe Access=1000	
00010175	113.58106995	System	PAC: svchost.exe -> explorer.exe Access=1000	
00010176	113.58108521	System	PAC: svchost.exe -> explorer.exe Access=1000	
00010177	113.58108521	System	PAC: svchost.exe -> explorer.exe Access=1000	
00010178	113.58108521	System	PAC: svchost.exe -> explorer.exe Access=1000	
00010179	113.58109283	System	PAC: svchost.exe -> explorer.exe Access=1000	
00010180	113.58109283	System	PAC: svchost.exe -> explorer.exe Access=1000	
00010181	113.58109283	System	PAC: svchost.exe -> explorer.exe Access=1000	
00010182	113.58109283	System	PAC: svchost.exe -> explorer.exe Access=1000	
00010183	113.58110809	System	PAC: svchost.exe -> explorer.exe Access=1000	
00010184	113.58110809	System	PAC: svchost.exe -> explorer.exe Access=1000	
00010185	113.58110809	System	PAC: svchost.exe -> explorer.exe Access=1000	
00010186	113.58112335	System	PAC: svchost.exe -> explorer.exe Access=1000	
00010187	113.58112335	System	PAC: svchost.exe -> explorer.exe Access=1000	
00010188	113.58112335	System	PAC: svchost.exe -> explorer.exe Access=1000	
00010189	113.58112335	System	PAC: svchost.exe -> explorer.exe Access=1000	
00010190	113.58113098	System	PAC: svchost.exe -> explorer.exe Access=1000	
00010191	113.58113098	System	PAC: svchost.exe -> explorer.exe Access=1000	
00010192	113.58113098	System	PAC: svchost.exe -> explorer.exe Access=1000	
00010193	113.58113098	System	PAC: svchost.exe -> explorer.exe Access=1000	
00010194	113.58114624	System	PAC: svchost.exe -> explorer.exe Access=1000	
00010195	113.58114624	System	PAC: svchost.exe -> explorer.exe Access=1000	
00010196	113.58114624	System	PAC: svchost.exe -> explorer.exe Access=1000	
00010197	113.58116150	System	PAC: svchost.exe -> explorer.exe Access=1000	
00010198	113.58116150	System	PAC: svchost.exe -> explorer.exe Access=1000	
00010199	113.58116150	System	PAC: svchost.exe -> explorer.exe Access=1000	
00010200	113.58116150	System	PAC: svchost.exe -> explorer.exe Access=1000	
00010201	113.58116913	System	PAC: svchost.exe -> explorer.exe Access=1000	
00010202	113.58116913	System	PAC: svchost.exe -> explorer.exe Access=1000	
00010203	113.58118439	System	PAC: svchost.exe -> explorer.exe Access=1000	
00010204	113.58118439	System	PAC: svchost.exe -> explorer.exe Access=1000	
00010205	113.58118439	System	PAC: svchost.exe -> explorer.exe Access=1000	
00010206	113.58119965	System	PAC: svchost.exe -> explorer.exe Access=1000	
00010207	113.59452057	System	PAC: svchost.exe -> explorer.exe Access=1000	
00010208	113.59453583	System	PAC: svchost.exe -> explorer.exe Access=1000	
00010209	113.59455872	System	PAC: svchost.exe -> explorer.exe Access=1000	
00010210	113.59455872	System	PAC: svchost.exe -> explorer.exe Access=1000	
00010211	113.59455872	System	PAC: svchost.exe -> explorer.exe Access=1000	
00010212	113.59455872	System	PAC: svchost.exe -> explorer.exe Access=1000	
00010213	113.59457397	System	PAC: svchost.exe -> explorer.exe Access=1000	
00010214	113.59457397	System	PAC: svchost.exe -> explorer.exe Access=1000	
00010215	113.59457397	System	PAC: svchost.exe -> explorer.exe Access=1000	
00010216	113.59457397	System	PAC: svchost.exe -> explorer.exe Access=1000	
00010217	113.59458923	System	PAC: svchost.exe -> explorer.exe Access=1000	
00010218	113.59458923	System	PAC: svchost.exe -> explorer.exe Access=1000	
00010219	113.59458923	System	PAC: svchost.exe -> explorer.exe Access=1000	
00010220	113.59458923	System	PAC: svchost.exe -> explorer.exe Access=1000	
00010221	113.59459686	System	PAC: svchost.exe -> explorer.exe Access=1000	
00010222	113.59459686	System	PAC: svchost.exe -> explorer.exe Access=1000	
00010223	113.59459686	System	PAC: svchost.exe -> explorer.exe Access=1000	
00010224	113.59459686	System	PAC: svchost.exe -> explorer.exe Access=1000	
00010225	113.59459686	System	PAC: svchost.exe -> explorer.exe Access=1000	
00010226	113.59461212	System	PAC: svchost.exe -> explorer.exe Access=1000	
00010227	113.59467316	System	PAC: svchost.exe -> explorer.exe Access=1000	
00010228	113.59468842	System	PAC: svchost.exe -> explorer.exe Access=1000	
00010229	113.59468842	System	PAC: svchost.exe -> explorer.exe Access=1000	
00010230	113.59468842	System	PAC: svchost.exe -> explorer.exe Access=1000	
00010231	113.59470367	System	PAC: svchost.exe -> explorer.exe Access=1000	
00010232	113.59470367	System	PAC: svchost.exe -> explorer.exe Access=1000	
00010233	113.59470367	System	PAC: svchost.exe -> explorer.exe Access=1000	
00010234	113.59470367	System	PAC: svchost.exe -> explorer.exe Access=1000	
00010235	113.59470367	System	PAC: svchost.exe -> explorer.exe Access=1000	
00010236	113.59471130	System	PAC: svchost.exe -> explorer.exe Access=1000	
00010237	113.59471130	System	PAC: svchost.exe -> explorer.exe Access=1000	
00010238	113.59471130	System	PAC: svchost.exe -> explorer.exe Access=1000	
00010239	113.59471130	System	PAC: svchost.exe -> explorer.exe Access=1000	
00010240	113.59472656	System	PAC: svchost.exe -> explorer.exe Access=1000	
00010241	113.59472656	System	PAC: svchost.exe -> explorer.exe Access=1000	
00010242	113.59472656	System	PAC: svchost.exe -> explorer.exe Access=1000	
00010243	113.59472656	System	PAC: svchost.exe -> explorer.exe Access=1000	
00010244	113.59474182	System	PAC: svchost.exe -> explorer.exe Access=1000	
00010245	113.59474182	System	PAC: svchost.exe -> explorer.exe Access=1000	
00010246	113.59474182	System	PAC: svchost.exe -> explorer.exe Access=1000	
00010247	113.59474182	System	PAC: svchost.exe -> explorer.exe Access=1000	
00010248	113.59474182	System	PAC: svchost.exe -> explorer.exe Access=1000	
00010249	113.59474945	System	PAC: svchost.exe -> explorer.exe Access=1000	
00010250	113.59474945	System	PAC: svchost.exe -> explorer.exe Access=1000	
00010251	113.59474945	System	PAC: svchost.exe -> explorer.exe Access=1000	
00010252	113.59474945	System	PAC: svchost.exe -> explorer.exe Access=1000	
00010253	113.59476471	System	PAC: svchost.exe -> explorer.exe Access=1000	
00010254	113.59476471	System	PAC: svchost.exe -> explorer.exe Access=1000	
00010255	113.59476471	System	PAC: svchost.exe -> explorer.exe Access=1000	
00010256	113.59476471	System	PAC: svchost.exe -> explorer.exe Access=1000	
00010257	113.59476471	System	PAC: svchost.exe -> explorer.exe Access=1000	
00010258	113.59477997	System	PAC: svchost.exe -> explorer.exe Access=1000	
00010259	113.59477997	System	PAC: svchost.exe -> explorer.exe Access=1000	
00010260	113.59477997	System	PAC: svchost.exe -> explorer.exe Access=1000	
00010261	113.59477997	System	PAC: svchost.exe -> explorer.exe Access=1000	
00010262	113.59478760	System	PAC: svchost.exe -> explorer.exe Access=1000	
00010263	113.59478760	System	PAC: svchost.exe -> explorer.exe Access=1000	
00010264	113.59478760	System	PAC: svchost.exe -> explorer.exe Access=1000	
00010265	113.59478760	System	PAC: svchost.exe -> explorer.exe Access=1000	
00010266	113.59480286	System	PAC: svchost.exe -> explorer.exe Access=1000	
00010267	113.59480286	System	PAC: svchost.exe -> explorer.exe Access=1000	
00010268	113.59480286	System	PAC: svchost.exe -> explorer.exe Access=1000	
00010269	113.59480286	System	PAC: svchost.exe -> explorer.exe Access=1000	
00010270	113.59480286	System	PAC: svchost.exe -> explorer.exe Access=1000	
00010271	113.59481812	System	PAC: svchost.exe -> explorer.exe Access=1000	
00010272	113.59491730	System	PAC: svchost.exe -> explorer.exe Access=1000	
00010273	113.59493256	System	PAC: svchost.exe -> explorer.exe Access=1000	
00010274	113.59493256	System	PAC: svchost.exe -> explorer.exe Access=1000	
00010275	113.59493256	System	PAC: svchost.exe -> explorer.exe Access=1000	
00010276	113.59494019	System	PAC: svchost.exe -> explorer.exe Access=1000	
00010277	113.59494019	System	PAC: svchost.exe -> explorer.exe Access=1000	
00010278	113.59494019	System	PAC: svchost.exe -> explorer.exe Access=1000	
00010279	113.59494019	System	PAC: svchost.exe -> explorer.exe Access=1000	
00010280	113.59495544	System	PAC: svchost.exe -> explorer.exe Access=1000	
00010281	113.59495544	System	PAC: svchost.exe -> explorer.exe Access=1000	
00010282	113.59495544	System	PAC: svchost.exe -> explorer.exe Access=1000	
00010283	113.59495544	System	PAC: svchost.exe -> explorer.exe Access=1000	
00010284	113.59495544	System	PAC: svchost.exe -> explorer.exe Access=1000	
00010285	113.59497070	System	PAC: svchost.exe -> explorer.exe Access=1000	
00010286	113.59497070	System	PAC: svchost.exe -> explorer.exe Access=1000	
00010287	113.59497070	System	PAC: svchost.exe -> explorer.exe Access=1000	
00010288	113.59497070	System	PAC: svchost.exe -> explorer.exe Access=1000	
00010289	113.59498596	System	PAC: svchost.exe -> explorer.exe Access=1000	
00010290	113.59498596	System	PAC: svchost.exe -> explorer.exe Access=1000	
00010291	113.59498596	System	PAC: svchost.exe -> explorer.exe Access=1000	
00010292	113.59498596	System	PAC: svchost.exe -> explorer.exe Access=1000	
00010293	113.59499359	System	PAC: svchost.exe -> explorer.exe Access=1000	
00010294	113.59499359	System	PAC: svchost.exe -> explorer.exe Access=1000	
00010295	113.59499359	System	PAC: svchost.exe -> explorer.exe Access=1000	
00010296	113.59499359	System	PAC: svchost.exe -> explorer.exe Access=1000	
00010297	113.59499359	System	PAC: svchost.exe -> explorer.exe Access=1000	
00010298	113.59500885	System	PAC: svchost.exe -> explorer.exe Access=1000	
00010299	113.59500885	System	PAC: svchost.exe -> explorer.exe Access=1000	
00010300	113.59500885	System	PAC: svchost.exe -> explorer.exe Access=1000	
00010301	113.59500885	System	PAC: svchost.exe -> explorer.exe Access=1000	
00010302	113.59502411	System	PAC: svchost.exe -> explorer.exe Access=1000	
00010303	113.59502411	System	PAC: svchost.exe -> explorer.exe Access=1000	
00010304	113.59502411	System	PAC: svchost.exe -> explorer.exe Access=1000	
00010305	113.59502411	System	PAC: svchost.exe -> explorer.exe Access=1000	
00010306	113.59503174	System	PAC: svchost.exe -> explorer.exe Access=1000	
00010307	113.59503174	System	PAC: svchost.exe -> explorer.exe Access=1000	
00010308	113.59510803	System	PAC: svchost.exe -> explorer.exe Access=1000	
00010309	113.59534454	System	PAC: svchost.exe -> explorer.exe Access=1000	
00010310	113.59535217	System	PAC: svchost.exe -> explorer.exe Access=1000	
00010311	113.59535217	System	PAC: svchost.exe -> explorer.exe Access=1000	
00010312	113.59535217	System	PAC: svchost.exe -> explorer.exe Access=1000	
00010313	113.59586334	System	PAC: svchost.exe -> explorer.exe Access=1000	
00010314	113.59586334	System	PAC: svchost.exe -> explorer.exe Access=1000	
00010315	113.59587860	System	PAC: svchost.exe -> explorer.exe Access=1000	
00010316	113.59587860	System	PAC: svchost.exe -> explorer.exe Access=1000	
00010317	113.61336517	System	PAC: svchost.exe -> M365Copilot.ex Access=1101	
00010318	113.61470795	System	PAC: svchost.exe -> sihost.exe Access=1440	
00010319	113.61473083	System	PAC: svchost.exe -> M365Copilot.ex Access=1FFFFF	
00010320	113.61474609	System	PAC: svchost.exe -> M365Copilot.ex Access=1000	
00010321	113.61552429	System	PAC: svchost.exe -> M365Copilot.ex Access=1FFFFF	
00010322	113.61555481	System	PAC: sihost.exe -> M365Copilot.ex Access=1FFFFF	
00010323	113.61884308	System	PAC: csrss.exe -> M365Copilot.ex Access=1FFFFF	
00010324	113.70466614	System	PAC: svchost.exe -> M365Copilot.ex Access=1000	
00010325	113.70468903	System	PAC: svchost.exe -> M365Copilot.ex Access=100000	
00010326	113.71139526	System	PAC: svchost.exe -> M365Copilot.ex Access=1000	
00010327	113.71320343	System	PAC: svchost.exe -> M365Copilot.ex Access=1000	
00010328	113.71632385	System	PAC: svchost.exe -> M365Copilot.ex Access=1000	
00010329	113.71862793	System	PAC: svchost.exe -> M365Copilot.ex Access=1000	
00010330	113.72950745	System	PAC: lsass.exe -> M365Copilot.ex Access=1000	
00010331	113.74859619	System	PAC: MsMpEng.exe -> msedgewebview2 Access=1000	
00010332	113.74861908	System	PAC: MsMpEng.exe -> msedgewebview2 Access=1000	
00010333	113.74861908	System	PAC: MsMpEng.exe -> msedgewebview2 Access=1000	
00010334	113.74863434	System	PAC: MsMpEng.exe -> msedgewebview2 Access=101000	
00010335	113.74868774	System	PAC: MsMpEng.exe -> msedgewebview2 Access=1000	
00010336	113.74869537	System	PAC: MsMpEng.exe -> msedgewebview2 Access=1000	
00010337	113.74869537	System	PAC: MsMpEng.exe -> msedgewebview2 Access=1000	
00010338	113.74874878	System	PAC: MsMpEng.exe -> svchost.exe Access=1000	
00010339	113.74876404	System	PAC: MsMpEng.exe -> svchost.exe Access=1000	
00010340	113.74877167	System	PAC: MsMpEng.exe -> svchost.exe Access=1000	
00010341	113.74995422	System	PAC: SearchIndexer. -> M365Copilot.ex Access=1000	
00010342	113.75086212	System	PAC: SearchIndexer. -> M365Copilot.ex Access=1000	
00010343	113.75222015	System	PAC: SearchIndexer. -> M365Copilot.ex Access=1000	
00010344	113.76442719	System	PAC: svchost.exe -> M365Copilot.ex Access=1478	
00010345	113.76470947	System	PAC: svchost.exe -> M365Copilot.ex Access=1400	
00010346	113.77881622	System	PAC: M365Copilot.ex -> explorer.exe Access=1000	
00010347	113.78631592	System	PAC: sihost.exe -> M365Copilot.ex Access=101000	
00010348	113.78633118	System	PAC: sihost.exe -> M365Copilot.ex Access=1000	
00010349	113.78638458	System	PAC: sihost.exe -> M365Copilot.ex Access=101000	
00010350	113.78639221	System	PAC: sihost.exe -> M365Copilot.ex Access=1000	
00010351	113.78642273	System	PAC: sihost.exe -> M365Copilot.ex Access=101000	
00010352	113.78643036	System	PAC: sihost.exe -> M365Copilot.ex Access=1000	
00010353	113.78797913	System	PAC: M365Copilot.ex -> M365Copilot.ex Access=1000	
00010354	113.78901672	System	PAC: sihost.exe -> M365Copilot.ex Access=101000	
00010355	113.78901672	System	PAC: sihost.exe -> M365Copilot.ex Access=1000	
00010356	113.78913116	System	PAC: sihost.exe -> M365Copilot.ex Access=101000	
00010357	113.78914642	System	PAC: sihost.exe -> M365Copilot.ex Access=1000	
00010358	113.80389404	System	PAC: SearchIndexer. -> M365Copilot.ex Access=1000	
00010359	113.80453491	System	PAC: SearchIndexer. -> M365Copilot.ex Access=1000	
00010360	113.80554199	System	PAC: svchost.exe -> M365Copilot.ex Access=101000	
00010361	113.80605316	System	PAC: SearchIndexer. -> M365Copilot.ex Access=1000	
00010362	113.80765533	System	PAC: svchost.exe -> M365Copilot.ex Access=101000	
00010363	113.80925751	System	PAC: svchost.exe -> M365Copilot.ex Access=101000	
00010364	113.81020355	System	PAC: lsass.exe -> M365Copilot.ex Access=1000	
00010365	113.81022644	System	PAC: lsass.exe -> M365Copilot.ex Access=1478	
00010366	113.81040955	System	8135312500 - STORMINI: StorAHCI - LPM: SystemIoBusNumber:0 Port:00 - IDLE	
00010367	113.81766510	System	PAC: M365Copilot.ex -> M365Copilot.ex Access=1400	
00010368	113.81802368	System	PAC: M365Copilot.ex -> M365Copilot.ex Access=1400	
00010369	113.82498932	System	8135468750 - STORMINI: StorAHCI - LPM: SystemIoBusNumber:0 Port:00 - ACTIVE	
00010370	113.82498932	System	8135468750 - STORMINI: StorAHCI - LPM: SystemIoBusNumber:0 Port:00 - Transit into Slumber from Partial - Canceled	
00010371	113.82858276	5008	[ConsumerHandoffRouter] App.cpp checkpoint, launchInfo.type=Normal	
00010372	113.84223938	System	PAC: SearchIndexer. -> M365Copilot.ex Access=1000	
00010373	113.84235382	System	PAC: SearchIndexer. -> M365Copilot.ex Access=1000	
00010374	113.84300995	5008	[ConsumerHandoffRouter] EvaluateAndRouteForBoot ENTRY	
00010375	113.84365845	System	PAC: SearchIndexer. -> M365Copilot.ex Access=1000	
00010376	113.86080170	System	PAC: svchost.exe -> M365Copilot.ex Access=101000	
00010377	113.86418152	System	PAC: svchost.exe -> M365Copilot.ex Access=101000	
00010378	113.86743164	System	PAC: svchost.exe -> M365Copilot.ex Access=101000	
00010379	113.90365601	System	8136250000 - STORMINI: StorAHCI - LPM: Port 01 - Port Stopped	
00010380	113.90422058	System	8136250000 - STORMINI: StorAHCI - LPM: Port 01 - Port Started	
00010381	113.93711090	5008	[ConsumerHandoffRouter] gateOn=false	
00010382	114.01221466	System	PAC: MsMpEng.exe -> M365Copilot.ex Access=101000	
00010383	114.05107117	5008	[ConsumerHandoffRouter] activeAccount type=None, otherCached count=0, allTypes=, hasLoginName=false	
00010384	114.05131531	5008	[ConsumerHandoffRouter] decision=stay, reason=gate off	
00010385	114.06132507	System	PAC: RuntimeBroker. -> M365Copilot.ex Access=1000	
00010386	114.06141663	System	PAC: sihost.exe -> M365Copilot.ex Access=101000	
00010387	114.06142426	System	PAC: sihost.exe -> M365Copilot.ex Access=1000	
00010388	114.06393433	System	PAC: M365Copilot.ex -> M365Copilot.ex Access=1000	
00010389	114.06459045	System	PAC: RuntimeBroker. -> M365Copilot.ex Access=1000	
00010390	114.06880188	System	PAC: explorer.exe -> M365Copilot.ex Access=1000	
00010391	114.07176971	System	PAC: explorer.exe -> explorer.exe Access=1000	
00010392	114.07179260	System	PAC: explorer.exe -> explorer.exe Access=1000	
00010393	114.07180786	System	PAC: explorer.exe -> explorer.exe Access=1000	
00010394	114.07182312	System	PAC: explorer.exe -> explorer.exe Access=1000	
00010395	114.07183075	System	PAC: explorer.exe -> explorer.exe Access=1000	
00010396	114.07184601	System	PAC: explorer.exe -> Dbgview.exe Access=1000	
00010397	114.07186127	System	PAC: explorer.exe -> FangameTale-Wi Access=1000	
00010398	114.07186890	System	PAC: explorer.exe -> explorer.exe Access=1000	
00010399	114.07188416	System	PAC: explorer.exe -> cmd.exe Access=1000	
00010400	114.07190704	System	PAC: explorer.exe -> explorer.exe Access=1000	
00010401	114.07190704	System	PAC: explorer.exe -> explorer.exe Access=1000	
00010402	114.07192230	System	PAC: explorer.exe -> explorer.exe Access=1000	
00010403	114.07196045	System	PAC: explorer.exe -> M365Copilot.ex Access=1000	
00010404	114.07362366	System	PAC: svchost.exe -> M365Copilot.ex Access=101000	
00010405	114.07363892	System	PAC: svchost.exe -> M365Copilot.ex Access=1000	
00010406	114.07363892	System	PAC: svchost.exe -> M365Copilot.ex Access=101000	
00010407	114.07365417	System	PAC: svchost.exe -> M365Copilot.ex Access=1000	
00010408	114.07516479	System	PAC: svchost.exe -> svchost.exe Access=1000	
00010409	114.07516479	System	PAC: svchost.exe -> svchost.exe Access=1000	
00010410	114.07517242	System	PAC: svchost.exe -> svchost.exe Access=40	
00010411	114.07517242	System	PAC: svchost.exe -> svchost.exe Access=40	
00010412	114.07823181	System	PAC: services.exe -> svchost.exe Access=1FFFFF	
00010413	114.07830811	System	PAC: MsMpEng.exe -> svchost.exe Access=1000	
00010414	114.07838440	System	PAC: csrss.exe -> svchost.exe Access=1FFFFF	
00010415	114.07872009	System	PAC: svchost.exe -> svchost.exe Access=1101	
00010416	114.07915497	System	PAC: svchost.exe -> svchost.exe Access=1000	
00010417	114.07919312	System	PAC: svchost.exe -> svchost.exe Access=1000	
00010418	114.07945251	System	PAC: MsMpEng.exe -> services.exe Access=1000	
00010419	114.08106232	System	PAC: svchost.exe -> M365Copilot.ex Access=1000	
00010420	114.08126831	System	PAC: svchost.exe -> M365Copilot.ex Access=1000	
00010421	114.08253479	System	PAC: csrss.exe -> svchost.exe Access=1FFFFF	
00010422	114.08549500	System	PAC: svchost.exe -> M365Copilot.ex Access=101000	
00010423	114.08557892	System	PAC: svchost.exe -> M365Copilot.ex Access=1000	
00010424	114.08573151	System	PAC: svchost.exe -> svchost.exe Access=1000	
00010425	114.08574677	System	PAC: svchost.exe -> svchost.exe Access=40	
00010426	114.08591461	System	PAC: svchost.exe -> M365Copilot.ex Access=101000	
00010427	114.08601379	System	PAC: svchost.exe -> M365Copilot.ex Access=1000	
00010428	114.08618164	System	PAC: svchost.exe -> svchost.exe Access=1000	
00010429	114.08619690	System	PAC: svchost.exe -> svchost.exe Access=40	
00010430	114.08682251	System	PAC: svchost.exe -> M365Copilot.ex Access=101000	
00010431	114.08683777	System	PAC: svchost.exe -> M365Copilot.ex Access=1000	
00010432	114.08701324	System	PAC: svchost.exe -> svchost.exe Access=1000	
00010433	114.08702850	System	PAC: svchost.exe -> svchost.exe Access=40	
00010434	114.08747864	System	PAC: svchost.exe -> M365Copilot.ex Access=101000	
00010435	114.08748627	System	PAC: svchost.exe -> M365Copilot.ex Access=1000	
00010436	114.08770752	System	PAC: svchost.exe -> svchost.exe Access=1000	
00010437	114.08770752	System	PAC: svchost.exe -> svchost.exe Access=40	
00010438	114.08922577	System	PAC: svchost.exe -> svchost.exe Access=1000	
00010439	114.08924103	System	PAC: svchost.exe -> svchost.exe Access=1000	
00010440	114.09073639	System	PAC: svchost.exe -> svchost.exe Access=1000	
00010441	114.09075165	System	PAC: svchost.exe -> svchost.exe Access=100000	
00010442	114.09264374	System	PAC: services.exe -> svchost.exe Access=1000	
00010443	114.09277344	System	PAC: services.exe -> svchost.exe Access=1000	
00010444	114.09278870	System	PAC: services.exe -> svchost.exe Access=1FFFFF	
00010445	114.09458923	System	PAC: services.exe -> svchost.exe Access=1000	
00010446	114.09462738	System	PAC: svchost.exe -> M365Copilot.ex Access=101000	
00010447	114.09465790	System	PAC: svchost.exe -> M365Copilot.ex Access=1000	
00010448	114.09496307	System	PAC: svchost.exe -> svchost.exe Access=1000	
00010449	114.09497833	System	PAC: svchost.exe -> svchost.exe Access=40	
00010450	114.09538269	System	PAC: svchost.exe -> M365Copilot.ex Access=101000	
00010451	114.09539795	System	PAC: svchost.exe -> M365Copilot.ex Access=1000	
00010452	114.09568024	System	PAC: svchost.exe -> svchost.exe Access=1000	
00010453	114.09569550	System	PAC: svchost.exe -> svchost.exe Access=40	
00010454	114.10060883	System	PAC: svchost.exe -> M365Copilot.ex Access=1000	
00010455	114.10063171	System	PAC: svchost.exe -> M365Copilot.ex Access=101000	
00010456	114.10064697	System	PAC: svchost.exe -> M365Copilot.ex Access=1000	
00010457	114.10170746	System	PAC: svchost.exe -> M365Copilot.ex Access=1000	
00010458	114.10173798	System	PAC: svchost.exe -> M365Copilot.ex Access=101000	
00010459	114.10174561	System	PAC: svchost.exe -> M365Copilot.ex Access=1000	
00010460	114.10410309	System	PAC: svchost.exe -> svchost.exe Access=1000	
00010461	114.10457611	System	PAC: svchost.exe -> M365Copilot.ex Access=1000	
00010462	114.10520172	System	PAC: services.exe -> svchost.exe Access=1FFFFF	
00010463	114.10646057	System	PAC: svchost.exe -> M365Copilot.ex Access=1000	
00010464	114.10904694	System	PAC: svchost.exe -> M365Copilot.ex Access=101000	
00010465	114.10905457	System	PAC: svchost.exe -> M365Copilot.ex Access=1000	
00010466	114.11024475	System	PAC: svchost.exe -> svchost.exe Access=1000	
00010467	114.11024475	System	PAC: svchost.exe -> svchost.exe Access=40	
00010468	114.11145020	System	PAC: svchost.exe -> M365Copilot.ex Access=101000	
00010469	114.11146545	System	PAC: svchost.exe -> M365Copilot.ex Access=1000	
00010470	114.11154175	System	PAC: svchost.exe -> M365Copilot.ex Access=101000	
00010471	114.11154938	System	PAC: svchost.exe -> M365Copilot.ex Access=1000	
00010472	114.11157990	System	PAC: svchost.exe -> svchost.exe Access=1000	
00010473	114.11157990	System	PAC: svchost.exe -> svchost.exe Access=40	
00010474	114.11166382	System	PAC: svchost.exe -> svchost.exe Access=1000	
00010475	114.11166382	System	PAC: svchost.exe -> svchost.exe Access=40	
00010476	114.11258698	System	PAC: svchost.exe -> M365Copilot.ex Access=101000	
00010477	114.11260223	System	PAC: svchost.exe -> M365Copilot.ex Access=1000	
00010478	114.11273956	System	PAC: svchost.exe -> svchost.exe Access=1000	
00010479	114.11273956	System	PAC: svchost.exe -> svchost.exe Access=40	
00010480	114.11528778	System	PAC: svchost.exe -> M365Copilot.ex Access=101000	
00010481	114.11530304	System	PAC: svchost.exe -> M365Copilot.ex Access=1000	
00010482	114.11541748	System	PAC: svchost.exe -> svchost.exe Access=1000	
00010483	114.11541748	System	PAC: svchost.exe -> svchost.exe Access=40	
00010484	114.11837769	System	PAC: M365Copilot.ex -> M365Copilot.ex Access=1000	
00010485	114.11893463	System	PAC: svchost.exe -> M365Copilot.ex Access=1000	
00010486	114.11896515	System	PAC: svchost.exe -> M365Copilot.ex Access=101000	
00010487	114.11897278	System	PAC: svchost.exe -> M365Copilot.ex Access=1000	
00010488	114.12837219	System	PAC: explorer.exe -> M365Copilot.ex Access=1000	
00010489	114.13049316	System	PAC: ctfmon.exe -> M365Copilot.ex Access=1000	
00010490	114.13094330	System	PAC: ctfmon.exe -> M365Copilot.ex Access=1000	
00010491	114.13552856	System	PAC: svchost.exe -> M365Copilot.ex Access=1000	
00010492	114.13555145	System	PAC: svchost.exe -> M365Copilot.ex Access=101000	
00010493	114.13556671	System	PAC: svchost.exe -> M365Copilot.ex Access=1000	
00010494	114.14053345	System	PAC: explorer.exe -> M365Copilot.ex Access=1000	
00010495	114.14864349	System	PAC: SearchIndexer. -> M365Copilot.ex Access=1000	
00010496	114.14875793	System	PAC: SearchIndexer. -> M365Copilot.ex Access=1000	
00010497	114.15033722	System	PAC: SearchIndexer. -> M365Copilot.ex Access=1000	
00010498	114.16806030	System	PAC: svchost.exe -> M365Copilot.ex Access=1000	
00010499	114.16822815	System	PAC: svchost.exe -> M365Copilot.ex Access=1000	
00010500	114.16886902	System	PAC: svchost.exe -> VBoxService.ex Access=1000	
00010501	114.16890717	System	PAC: svchost.exe -> VBoxService.ex Access=1000	
00010502	114.16898346	System	PAC: svchost.exe -> VBoxService.ex Access=1000	
00010503	114.25561523	System	PAC: explorer.exe -> explorer.exe Access=1000	
00010504	114.25808716	System	PAC: explorer.exe -> explorer.exe Access=1000	
00010505	114.26152802	System	PAC: explorer.exe -> explorer.exe Access=1000	
00010506	114.26207733	System	PAC: explorer.exe -> explorer.exe Access=1000	
00010507	114.26216888	System	PAC: explorer.exe -> explorer.exe Access=1000	
00010508	114.26219177	System	PAC: explorer.exe -> Dbgview.exe Access=1000	
00010509	114.26220703	System	PAC: explorer.exe -> FangameTale-Wi Access=1000	
00010510	114.26222229	System	PAC: explorer.exe -> explorer.exe Access=1000	
00010511	114.26222992	System	PAC: explorer.exe -> cmd.exe Access=1000	
00010512	114.26227570	System	PAC: explorer.exe -> explorer.exe Access=1000	
00010513	114.26235962	System	PAC: explorer.exe -> explorer.exe Access=1000	
00010514	114.26243591	System	PAC: explorer.exe -> explorer.exe Access=1000	
00010515	114.26252747	System	PAC: explorer.exe -> M365Copilot.ex Access=1000	
00010516	114.26535797	System	PAC: svchost.exe -> M365Copilot.ex Access=40	
00010517	114.26558685	System	PAC: svchost.exe -> M365Copilot.ex Access=40	
00010518	114.26956940	System	PAC: svchost.exe -> M365Copilot.ex Access=40	
00010519	114.27077484	System	PAC: svchost.exe -> M365Copilot.ex Access=40	
00010520	114.28562164	System	PAC: M365Copilot.ex -> M365Copilot.ex Access=1000	
00010521	114.37879181	System	PAC: M365Copilot.ex -> M365Copilot.ex Access=1000	
00010522	114.39465332	System	PAC: svchost.exe -> M365Copilot.ex Access=1000	
00010523	114.41747284	System	PAC: svchost.exe -> svchost.exe Access=1000	
00010524	114.41939545	System	PAC: MsMpEng.exe -> AppHostRegistr Access=1000	
00010525	114.41955566	System	PAC: explorer.exe -> M365Copilot.ex Access=1000	
00010526	114.41975403	System	PAC: svchost.exe -> AppHostRegistr Access=1FFFFF	
00010527	114.41999054	System	PAC: csrss.exe -> AppHostRegistr Access=1FFFFF	
00010528	114.42098236	System	PAC: svchost.exe -> svchost.exe Access=1000	
00010529	114.42233276	System	PAC: csrss.exe -> AppHostRegistr Access=1FFFFF	
00010530	114.43993378	System	PAC: svchost.exe -> AppHostRegistr Access=1000	
00010531	114.43996429	System	PAC: svchost.exe -> AppHostRegistr Access=100000	
00010532	114.44644928	System	PAC: svchost.exe -> AppHostRegistr Access=1000	
00010533	114.44697571	System	PAC: explorer.exe -> explorer.exe Access=1000	
00010534	114.45104980	System	PAC: explorer.exe -> explorer.exe Access=1000	
00010535	114.45209503	System	PAC: svchost.exe -> AppHostRegistr Access=1000	
00010536	114.45532227	System	PAC: explorer.exe -> explorer.exe Access=1000	
00010537	114.45883942	System	PAC: svchost.exe -> AppHostRegistr Access=1000	
00010538	114.45945740	System	PAC: svchost.exe -> svchost.exe Access=1000	
00010539	114.46040344	System	PAC: explorer.exe -> explorer.exe Access=1000	
00010540	114.46200562	System	PAC: MsMpEng.exe -> AppHostRegistr Access=1000	
00010541	114.46223450	System	PAC: svchost.exe -> AppHostRegistr Access=1FFFFF	
00010542	114.46240997	System	PAC: csrss.exe -> AppHostRegistr Access=1FFFFF	
00010543	114.46717072	System	PAC: csrss.exe -> AppHostRegistr Access=1FFFFF	
00010544	114.47075653	System	PAC: explorer.exe -> explorer.exe Access=1000	
00010545	114.47490692	System	PAC: explorer.exe -> Dbgview.exe Access=1000	
00010546	114.47974396	System	PAC: explorer.exe -> FangameTale-Wi Access=1000	
00010547	114.48207092	System	PAC: svchost.exe -> AppHostRegistr Access=1000	
00010548	114.48252106	System	PAC: svchost.exe -> AppHostRegistr Access=100000	
00010549	114.48484039	System	PAC: explorer.exe -> explorer.exe Access=1000	
00010550	114.48913574	System	PAC: svchost.exe -> AppHostRegistr Access=1000	
00010551	114.49079132	System	PAC: explorer.exe -> cmd.exe Access=1000	
00010552	114.49496460	System	PAC: svchost.exe -> AppHostRegistr Access=1000	
00010553	114.49914551	System	PAC: explorer.exe -> explorer.exe Access=1000	
00010554	114.50433350	System	PAC: svchost.exe -> AppHostRegistr Access=1000	
00010555	114.50618744	System	PAC: explorer.exe -> explorer.exe Access=1000	
00010556	114.51075745	System	PAC: explorer.exe -> explorer.exe Access=1000	
00010557	114.51725006	System	PAC: explorer.exe -> M365Copilot.ex Access=1000	
00010558	114.51984406	System	PAC: svchost.exe -> M365Copilot.ex Access=101000	
00010559	114.51985931	System	PAC: svchost.exe -> M365Copilot.ex Access=1000	
00010560	114.52027893	System	PAC: svchost.exe -> M365Copilot.ex Access=101000	
00010561	114.52029419	System	PAC: svchost.exe -> M365Copilot.ex Access=1000	
00010562	114.52048492	System	PAC: svchost.exe -> svchost.exe Access=1000	
00010563	114.52050018	System	PAC: svchost.exe -> svchost.exe Access=40	
00010564	114.52082062	System	PAC: svchost.exe -> svchost.exe Access=1000	
00010565	114.52082825	System	PAC: svchost.exe -> svchost.exe Access=40	
00010566	114.52404785	System	PAC: svchost.exe -> M365Copilot.ex Access=1000	
00010567	114.52456665	System	PAC: svchost.exe -> M365Copilot.ex Access=1000	
00010568	114.52703857	System	PAC: svchost.exe -> M365Copilot.ex Access=101000	
00010569	114.52705383	System	PAC: svchost.exe -> M365Copilot.ex Access=1000	
00010570	114.52724457	System	PAC: svchost.exe -> svchost.exe Access=1000	
00010571	114.52724457	System	PAC: svchost.exe -> svchost.exe Access=40	
00010572	114.52730560	System	PAC: svchost.exe -> M365Copilot.ex Access=101000	
00010573	114.52732086	System	PAC: svchost.exe -> M365Copilot.ex Access=1000	
00010574	114.52771759	System	PAC: svchost.exe -> svchost.exe Access=1000	
00010575	114.52771759	System	PAC: svchost.exe -> svchost.exe Access=40	
00010576	114.52909088	System	PAC: svchost.exe -> M365Copilot.ex Access=101000	
00010577	114.52909851	System	PAC: svchost.exe -> M365Copilot.ex Access=1000	
00010578	114.52943420	System	PAC: svchost.exe -> svchost.exe Access=1000	
00010579	114.52943420	System	PAC: svchost.exe -> svchost.exe Access=40	
00010580	114.52953339	System	PAC: svchost.exe -> M365Copilot.ex Access=101000	
00010581	114.52954865	System	PAC: svchost.exe -> M365Copilot.ex Access=1000	
00010582	114.52966309	System	PAC: svchost.exe -> svchost.exe Access=1000	
00010583	114.52966309	System	PAC: svchost.exe -> svchost.exe Access=40	
00010584	114.53356934	System	PAC: svchost.exe -> M365Copilot.ex Access=101000	
00010585	114.53358459	System	PAC: svchost.exe -> M365Copilot.ex Access=1000	
00010586	114.53398132	System	PAC: svchost.exe -> M365Copilot.ex Access=101000	
00010587	114.53398895	System	PAC: svchost.exe -> M365Copilot.ex Access=1000	
00010588	114.53410339	System	PAC: svchost.exe -> svchost.exe Access=1000	
00010589	114.53410339	System	PAC: svchost.exe -> svchost.exe Access=40	
00010590	114.53417206	System	PAC: svchost.exe -> svchost.exe Access=1000	
00010591	114.53417969	System	PAC: svchost.exe -> svchost.exe Access=40	
00010592	114.53795624	System	PAC: svchost.exe -> M365Copilot.ex Access=1000	
00010593	114.53798676	System	PAC: svchost.exe -> M365Copilot.ex Access=101000	
00010594	114.53799438	System	PAC: svchost.exe -> M365Copilot.ex Access=1000	
00010595	114.53948212	System	PAC: svchost.exe -> M365Copilot.ex Access=101000	
00010596	114.53957367	System	PAC: svchost.exe -> M365Copilot.ex Access=1000	
00010597	114.53968811	System	PAC: svchost.exe -> svchost.exe Access=1000	
00010598	114.53968811	System	PAC: svchost.exe -> svchost.exe Access=40	
00010599	114.54168701	System	PAC: svchost.exe -> M365Copilot.ex Access=1000	
00010600	114.54191589	System	PAC: svchost.exe -> M365Copilot.ex Access=1000	
00010601	114.54438019	System	PAC: svchost.exe -> M365Copilot.ex Access=101000	
00010602	114.54439545	System	PAC: svchost.exe -> M365Copilot.ex Access=1000	
00010603	114.54478455	System	PAC: svchost.exe -> svchost.exe Access=1000	
00010604	114.54488373	System	PAC: svchost.exe -> svchost.exe Access=40	
00010605	114.54512787	System	PAC: svchost.exe -> M365Copilot.ex Access=101000	
00010606	114.54513550	System	PAC: svchost.exe -> M365Copilot.ex Access=1000	
00010607	114.54556274	System	PAC: svchost.exe -> svchost.exe Access=1000	
00010608	114.54557800	System	PAC: svchost.exe -> svchost.exe Access=40	
00010609	114.54720306	System	PAC: svchost.exe -> M365Copilot.ex Access=101000	
00010610	114.54722595	System	PAC: svchost.exe -> M365Copilot.ex Access=1000	
00010611	114.54722595	System	PAC: svchost.exe -> M365Copilot.ex Access=101000	
00010612	114.54724121	System	PAC: svchost.exe -> M365Copilot.ex Access=1000	
00010613	114.54727936	System	PAC: M365Copilot.ex -> explorer.exe Access=40	
00010614	114.54728699	System	PAC: M365Copilot.ex -> explorer.exe Access=40	
00010615	114.54795837	System	PAC: svchost.exe -> svchost.exe Access=1000	
00010616	114.54796600	System	PAC: svchost.exe -> svchost.exe Access=40	
00010617	114.54823303	System	PAC: svchost.exe -> svchost.exe Access=1000	
00010618	114.54823303	System	PAC: svchost.exe -> svchost.exe Access=40	
00010619	114.54913330	System	PAC: M365Copilot.ex -> explorer.exe Access=40	
00010620	114.55062866	System	PAC: svchost.exe -> M365Copilot.ex Access=101000	
00010621	114.55064392	System	PAC: svchost.exe -> M365Copilot.ex Access=1000	
00010622	114.55075836	System	PAC: svchost.exe -> svchost.exe Access=1000	
00010623	114.55075836	System	PAC: svchost.exe -> svchost.exe Access=40	
00010624	114.55208588	System	PAC: M365Copilot.ex -> explorer.exe Access=40	
00010625	114.55213928	System	PAC: M365Copilot.ex -> explorer.exe Access=40	
00010626	114.55717468	System	PAC: M365Copilot.ex -> explorer.exe Access=40	
00010627	114.55976868	System	PAC: M365Copilot.ex -> explorer.exe Access=40	
00010628	114.56159973	System	PAC: svchost.exe -> M365Copilot.ex Access=1000	
00010629	114.56162262	System	PAC: svchost.exe -> M365Copilot.ex Access=101000	
00010630	114.56163788	System	PAC: svchost.exe -> M365Copilot.ex Access=1000	
00010631	114.56227875	System	PAC: explorer.exe -> explorer.exe Access=1000	
00010632	114.56723022	System	PAC: explorer.exe -> explorer.exe Access=1000	
00010633	114.57214355	System	PAC: explorer.exe -> explorer.exe Access=1000	
00010634	114.57859802	System	PAC: explorer.exe -> explorer.exe Access=1000	
00010635	114.58283234	System	PAC: explorer.exe -> explorer.exe Access=1000	
00010636	114.58634186	System	PAC: explorer.exe -> Dbgview.exe Access=1000	
00010637	114.58802032	System	PAC: explorer.exe -> FangameTale-Wi Access=1000	
00010638	114.58811951	System	PAC: explorer.exe -> explorer.exe Access=1000	
00010639	114.58910370	System	PAC: explorer.exe -> cmd.exe Access=1000	
00010640	114.59597778	System	PAC: explorer.exe -> explorer.exe Access=1000	
00010641	114.60105133	System	PAC: explorer.exe -> explorer.exe Access=1000	
00010642	114.61181641	System	PAC: explorer.exe -> explorer.exe Access=1000	
00010643	114.62201691	System	PAC: explorer.exe -> M365Copilot.ex Access=1000	
00010644	114.65843201	System	PAC: lsass.exe -> M365Copilot.ex Access=1000	
00010645	114.66921997	System	PAC: MsMpEng.exe -> msedgewebview2 Access=1000	
00010646	114.66931152	System	PAC: M365Copilot.ex -> msedgewebview2 Access=1FFFFF	
00010647	114.66980743	System	PAC: csrss.exe -> msedgewebview2 Access=1FFFFF	
00010648	114.68782043	System	PAC: lsass.exe -> msedgewebview2 Access=1000	
00010649	114.68927765	System	PAC: msedgewebview2 -> msedgewebview2 Access=1F3FFF	
00010650	114.69231415	System	PAC: MsMpEng.exe -> msedgewebview2 Access=1000	
00010651	114.69252777	System	PAC: msedgewebview2 -> msedgewebview2 Access=1FFFFF	
00010652	114.69278717	System	PAC: csrss.exe -> msedgewebview2 Access=1FFFFF	
00010653	114.70589447	System	PAC: msedgewebview2 -> msedgewebview2 Access=1451	
00010654	114.70602417	System	PAC: msedgewebview2 -> msedgewebview2 Access=1F3FFF	
00010655	114.72461700	System	PAC: svchost.exe -> msedgewebview2 Access=1478	
00010656	114.72470093	System	PAC: svchost.exe -> msedgewebview2 Access=1400	
00010657	114.74164581	System	PAC: explorer.exe -> msedgewebview2 Access=1000	
00010658	114.76496887	System	PAC: explorer.exe -> explorer.exe Access=1000	
00010659	114.77088928	System	PAC: explorer.exe -> explorer.exe Access=1000	
00010660	114.77140808	System	PAC: svchost.exe -> msedgewebview2 Access=1478	
00010661	114.77163696	System	PAC: svchost.exe -> msedgewebview2 Access=1400	
00010662	114.77601624	System	PAC: explorer.exe -> explorer.exe Access=1000	
00010663	114.78408051	System	PAC: explorer.exe -> explorer.exe Access=1000	
00010664	114.79111481	System	PAC: explorer.exe -> explorer.exe Access=1000	
00010665	114.79245758	System	PAC: MsMpEng.exe -> M365Copilot.ex Access=1000	
00010666	114.79252625	System	PAC: MsMpEng.exe -> M365Copilot.ex Access=1000	
00010667	114.79252625	System	PAC: MsMpEng.exe -> M365Copilot.ex Access=101000	
00010668	114.79253387	System	PAC: MsMpEng.exe -> M365Copilot.ex Access=1000	
00010669	114.79254913	System	PAC: MsMpEng.exe -> M365Copilot.ex Access=1000	
00010670	114.79260254	System	PAC: MsMpEng.exe -> svchost.exe Access=1000	
00010671	114.79261780	System	PAC: MsMpEng.exe -> svchost.exe Access=1000	
00010672	114.79570007	System	PAC: explorer.exe -> Dbgview.exe Access=1000	
00010673	114.79911804	System	PAC: explorer.exe -> FangameTale-Wi Access=1000	
00010674	114.80308533	System	PAC: explorer.exe -> explorer.exe Access=1000	
00010675	114.80812836	System	PAC: explorer.exe -> cmd.exe Access=1000	
00010676	114.81350708	System	PAC: explorer.exe -> explorer.exe Access=1000	
00010677	114.81500244	System	PAC: lsass.exe -> svchost.exe Access=1000	
00010678	114.81858826	System	PAC: explorer.exe -> explorer.exe Access=1000	
00010679	114.82220459	System	PAC: explorer.exe -> explorer.exe Access=1000	
00010680	114.82391357	System	PAC: svchost.exe -> svchost.exe Access=1000	
00010681	114.83622742	System	PAC: explorer.exe -> msedgewebview2 Access=1000	
00010682	114.83889008	System	8145625000 - STORMINI: StorAHCI - LPM: SystemIoBusNumber:0 Port:00 - IDLE	
00010683	114.86663818	System	PAC: explorer.exe -> msedgewebview2 Access=1000	
00010684	114.87468719	System	PAC: svchost.exe -> msedgewebview2 Access=40	
00010685	114.87487030	System	PAC: svchost.exe -> msedgewebview2 Access=40	
00010686	114.91220856	System	PAC: explorer.exe -> explorer.exe Access=1000	
00010687	114.91665649	System	PAC: explorer.exe -> explorer.exe Access=1000	
00010688	114.91751862	System	8146406250 - STORMINI: StorAHCI - LPM: Port 01 - Port Stopped	
00010689	114.91787720	System	8146406250 - STORMINI: StorAHCI - LPM: Port 01 - Port Started	
00010690	114.92322540	System	PAC: explorer.exe -> explorer.exe Access=1000	
00010691	114.92900848	System	PAC: msedgewebview2 -> msedgewebview2 Access=1000	
00010692	114.93034363	System	PAC: explorer.exe -> explorer.exe Access=1000	
00010693	114.93621826	System	PAC: explorer.exe -> explorer.exe Access=1000	
00010694	114.94301605	System	PAC: explorer.exe -> Dbgview.exe Access=1000	
00010695	114.94683838	System	PAC: explorer.exe -> FangameTale-Wi Access=1000	
00010696	114.95157623	System	PAC: explorer.exe -> explorer.exe Access=1000	
00010697	114.95417786	System	PAC: ctfmon.exe -> msedgewebview2 Access=1000	
00010698	114.95763397	System	PAC: explorer.exe -> cmd.exe Access=1000	
00010699	114.96260834	System	PAC: explorer.exe -> explorer.exe Access=1000	
00010700	114.96929169	System	PAC: explorer.exe -> explorer.exe Access=1000	
00010701	114.97488403	System	PAC: explorer.exe -> explorer.exe Access=1000	
00010702	114.98082733	System	PAC: ctfmon.exe -> msedgewebview2 Access=1000	
00010703	114.98183441	System	PAC: explorer.exe -> msedgewebview2 Access=1000	
00010704	114.99429321	System	PAC: msedgewebview2 -> msedgewebview2 Access=1000	
00010705	114.99896240	System	PAC: svchost.exe -> msedgewebview2 Access=1000	
00010706	114.99905396	System	PAC: svchost.exe -> msedgewebview2 Access=100000	
00010707	115.01584625	System	PAC: msedgewebview2 -> msedgewebview2 Access=1000	
00010708	115.01869965	System	PAC: svchost.exe -> msedgewebview2 Access=1000	
00010709	115.02138519	System	PAC: svchost.exe -> msedgewebview2 Access=1000	
00010710	115.03524017	System	PAC: MsMpEng.exe -> msedgewebview2 Access=1000	
00010711	115.03533173	System	PAC: msedgewebview2 -> msedgewebview2 Access=1FFFFF	
00010712	115.03548431	System	PAC: csrss.exe -> msedgewebview2 Access=1FFFFF	
00010713	115.03707886	System	PAC: MsMpEng.exe -> msedgewebview2 Access=1000	
00010714	115.03709412	System	PAC: msedgewebview2 -> msedgewebview2 Access=1FFFFF	
00010715	115.03739929	System	PAC: csrss.exe -> msedgewebview2 Access=1FFFFF	
00010716	115.03763580	System	PAC: msedgewebview2 -> msedgewebview2 Access=1FFFFF	
00010717	115.03790283	System	PAC: msedgewebview2 -> msedgewebview2 Access=1FFFFF	
00010718	115.03858948	System	8147656250 - STORMINI: StorAHCI - LPM: SystemIoBusNumber:0 Port:00 - ACTIVE	
00010719	115.03858948	System	8147656250 - STORMINI: StorAHCI - LPM: SystemIoBusNumber:0 Port:00 - Transit into Slumber from Partial - Canceled	
00010720	115.03897858	System	PAC: msedgewebview2 -> msedgewebview2 Access=1FFFFF	
00010721	115.04409790	System	PAC: lsass.exe -> msedgewebview2 Access=1000	
00010722	115.04410553	System	PAC: lsass.exe -> msedgewebview2 Access=1478	
00010723	115.04454041	2024	RecursiveDirectoryCreate( C:\Users\Kauchen\AppData\Local\Packages\Microsoft.MicrosoftOfficeHub_8wekyb3d8bbwe\LocalState\EBWebView directory exists )	
00010724	115.04585266	System	PAC: msedgewebview2 -> msedgewebview2 Access=1F1C51	
00010725	115.04795074	System	PAC: msedgewebview2 -> msedgewebview2 Access=1F1C51	
00010726	115.05263519	System	PAC: svchost.exe -> msedgewebview2 Access=40	
00010727	115.05702209	System	PAC: msedgewebview2 -> msedgewebview2 Access=1000	
00010728	115.08028412	System	PAC: msedgewebview2 -> msedgewebview2 Access=1FFFFF	
00010729	115.08056641	System	PAC: csrss.exe -> msedgewebview2 Access=1FFFFF	
00010730	115.08078003	System	PAC: MsMpEng.exe -> msedgewebview2 Access=1000	
00010731	115.08126831	System	PAC: msedgewebview2 -> msedgewebview2 Access=1FFFFF	
00010732	115.08187866	System	PAC: msedgewebview2 -> msedgewebview2 Access=1FFFFF	
00010733	115.09967041	System	PAC: M365Copilot.ex -> msedgewebview2 Access=40	
00010734	115.10066986	System	PAC: msedgewebview2 -> msedgewebview2 Access=1F1C51	
00010735	115.10110474	System	PAC: svchost.exe -> msedgewebview2 Access=1000	
00010736	115.10183716	System	PAC: msedgewebview2 -> msedgewebview2 Access=101401	
00010737	115.10185242	System	PAC: msedgewebview2 -> msedgewebview2 Access=1000	
00010738	115.10642242	System	PAC: msedgewebview2 -> msedgewebview2 Access=1FFFFF	
00010739	115.10643005	System	PAC: msedgewebview2 -> msedgewebview2 Access=1FFFFF	
00010740	115.10643005	System	PAC: msedgewebview2 -> msedgewebview2 Access=1FFFFF	
00010741	115.10644531	System	PAC: msedgewebview2 -> msedgewebview2 Access=1000	
00010742	115.10663605	System	PAC: msedgewebview2 -> msedgewebview2 Access=1FFFFF	
00010743	115.10665131	System	PAC: msedgewebview2 -> msedgewebview2 Access=1000	
00010744	115.10681915	System	PAC: msedgewebview2 -> msedgewebview2 Access=101401	
00010745	115.10682678	System	PAC: msedgewebview2 -> msedgewebview2 Access=1000	
00010746	115.10691833	System	PAC: msedgewebview2 -> msedgewebview2 Access=1FFFFF	
00010747	115.10737610	System	PAC: svchost.exe -> msedgewebview2 Access=1000	
00010748	115.10753632	System	PAC: svchost.exe -> msedgewebview2 Access=1000	
00010749	115.10984039	System	PAC: msedgewebview2 -> msedgewebview2 Access=1FFFFF	
00010750	115.10984802	System	PAC: msedgewebview2 -> msedgewebview2 Access=1FFFFF	
00010751	115.10984802	System	PAC: msedgewebview2 -> msedgewebview2 Access=1FFFFF	
00010752	115.10986328	System	PAC: msedgewebview2 -> msedgewebview2 Access=1000	
00010753	115.11041260	System	PAC: msedgewebview2 -> msedgewebview2 Access=1FFFFF	
00010754	115.11041260	System	PAC: msedgewebview2 -> msedgewebview2 Access=1000	
00010755	115.11059570	System	PAC: msedgewebview2 -> msedgewebview2 Access=101401	
00010756	115.11059570	System	PAC: msedgewebview2 -> msedgewebview2 Access=1000	
00010757	115.11154175	System	PAC: msedgewebview2 -> msedgewebview2 Access=1000	
00010758	115.11392975	System	PAC: msedgewebview2 -> msedgewebview2 Access=1400	
00010759	115.11402130	System	PAC: msedgewebview2 -> msedgewebview2 Access=1400	
00010760	115.11405945	System	PAC: svchost.exe -> msedgewebview2 Access=1478	
00010761	115.11630249	System	PAC: svchost.exe -> msedgewebview2 Access=1400	
00010762	115.12094879	System	PAC: svchost.exe -> msedgewebview2 Access=101000	
00010763	115.12095642	System	PAC: svchost.exe -> msedgewebview2 Access=1000	
00010764	115.12104797	System	PAC: svchost.exe -> msedgewebview2 Access=101000	
00010765	115.12106323	System	PAC: svchost.exe -> msedgewebview2 Access=101000	
00010766	115.12108612	System	PAC: svchost.exe -> msedgewebview2 Access=1000	
00010767	115.12110138	System	PAC: svchost.exe -> msedgewebview2 Access=1000	
00010768	115.12451935	System	PAC: svchost.exe -> svchost.exe Access=1000	
00010769	115.12453461	System	PAC: svchost.exe -> svchost.exe Access=40	
00010770	115.12480164	System	PAC: svchost.exe -> svchost.exe Access=1000	
00010771	115.12480164	System	PAC: svchost.exe -> svchost.exe Access=40	
00010772	115.12491608	System	PAC: svchost.exe -> svchost.exe Access=1000	
00010773	115.12493134	System	PAC: svchost.exe -> svchost.exe Access=40	
00010774	115.12640381	System	PAC: svchost.exe -> msedgewebview2 Access=40	
00010775	115.13080597	System	PAC: svchost.exe -> msedgewebview2 Access=101000	
00010776	115.13081360	System	PAC: svchost.exe -> msedgewebview2 Access=1000	
00010777	115.13103485	System	PAC: svchost.exe -> svchost.exe Access=1000	
00010778	115.13105011	System	PAC: svchost.exe -> svchost.exe Access=40	
00010779	115.13105011	System	PAC: svchost.exe -> msedgewebview2 Access=101000	
00010780	115.13105774	System	PAC: svchost.exe -> msedgewebview2 Access=1000	
00010781	115.13116455	System	PAC: svchost.exe -> svchost.exe Access=1000	
00010782	115.13116455	System	PAC: svchost.exe -> svchost.exe Access=40	
00010783	115.13116455	System	PAC: svchost.exe -> msedgewebview2 Access=101000	
00010784	115.13117218	System	PAC: svchost.exe -> msedgewebview2 Access=1000	
00010785	115.13127899	System	PAC: svchost.exe -> svchost.exe Access=1000	
00010786	115.13127899	System	PAC: svchost.exe -> svchost.exe Access=40	
00010787	115.13246918	System	PAC: svchost.exe -> msedgewebview2 Access=101000	
00010788	115.13246918	System	PAC: svchost.exe -> msedgewebview2 Access=1000	
00010789	115.13317108	System	PAC: svchost.exe -> svchost.exe Access=1000	
00010790	115.13318634	System	PAC: svchost.exe -> svchost.exe Access=40	
00010791	115.13323212	System	PAC: svchost.exe -> msedgewebview2 Access=101000	
00010792	115.13324738	System	PAC: svchost.exe -> msedgewebview2 Access=1000	
00010793	115.13341522	System	PAC: svchost.exe -> svchost.exe Access=1000	
00010794	115.13343048	System	PAC: svchost.exe -> svchost.exe Access=40	
00010795	115.13537598	System	PAC: svchost.exe -> msedgewebview2 Access=101000	
00010796	115.13538361	System	PAC: svchost.exe -> msedgewebview2 Access=1000	
00010797	115.13555145	System	PAC: svchost.exe -> svchost.exe Access=1000	
00010798	115.13556671	System	PAC: svchost.exe -> svchost.exe Access=40	
00010799	115.13772583	System	PAC: svchost.exe -> msedgewebview2 Access=101000	
00010800	115.13774109	System	PAC: svchost.exe -> msedgewebview2 Access=1000	
00010801	115.13783264	System	PAC: svchost.exe -> svchost.exe Access=1000	
00010802	115.13783264	System	PAC: svchost.exe -> svchost.exe Access=40	
00010803	115.13890839	System	PAC: svchost.exe -> msedgewebview2 Access=101000	
00010804	115.13891602	System	PAC: svchost.exe -> msedgewebview2 Access=1000	
00010805	115.13959503	System	PAC: svchost.exe -> svchost.exe Access=1000	
00010806	115.13959503	System	PAC: svchost.exe -> svchost.exe Access=40	
00010807	115.13981628	System	PAC: svchost.exe -> msedgewebview2 Access=101000	
00010808	115.13983917	System	PAC: svchost.exe -> msedgewebview2 Access=1000	
00010809	115.14025116	System	PAC: svchost.exe -> svchost.exe Access=1000	
00010810	115.14025116	System	PAC: svchost.exe -> svchost.exe Access=40	
00010811	115.14546204	System	PAC: svchost.exe -> msedgewebview2 Access=101000	
00010812	115.14546967	System	PAC: svchost.exe -> msedgewebview2 Access=1000	
00010813	115.14557648	System	PAC: svchost.exe -> svchost.exe Access=1000	
00010814	115.14557648	System	PAC: svchost.exe -> svchost.exe Access=40	
00010815	115.14678955	System	PAC: svchost.exe -> msedgewebview2 Access=101000	
00010816	115.14680481	System	PAC: svchost.exe -> msedgewebview2 Access=1000	
00010817	115.14699554	System	PAC: svchost.exe -> svchost.exe Access=1000	
00010818	115.14701080	System	PAC: svchost.exe -> svchost.exe Access=40	
00010819	115.15241241	System	PAC: svchost.exe -> msedgewebview2 Access=1000	
00010820	115.15242004	System	PAC: svchost.exe -> msedgewebview2 Access=1000	
00010821	115.15247345	System	PAC: svchost.exe -> msedgewebview2 Access=101000	
00010822	115.15247345	System	PAC: svchost.exe -> msedgewebview2 Access=1000	
00010823	115.16595459	System	PAC: svchost.exe -> msedgewebview2 Access=101000	
00010824	115.16596222	System	PAC: svchost.exe -> msedgewebview2 Access=1000	
00010825	115.16603851	System	PAC: svchost.exe -> msedgewebview2 Access=101000	
00010826	115.16623688	System	PAC: svchost.exe -> svchost.exe Access=1000	
00010827	115.16624451	System	PAC: svchost.exe -> svchost.exe Access=40	
00010828	115.16639709	System	PAC: svchost.exe -> msedgewebview2 Access=1000	
00010829	115.16658020	System	PAC: svchost.exe -> svchost.exe Access=1000	
00010830	115.16658020	System	PAC: svchost.exe -> svchost.exe Access=40	
00010831	115.16743469	System	PAC: svchost.exe -> msedgewebview2 Access=101000	
00010832	115.16744995	System	PAC: svchost.exe -> msedgewebview2 Access=1000	
00010833	115.16773224	System	PAC: svchost.exe -> svchost.exe Access=1000	
00010834	115.16774750	System	PAC: svchost.exe -> svchost.exe Access=40	
00010835	115.17115784	System	PAC: svchost.exe -> msedgewebview2 Access=101000	
00010836	115.17117310	System	PAC: svchost.exe -> msedgewebview2 Access=1000	
00010837	115.17135620	System	PAC: svchost.exe -> msedgewebview2 Access=1000	
00010838	115.17136383	System	PAC: svchost.exe -> msedgewebview2 Access=100000	
00010839	115.17150879	System	PAC: svchost.exe -> svchost.exe Access=1000	
00010840	115.17151642	System	PAC: svchost.exe -> svchost.exe Access=40	
00010841	115.17350769	System	PAC: svchost.exe -> msedgewebview2 Access=101000	
00010842	115.17351532	System	PAC: svchost.exe -> msedgewebview2 Access=1000	
00010843	115.17498779	System	PAC: svchost.exe -> svchost.exe Access=1000	
00010844	115.17498779	System	PAC: svchost.exe -> svchost.exe Access=40	
00010845	115.18105316	System	PAC: svchost.exe -> msedgewebview2 Access=101000	
00010846	115.18112946	System	PAC: svchost.exe -> msedgewebview2 Access=1000	
00010847	115.18165588	System	PAC: svchost.exe -> svchost.exe Access=1000	
00010848	115.18167114	System	PAC: svchost.exe -> svchost.exe Access=40	
00010849	115.18201447	System	PAC: svchost.exe -> msedgewebview2 Access=101000	
00010850	115.18202972	System	PAC: svchost.exe -> msedgewebview2 Access=1000	
00010851	115.18223572	System	PAC: svchost.exe -> svchost.exe Access=1000	
00010852	115.18224335	System	PAC: svchost.exe -> svchost.exe Access=40	
00010853	115.18737793	System	PAC: MsMpEng.exe -> msedgewebview2 Access=101000	
00010854	115.18782806	System	PAC: svchost.exe -> VBoxService.ex Access=1000	
00010855	115.18809509	System	PAC: svchost.exe -> VBoxService.ex Access=1000	
00010856	115.18820190	System	PAC: svchost.exe -> VBoxService.ex Access=1000	
00010857	115.20288086	System	PAC: MsMpEng.exe -> msedgewebview2 Access=101000	
00010858	115.20732117	System	PAC: svchost.exe -> msedgewebview2 Access=1000	
00010859	115.20733643	System	PAC: svchost.exe -> msedgewebview2 Access=1000	
00010860	115.20756531	System	PAC: svchost.exe -> msedgewebview2 Access=101000	
00010861	115.20762634	System	PAC: svchost.exe -> msedgewebview2 Access=1000	
00010862	115.21318054	System	PAC: explorer.exe -> explorer.exe Access=1000	
00010863	115.22223663	System	PAC: explorer.exe -> explorer.exe Access=1000	
00010864	115.22894287	System	PAC: explorer.exe -> explorer.exe Access=1000	
00010865	115.23740387	System	PAC: explorer.exe -> explorer.exe Access=1000	
00010866	115.24150848	System	PAC: svchost.exe -> msedgewebview2 Access=101000	
00010867	115.24391937	System	PAC: explorer.exe -> explorer.exe Access=1000	
00010868	115.24866486	System	PAC: explorer.exe -> Dbgview.exe Access=1000	
00010869	115.25325012	System	PAC: explorer.exe -> FangameTale-Wi Access=1000	
00010870	115.25329590	System	PAC: explorer.exe -> explorer.exe Access=1000	
00010871	115.25331116	System	PAC: explorer.exe -> cmd.exe Access=1000	
00010872	115.25369263	System	PAC: explorer.exe -> explorer.exe Access=1000	
00010873	115.25373077	System	PAC: explorer.exe -> explorer.exe Access=1000	
00010874	115.25374603	System	PAC: explorer.exe -> explorer.exe Access=1000	
00010875	115.25379944	System	PAC: explorer.exe -> msedgewebview2 Access=1000	
00010876	115.34388733	System	PAC: msedgewebview2 -> msedgewebview2 Access=1FFFFF	
00010877	115.34407806	System	PAC: MsMpEng.exe -> msedgewebview2 Access=1000	
00010878	115.34410095	System	PAC: csrss.exe -> msedgewebview2 Access=1FFFFF	
00010879	115.34542084	System	PAC: msedgewebview2 -> msedgewebview2 Access=1FFFFF	
00010880	115.34590912	System	PAC: msedgewebview2 -> msedgewebview2 Access=1FFFFF	
00010881	115.35450745	System	PAC: msedgewebview2 -> msedgewebview2 Access=101451	
00010882	115.35453796	System	PAC: msedgewebview2 -> msedgewebview2 Access=1F1C51	
00010883	115.35463715	System	PAC: msedgewebview2 -> msedgewebview2 Access=1000	
00010884	115.35489655	System	PAC: msedgewebview2 -> msedgewebview2 Access=1FFFFF	
00010885	115.35495758	System	PAC: msedgewebview2 -> msedgewebview2 Access=1000	
00010886	115.35530090	System	PAC: msedgewebview2 -> msedgewebview2 Access=101401	
00010887	115.35531616	System	PAC: msedgewebview2 -> msedgewebview2 Access=1000	
00010888	115.36098480	System	PAC: msedgewebview2 -> msedgewebview2 Access=1FFFFF	
00010889	115.36103821	System	PAC: msedgewebview2 -> msedgewebview2 Access=1FFFFF	
00010890	115.36103821	System	PAC: msedgewebview2 -> msedgewebview2 Access=1000	
00010891	115.36121368	System	PAC: msedgewebview2 -> msedgewebview2 Access=1FFFFF	
00010892	115.36756134	System	PAC: svchost.exe -> msedgewebview2 Access=1478	
00010893	115.36770630	System	PAC: svchost.exe -> msedgewebview2 Access=1400	
00010894	115.39860535	System	PAC: msedgewebview2 -> msedgewebview2 Access=101451	
00010895	115.40039825	System	PAC: msedgewebview2 -> msedgewebview2 Access=1000	
00010896	115.40972900	System	PAC: explorer.exe -> msedgewebview2 Access=1000	
00010897	115.41437531	System	PAC: msedgewebview2 -> msedgewebview2 Access=1FFFFF	
00010898	115.43750763	System	PAC: M365Copilot.ex -> msedgewebview2 Access=3640	
00010899	115.43754578	System	PAC: M365Copilot.ex -> msedgewebview2 Access=3640	
00010900	115.44997406	System	PAC: msedgewebview2 -> msedgewebview2 Access=1FFFFF	
00010901	115.45301819	System	PAC: msedgewebview2 -> msedgewebview2 Access=101401	
00010902	115.45301819	System	PAC: msedgewebview2 -> msedgewebview2 Access=1000	
00010903	115.54872131	System	PAC: MsMpEng.exe -> msedgewebview2 Access=101000	
00010904	115.54875183	System	PAC: MsMpEng.exe -> msedgewebview2 Access=101000	
00010905	115.56058502	5008	Warning: AddWebResourceRequestedFilter without SourceKind parameter is deprecated! It does not behave as expected for iframes.Please use AddWebResourceRequestedFilterWithRequestSourceKinds instead. For more information, please see https://go.microsoft.com/fwlink/?linkid=2286319	
00010906	115.56076813	5008	Warning: AddWebResourceRequestedFilter without SourceKind parameter is deprecated! It does not behave as expected for iframes.Please use AddWebResourceRequestedFilterWithRequestSourceKinds instead. For more information, please see https://go.microsoft.com/fwlink/?linkid=2286319	
00010907	115.59482574	System	PAC: MsMpEng.exe -> msedgewebview2 Access=101000	
00010908	115.62598419	5008	Warning: AddWebResourceRequestedFilter without SourceKind parameter is deprecated! It does not behave as expected for iframes.Please use AddWebResourceRequestedFilterWithRequestSourceKinds instead. For more information, please see https://go.microsoft.com/fwlink/?linkid=2286319	
00010909	115.69554901	5008	Warning: AddWebResourceRequestedFilter without SourceKind parameter is deprecated! It does not behave as expected for iframes.Please use AddWebResourceRequestedFilterWithRequestSourceKinds instead. For more information, please see https://go.microsoft.com/fwlink/?linkid=2286319	
00010910	115.72489166	5008	Warning: AddWebResourceRequestedFilter without SourceKind parameter is deprecated! It does not behave as expected for iframes.Please use AddWebResourceRequestedFilterWithRequestSourceKinds instead. For more information, please see https://go.microsoft.com/fwlink/?linkid=2286319	
00010911	115.78420258	5008	Warning: AddWebResourceRequestedFilter without SourceKind parameter is deprecated! It does not behave as expected for iframes.Please use AddWebResourceRequestedFilterWithRequestSourceKinds instead. For more information, please see https://go.microsoft.com/fwlink/?linkid=2286319	
00010912	115.84552765	System	PAC: MsMpEng.exe -> msedgewebview2 Access=101000	
00010913	115.88494110	5008	Warning: AddWebResourceRequestedFilter without SourceKind parameter is deprecated! It does not behave as expected for iframes.Please use AddWebResourceRequestedFilterWithRequestSourceKinds instead. For more information, please see https://go.microsoft.com/fwlink/?linkid=2286319	
00010914	115.90958405	System	PAC: svchost.exe -> M365Copilot.ex Access=101000	
00010915	115.92584991	System	8156562500 - STORMINI: StorAHCI - LPM: Port 01 - Port Stopped	
00010916	115.92710114	System	8156562500 - STORMINI: StorAHCI - LPM: Port 01 - Port Started	
00010917	115.92807770	5008	TestingSimulation: Feature gate disabled, skipping initialization	
00010918	115.93164825	System	PAC: svchost.exe -> M365Copilot.ex Access=101000	
00010919	115.93166351	System	PAC: svchost.exe -> M365Copilot.ex Access=1000	
00010920	115.93196869	System	PAC: svchost.exe -> svchost.exe Access=1000	
00010921	115.93196869	System	PAC: svchost.exe -> svchost.exe Access=40	
00010922	115.93209839	System	PAC: svchost.exe -> M365Copilot.ex Access=101000	
00010923	115.93210602	System	PAC: svchost.exe -> M365Copilot.ex Access=1000	
00010924	115.93313599	System	PAC: svchost.exe -> svchost.exe Access=1000	
00010925	115.93313599	System	PAC: svchost.exe -> svchost.exe Access=40	
00010926	115.93743134	System	PAC: svchost.exe -> M365Copilot.ex Access=1000	
00010927	115.93756104	System	PAC: svchost.exe -> M365Copilot.ex Access=1000	
00010928	115.94048309	System	PAC: MsMpEng.exe -> msedgewebview2 Access=1000	
00010929	115.94071198	System	PAC: MsMpEng.exe -> msedgewebview2 Access=1000	
00010930	115.94071960	System	PAC: MsMpEng.exe -> msedgewebview2 Access=101000	
00010931	115.94100189	System	PAC: svchost.exe -> M365Copilot.ex Access=101000	
00010932	115.94101715	System	PAC: svchost.exe -> M365Copilot.ex Access=1000	
00010933	115.94120789	System	PAC: svchost.exe -> svchost.exe Access=1000	
00010934	115.94120789	System	PAC: svchost.exe -> svchost.exe Access=40	
00010935	115.94143677	System	PAC: svchost.exe -> M365Copilot.ex Access=101000	
00010936	115.94145203	System	PAC: svchost.exe -> M365Copilot.ex Access=1000	
00010937	115.94156647	System	PAC: svchost.exe -> svchost.exe Access=1000	
00010938	115.94158173	System	PAC: svchost.exe -> svchost.exe Access=40	
00010939	115.94239807	System	PAC: svchost.exe -> M365Copilot.ex Access=101000	
00010940	115.94239807	System	PAC: svchost.exe -> M365Copilot.ex Access=1000	
00010941	115.94266510	System	PAC: svchost.exe -> svchost.exe Access=1000	
00010942	115.94268036	System	PAC: svchost.exe -> svchost.exe Access=40	
00010943	115.94310760	System	PAC: svchost.exe -> M365Copilot.ex Access=101000	
00010944	115.94311523	System	PAC: svchost.exe -> M365Copilot.ex Access=1000	
00010945	115.94330597	System	PAC: svchost.exe -> svchost.exe Access=1000	
00010946	115.94330597	System	PAC: svchost.exe -> svchost.exe Access=40	
00010947	115.94676208	System	PAC: svchost.exe -> M365Copilot.ex Access=101000	
00010948	115.94677734	System	PAC: svchost.exe -> M365Copilot.ex Access=1000	
00010949	115.94696808	System	PAC: svchost.exe -> svchost.exe Access=1000	
00010950	115.94698334	System	PAC: svchost.exe -> svchost.exe Access=40	
00010951	115.94715118	System	PAC: svchost.exe -> M365Copilot.ex Access=101000	
00010952	115.94715881	System	PAC: svchost.exe -> M365Copilot.ex Access=1000	
00010953	115.94736481	System	PAC: svchost.exe -> svchost.exe Access=1000	
00010954	115.94736481	System	PAC: svchost.exe -> svchost.exe Access=40	
00010955	115.95140076	System	PAC: svchost.exe -> M365Copilot.ex Access=1000	
00010956	115.95140839	System	PAC: svchost.exe -> M365Copilot.ex Access=1000	
00010957	115.95143890	System	PAC: svchost.exe -> M365Copilot.ex Access=101000	
00010958	115.95143890	System	PAC: svchost.exe -> M365Copilot.ex Access=101000	
00010959	115.95144653	System	PAC: svchost.exe -> M365Copilot.ex Access=1000	
00010960	115.95144653	System	PAC: svchost.exe -> M365Copilot.ex Access=1000	
00010961	115.95879364	System	PAC: svchost.exe -> M365Copilot.ex Access=1000	
00010962	115.95915222	System	PAC: svchost.exe -> M365Copilot.ex Access=1000	
00010963	115.96195984	System	PAC: svchost.exe -> M365Copilot.ex Access=101000	
00010964	115.96196747	System	PAC: svchost.exe -> M365Copilot.ex Access=1000	
00010965	115.96237946	System	PAC: svchost.exe -> svchost.exe Access=1000	
00010966	115.96237946	System	PAC: svchost.exe -> svchost.exe Access=40	
00010967	115.96271515	System	PAC: svchost.exe -> M365Copilot.ex Access=101000	
00010968	115.96272278	System	PAC: svchost.exe -> M365Copilot.ex Access=1000	
00010969	115.96284485	System	PAC: svchost.exe -> svchost.exe Access=1000	
00010970	115.96285248	System	PAC: svchost.exe -> svchost.exe Access=40	
00010971	115.96379089	System	PAC: svchost.exe -> M365Copilot.ex Access=101000	
00010972	115.96379852	System	PAC: svchost.exe -> M365Copilot.ex Access=1000	
00010973	115.96383667	System	PAC: svchost.exe -> M365Copilot.ex Access=101000	
00010974	115.96385193	System	PAC: svchost.exe -> M365Copilot.ex Access=1000	
00010975	115.96404266	System	PAC: svchost.exe -> svchost.exe Access=1000	
00010976	115.96404266	System	PAC: svchost.exe -> svchost.exe Access=40	
00010977	115.96417236	System	PAC: svchost.exe -> svchost.exe Access=1000	
00010978	115.96417236	System	PAC: svchost.exe -> svchost.exe Access=40	
00010979	115.96647644	System	PAC: svchost.exe -> M365Copilot.ex Access=101000	
00010980	115.96649170	System	PAC: svchost.exe -> M365Copilot.ex Access=1000	
00010981	115.96668243	System	PAC: svchost.exe -> svchost.exe Access=1000	
00010982	115.96669769	System	PAC: svchost.exe -> svchost.exe Access=40	
00010983	115.96980286	System	PAC: svchost.exe -> M365Copilot.ex Access=1000	
00010984	115.96995544	System	PAC: svchost.exe -> M365Copilot.ex Access=101000	
00010985	115.96998596	System	PAC: svchost.exe -> M365Copilot.ex Access=1000	
00010986	115.97502899	System	PAC: svchost.exe -> M365Copilot.ex Access=1000	
00010987	115.97506714	System	PAC: svchost.exe -> M365Copilot.ex Access=101000	
00010988	115.97507477	System	PAC: svchost.exe -> M365Copilot.ex Access=1000	
00010989	116.04688263	System	8157656250 - STORMINI: StorAHCI - LPM: SystemIoBusNumber:0 Port:00 - IDLE	
00010990	116.08378601	5008	HandleSISInteractionRequiredAsync: Starting SIS interaction required handling	
00010991	116.15962982	5008	ReadDiscoveredAccountsFromOneAuth: Found 0 accounts	
00010992	116.18933868	System	PAC: svchost.exe -> VBoxService.ex Access=1000	
00010993	116.18937683	System	PAC: svchost.exe -> VBoxService.ex Access=1000	
00010994	116.18949127	System	PAC: svchost.exe -> VBoxService.ex Access=1000	
00010995	116.20535278	System	PAC: svchost.exe -> SecurityHealth Access=1000	
00010996	116.20575714	System	PAC: svchost.exe -> SecurityHealth Access=1000	
00010997	116.20584869	System	PAC: svchost.exe -> SecurityHealth Access=1000	
00010998	116.20591736	System	PAC: svchost.exe -> SecurityHealth Access=1000	
00010999	116.20597839	System	PAC: svchost.exe -> SecurityHealth Access=1000	
00011000	116.20603943	System	PAC: svchost.exe -> SecurityHealth Access=1000	
00011001	116.20613098	System	PAC: svchost.exe -> SecurityHealth Access=1000	
00011002	116.20620728	System	PAC: svchost.exe -> SecurityHealth Access=1000	
00011003	116.20626831	System	PAC: svchost.exe -> SecurityHealth Access=1000	
00011004	116.20665741	System	PAC: svchost.exe -> SecurityHealth Access=1000	
00011005	116.20701599	System	PAC: svchost.exe -> SecurityHealth Access=1000	
00011006	116.20710754	System	PAC: svchost.exe -> SecurityHealth Access=1000	
00011007	116.20718384	System	PAC: svchost.exe -> SecurityHealth Access=1000	
00011008	116.20724487	System	PAC: svchost.exe -> SecurityHealth Access=1000	
00011009	116.20730591	System	PAC: svchost.exe -> SecurityHealth Access=1000	
00011010	116.20737457	System	PAC: svchost.exe -> SecurityHealth Access=1000	
00011011	116.20743561	System	PAC: svchost.exe -> SecurityHealth Access=1000	
00011012	116.20752716	System	PAC: svchost.exe -> SecurityHealth Access=1000	
00011013	116.20779419	System	PAC: svchost.exe -> SecurityHealth Access=1000	
00011014	116.20815277	System	PAC: svchost.exe -> SecurityHealth Access=1000	
00011015	116.20825958	System	PAC: svchost.exe -> SecurityHealth Access=1000	
00011016	116.20832062	System	PAC: svchost.exe -> SecurityHealth Access=1000	
00011017	116.20838165	System	PAC: svchost.exe -> SecurityHealth Access=1000	
00011018	116.20843506	System	PAC: svchost.exe -> SecurityHealth Access=1000	
00011019	116.20849609	System	PAC: svchost.exe -> SecurityHealth Access=1000	
00011020	116.20856476	System	PAC: svchost.exe -> SecurityHealth Access=1000	
00011021	116.20862579	System	PAC: svchost.exe -> SecurityHealth Access=1000	
00011022	116.20896149	System	PAC: svchost.exe -> SecurityHealth Access=1000	
00011023	116.20932007	System	PAC: svchost.exe -> SecurityHealth Access=1000	
00011024	116.20945740	System	PAC: svchost.exe -> SecurityHealth Access=1000	
00011025	116.20972443	System	PAC: svchost.exe -> SecurityHealth Access=1000	
00011026	116.21102142	System	PAC: svchost.exe -> SecurityHealth Access=1000	
00011027	116.21135712	System	PAC: svchost.exe -> SecurityHealth Access=1000	
00011028	116.21179962	System	PAC: svchost.exe -> SecurityHealth Access=1000	
00011029	116.21189117	System	PAC: svchost.exe -> SecurityHealth Access=1000	
00011030	116.21198273	System	PAC: svchost.exe -> SecurityHealth Access=1000	
00011031	116.21213531	System	PAC: svchost.exe -> SecurityHealth Access=1000	
00011032	116.21242523	System	PAC: svchost.exe -> SecurityHealth Access=1000	
00011033	116.21334076	System	PAC: svchost.exe -> SecurityHealth Access=1000	
00011034	116.21382141	System	PAC: svchost.exe -> SecurityHealth Access=1000	
00011035	116.21443939	System	PAC: svchost.exe -> SecurityHealth Access=1000	
00011036	116.21468353	System	PAC: svchost.exe -> SecurityHealth Access=1000	
00011037	116.21493530	System	PAC: svchost.exe -> SecurityHealth Access=1000	
00011038	116.21504211	System	PAC: svchost.exe -> SecurityHealth Access=1000	
00011039	116.21529388	System	PAC: svchost.exe -> SecurityHealth Access=1000	
00011040	116.21672058	System	PAC: svchost.exe -> SecurityHealth Access=1000	
00011041	116.21714020	System	PAC: svchost.exe -> SecurityHealth Access=1000	
00011042	116.21751404	System	PAC: svchost.exe -> SecurityHealth Access=1000	
00011043	116.21762848	System	PAC: svchost.exe -> SecurityHealth Access=1000	
00011044	116.21784210	System	PAC: svchost.exe -> SecurityHealth Access=1000	
00011045	116.21793365	System	PAC: svchost.exe -> SecurityHealth Access=1000	
00011046	116.22223663	5008	HandleSISInteractionRequiredAsync: No accounts found after discovery	
00011047	116.27693939	System	PAC: msedgewebview2 -> msedgewebview2 Access=1FFFFF	
00011048	116.27700806	System	PAC: msedgewebview2 -> msedgewebview2 Access=1FFFFF	
00011049	116.27731323	System	PAC: M365Copilot.ex -> msedgewebview2 Access=1FFFFF	
00011050	116.32083130	5008	SystemManufacturers OS Version: 	
00011051	116.40712738	System	8161406250 - STORMINI: StorAHCI - LPM: SystemIoBusNumber:0 Port:00 - ACTIVE	
00011052	116.40712738	System	8161406250 - STORMINI: StorAHCI - LPM: SystemIoBusNumber:0 Port:00 - Transit into Slumber from Partial - Canceled	
00011053	116.40878296	5008	10	
00011054	116.52541351	System	PAC: M365Copilot.ex -> msedgewebview2 Access=1410	
00011055	116.52542877	System	PAC: M365Copilot.ex -> msedgewebview2 Access=1410	
00011056	116.52543640	System	PAC: M365Copilot.ex -> msedgewebview2 Access=1410	
00011057	116.52543640	System	PAC: M365Copilot.ex -> msedgewebview2 Access=1410	
00011058	116.52543640	System	PAC: M365Copilot.ex -> msedgewebview2 Access=1410	
00011059	116.65647125	System	PAC: MsMpEng.exe -> svchost.exe Access=1000	
00011060	116.65650177	System	PAC: services.exe -> svchost.exe Access=1FFFFF	
00011061	116.65674591	System	PAC: csrss.exe -> svchost.exe Access=1FFFFF	
00011062	116.65702057	System	PAC: svchost.exe -> svchost.exe Access=1101	
00011063	116.65718079	System	PAC: MsMpEng.exe -> services.exe Access=1000	
00011064	116.65752411	System	PAC: svchost.exe -> svchost.exe Access=1000	
00011065	116.65757751	System	PAC: svchost.exe -> svchost.exe Access=1000	
00011066	116.66298676	System	PAC: csrss.exe -> svchost.exe Access=1FFFFF	
00011067	116.66506195	System	PAC: svchost.exe -> M365Copilot.ex Access=1000	
00011068	116.67429352	System	PAC: M365Copilot.ex -> M365Copilot.ex Access=1000	
00011069	116.67539215	System	PAC: lsass.exe -> M365Copilot.ex Access=1000	
00011070	116.67561340	System	PAC: lsass.exe -> M365Copilot.ex Access=1000	
00011071	116.67599487	System	PAC: lsass.exe -> M365Copilot.ex Access=1000	
00011072	116.67612457	System	PAC: lsass.exe -> M365Copilot.ex Access=1000	
00011073	116.67749023	System	PAC: svchost.exe -> svchost.exe Access=1000	
00011074	116.67756653	System	PAC: svchost.exe -> svchost.exe Access=1000	
00011075	116.68591309	System	PAC: svchost.exe -> M365Copilot.ex Access=1000	
00011076	116.68711853	System	PAC: svchost.exe -> svchost.exe Access=1000	
00011077	116.68712616	System	PAC: svchost.exe -> svchost.exe Access=100000	
00011078	116.68723297	System	PAC: svchost.exe -> M365Copilot.ex Access=1000	
00011079	116.68815613	System	PAC: svchost.exe -> M365Copilot.ex Access=1000	
00011080	116.68840790	System	PAC: services.exe -> svchost.exe Access=1000	
00011081	116.68859863	System	PAC: services.exe -> svchost.exe Access=1000	
00011082	116.68861389	System	PAC: services.exe -> svchost.exe Access=1FFFFF	
00011083	116.68968964	System	PAC: svchost.exe -> M365Copilot.ex Access=1000	
00011084	116.68986511	System	PAC: services.exe -> svchost.exe Access=1000	
00011085	116.69080353	System	PAC: svchost.exe -> M365Copilot.ex Access=1000	
00011086	116.69314575	System	PAC: svchost.exe -> M365Copilot.ex Access=1000	
00011087	116.69371796	System	PAC: svchost.exe -> M365Copilot.ex Access=1000	
00011088	116.69501495	System	PAC: svchost.exe -> M365Copilot.ex Access=1000	
00011089	116.69557953	System	PAC: svchost.exe -> M365Copilot.ex Access=1000	
00011090	116.69671631	System	PAC: svchost.exe -> M365Copilot.ex Access=1000	
00011091	116.69728088	System	PAC: svchost.exe -> M365Copilot.ex Access=1000	
00011092	116.69821167	System	PAC: svchost.exe -> M365Copilot.ex Access=1000	
00011093	116.70191193	System	PAC: svchost.exe -> svchost.exe Access=1000	
00011094	116.70213318	System	PAC: services.exe -> svchost.exe Access=1FFFFF	
00011095	116.73161316	System	PAC: explorer.exe -> explorer.exe Access=1000	
00011096	116.73405457	System	PAC: explorer.exe -> explorer.exe Access=1000	
00011097	116.73414612	System	PAC: explorer.exe -> explorer.exe Access=1000	
00011098	116.73415375	System	PAC: explorer.exe -> explorer.exe Access=1000	
00011099	116.73416901	System	PAC: explorer.exe -> explorer.exe Access=1000	
00011100	116.73418427	System	PAC: explorer.exe -> Dbgview.exe Access=1000	
00011101	116.73419189	System	PAC: explorer.exe -> FangameTale-Wi Access=1000	
00011102	116.73422241	System	PAC: explorer.exe -> explorer.exe Access=1000	
00011103	116.73422241	System	PAC: explorer.exe -> cmd.exe Access=1000	
00011104	116.73424530	System	PAC: explorer.exe -> explorer.exe Access=1000	
00011105	116.73426056	System	PAC: explorer.exe -> explorer.exe Access=1000	
00011106	116.73609924	System	PAC: explorer.exe -> explorer.exe Access=1000	
00011107	116.73955536	System	PAC: explorer.exe -> M365Copilot.ex Access=1000	
00011109	116.75360107	System	PAC: M365Copilot.ex -> M365Copilot.ex Access=1000	
00011110	116.78841400	System	PAC: svchost.exe -> svchost.exe Access=40	
00011111	116.78852844	System	PAC: svchost.exe -> svchost.exe Access=1000	
00011112	116.78854370	System	PAC: svchost.exe -> svchost.exe Access=40	
00011113	116.79499817	System	PAC: M365Copilot.ex -> M365Copilot.ex Access=1000	
00011114	116.79834747	System	PAC: svchost.exe -> WmiPrvSE.exe Access=1000	
00011115	116.79845428	System	PAC: svchost.exe -> WmiPrvSE.exe Access=1000	
00011116	116.79853058	System	PAC: svchost.exe -> WmiPrvSE.exe Access=1000	
00011117	116.79856873	System	PAC: svchost.exe -> WmiPrvSE.exe Access=1000	
00011118	116.79862976	System	PAC: svchost.exe -> WmiPrvSE.exe Access=1000	
00011119	116.79868317	System	PAC: svchost.exe -> WmiPrvSE.exe Access=1000	
00011120	116.81515503	System	PAC: svchost.exe -> svchost.exe Access=40	
00011121	116.81526947	System	PAC: svchost.exe -> svchost.exe Access=1000	
00011122	116.81526947	System	PAC: svchost.exe -> svchost.exe Access=40	
00011123	116.84741211	System	PAC: svchost.exe -> M365Copilot.ex Access=101000	
00011124	116.84742737	System	PAC: svchost.exe -> M365Copilot.ex Access=1000	
00011125	116.84746552	System	PAC: svchost.exe -> M365Copilot.ex Access=101000	
00011126	116.84747314	System	PAC: svchost.exe -> M365Copilot.ex Access=1000	
00011127	116.84931946	System	PAC: svchost.exe -> svchost.exe Access=1000	
00011128	116.84933472	System	PAC: svchost.exe -> svchost.exe Access=40	
00011129	116.84952545	System	PAC: svchost.exe -> svchost.exe Access=1000	
00011130	116.84952545	System	PAC: svchost.exe -> svchost.exe Access=40	
00011131	116.85708618	System	PAC: svchost.exe -> M365Copilot.ex Access=1000	
00011132	116.85715485	System	PAC: svchost.exe -> M365Copilot.ex Access=1000	
00011133	116.86061859	System	PAC: svchost.exe -> M365Copilot.ex Access=101000	
00011134	116.86063385	System	PAC: svchost.exe -> M365Copilot.ex Access=1000	
00011135	116.86087799	System	PAC: svchost.exe -> svchost.exe Access=1000	
00011136	116.86087799	System	PAC: svchost.exe -> svchost.exe Access=40	
00011137	116.86087799	System	PAC: svchost.exe -> M365Copilot.ex Access=101000	
00011138	116.86089325	System	PAC: svchost.exe -> M365Copilot.ex Access=1000	
00011139	116.86116028	System	PAC: svchost.exe -> svchost.exe Access=1000	
00011140	116.86116028	System	PAC: svchost.exe -> svchost.exe Access=40	
00011141	116.86274719	System	PAC: svchost.exe -> M365Copilot.ex Access=101000	
00011142	116.86275482	System	PAC: svchost.exe -> M365Copilot.ex Access=1000	
00011143	116.86287689	System	PAC: svchost.exe -> svchost.exe Access=1000	
00011144	116.86287689	System	PAC: svchost.exe -> svchost.exe Access=40	
00011145	116.86598206	System	PAC: svchost.exe -> M365Copilot.ex Access=101000	
00011146	116.86599731	System	PAC: svchost.exe -> M365Copilot.ex Access=1000	
00011147	116.86669159	System	PAC: svchost.exe -> M365Copilot.ex Access=101000	
00011148	116.86669922	System	PAC: svchost.exe -> M365Copilot.ex Access=1000	
00011149	116.86682892	System	PAC: svchost.exe -> svchost.exe Access=1000	
00011150	116.86684418	System	PAC: svchost.exe -> svchost.exe Access=40	
00011151	116.86692047	System	PAC: svchost.exe -> svchost.exe Access=1000	
00011152	116.86705017	System	PAC: svchost.exe -> svchost.exe Access=40	
00011153	116.86996460	System	PAC: svchost.exe -> M365Copilot.ex Access=101000	
00011154	116.86997986	System	PAC: svchost.exe -> M365Copilot.ex Access=1000	
00011155	116.87013245	System	PAC: svchost.exe -> svchost.exe Access=1000	
00011156	116.87014771	System	PAC: svchost.exe -> svchost.exe Access=40	
00011157	116.87257385	System	PAC: svchost.exe -> M365Copilot.ex Access=101000	
00011158	116.87258911	System	PAC: svchost.exe -> M365Copilot.ex Access=1000	
00011159	116.87270355	System	PAC: svchost.exe -> svchost.exe Access=1000	
00011160	116.87271881	System	PAC: svchost.exe -> svchost.exe Access=40	
00011161	116.87377930	System	PAC: svchost.exe -> M365Copilot.ex Access=1000	
00011162	116.87516022	System	PAC: svchost.exe -> M365Copilot.ex Access=1000	
00011163	116.87519073	System	PAC: svchost.exe -> M365Copilot.ex Access=101000	
00011164	116.87519836	System	PAC: svchost.exe -> M365Copilot.ex Access=1000	
00011165	116.87602997	System	PAC: svchost.exe -> M365Copilot.ex Access=101000	
00011166	116.87604523	System	PAC: svchost.exe -> M365Copilot.ex Access=1000	
00011167	116.87615967	System	PAC: svchost.exe -> svchost.exe Access=1000	
00011168	116.87615967	System	PAC: svchost.exe -> svchost.exe Access=40	
00011169	116.87757111	System	PAC: svchost.exe -> M365Copilot.ex Access=101000	
00011170	116.87757874	System	PAC: svchost.exe -> M365Copilot.ex Access=1000	
00011171	116.87789917	System	PAC: svchost.exe -> svchost.exe Access=1000	
00011172	116.87789917	System	PAC: svchost.exe -> svchost.exe Access=40	
00011173	116.87856293	System	PAC: svchost.exe -> M365Copilot.ex Access=1000	
00011174	116.88806152	System	PAC: svchost.exe -> M365Copilot.ex Access=101000	
00011175	116.88807678	System	PAC: svchost.exe -> M365Copilot.ex Access=1000	
00011176	116.88832092	System	PAC: svchost.exe -> M365Copilot.ex Access=101000	
00011177	116.88833618	System	PAC: svchost.exe -> M365Copilot.ex Access=1000	
00011178	116.88842010	System	PAC: svchost.exe -> svchost.exe Access=1000	
00011179	116.88842010	System	PAC: svchost.exe -> svchost.exe Access=40	
00011180	116.88852692	System	PAC: svchost.exe -> svchost.exe Access=1000	
00011181	116.88852692	System	PAC: svchost.exe -> svchost.exe Access=40	
00011182	116.88958740	System	PAC: svchost.exe -> M365Copilot.ex Access=101000	
00011183	116.88960266	System	PAC: svchost.exe -> M365Copilot.ex Access=1000	
00011184	116.88993073	System	PAC: svchost.exe -> svchost.exe Access=1000	
00011185	116.88993073	System	PAC: svchost.exe -> svchost.exe Access=40	
00011186	116.90023804	System	PAC: svchost.exe -> M365Copilot.ex Access=1000	
00011187	116.90026093	System	PAC: svchost.exe -> M365Copilot.ex Access=101000	
00011188	116.90027618	System	PAC: svchost.exe -> M365Copilot.ex Access=1000	
00011189	116.92604065	System	8166562500 - STORMINI: StorAHCI - LPM: Port 01 - Port Stopped	
00011190	116.92857361	System	8166562500 - STORMINI: StorAHCI - LPM: Port 01 - Port Started	
00011191	116.94008636	System	PAC: explorer.exe -> explorer.exe Access=2000	
00011192	116.94009399	System	PAC: explorer.exe -> TextInputHost. Access=2000	
00011193	116.94009399	System	PAC: explorer.exe -> SearchApp.exe Access=2000	
00011194	116.94010925	System	PAC: explorer.exe -> StartMenuExper Access=2000	
00011195	116.94010925	System	PAC: explorer.exe -> FangameTale-Wi Access=2000	
00011196	116.99893951	System	PAC: svchost.exe -> WmiPrvSE.exe Access=1000	
00011197	116.99907684	System	PAC: svchost.exe -> WmiPrvSE.exe Access=1000	
00011198	116.99925995	System	PAC: svchost.exe -> WmiPrvSE.exe Access=1000	
00011199	116.99930573	System	PAC: svchost.exe -> WmiPrvSE.exe Access=1000	
00011200	116.99937439	System	PAC: svchost.exe -> WmiPrvSE.exe Access=1000	
00011201	116.99942780	System	PAC: svchost.exe -> WmiPrvSE.exe Access=1000	
00011202	117.06602478	System	PAC: svchost.exe -> svchost.exe Access=1000	
00011203	117.06710815	System	PAC: svchost.exe -> svchost.exe Access=1000	
00011204	117.08396912	System	PAC: svchost.exe -> svchost.exe Access=1000	
00011205	117.08451843	System	PAC: svchost.exe -> svchost.exe Access=1000	
00011206	117.09085083	System	PAC: svchost.exe -> svchost.exe Access=1000	
00011207	117.09156799	System	PAC: svchost.exe -> svchost.exe Access=1000	
00011208	117.09513092	System	PAC: svchost.exe -> svchost.exe Access=1000	
00011209	117.09643555	System	PAC: svchost.exe -> svchost.exe Access=1000	
00011210	117.09926605	System	PAC: svchost.exe -> svchost.exe Access=1000	
00011211	117.10028839	System	PAC: svchost.exe -> svchost.exe Access=1000	
00011212	117.10459900	System	PAC: svchost.exe -> svchost.exe Access=1000	
00011213	117.10511017	System	PAC: svchost.exe -> svchost.exe Access=1000	
00011214	117.11107635	System	PAC: svchost.exe -> svchost.exe Access=1000	
00011215	117.11286926	System	PAC: svchost.exe -> svchost.exe Access=1000	
00011216	117.11524963	System	PAC: svchost.exe -> svchost.exe Access=1000	
00011217	117.11564636	System	PAC: svchost.exe -> svchost.exe Access=1000	
00011218	117.12139893	System	PAC: svchost.exe -> svchost.exe Access=1000	
00011219	117.12207031	System	PAC: svchost.exe -> svchost.exe Access=1000	
00011220	117.12637329	System	PAC: svchost.exe -> svchost.exe Access=1000	
00011221	117.12714386	System	PAC: svchost.exe -> svchost.exe Access=1000	
00011222	117.12977600	System	PAC: svchost.exe -> svchost.exe Access=1000	
00011223	117.13041687	System	PAC: svchost.exe -> svchost.exe Access=1000	
00011224	117.13830566	System	PAC: svchost.exe -> svchost.exe Access=1000	
00011225	117.13906097	System	PAC: svchost.exe -> svchost.exe Access=1000	
00011226	117.14205170	System	PAC: svchost.exe -> svchost.exe Access=1000	
00011227	117.14253998	System	PAC: svchost.exe -> svchost.exe Access=1000	
00011228	117.14935303	System	PAC: svchost.exe -> svchost.exe Access=1000	
00011229	117.15055084	System	PAC: svchost.exe -> svchost.exe Access=1000	
00011230	117.15936279	System	PAC: svchost.exe -> svchost.exe Access=1000	
00011231	117.16061401	System	PAC: svchost.exe -> svchost.exe Access=1000	
00011232	117.16965485	5008	HandleCommandAsync unhandled function: sid	
00011233	117.16988373	5008	HandleCommandAsync unhandled function: sid	
00011234	117.19517517	System	PAC: svchost.exe -> VBoxService.ex Access=1000	
00011235	117.19522858	System	PAC: svchost.exe -> VBoxService.ex Access=1000	
00011236	117.19542694	System	PAC: svchost.exe -> VBoxService.ex Access=1000	
00011237	117.26551056	System	PAC: svchost.exe -> svchost.exe Access=40	
00011238	117.26573944	System	PAC: svchost.exe -> svchost.exe Access=1000	
00011239	117.26575470	System	PAC: svchost.exe -> svchost.exe Access=40	
00011240	117.27127075	System	PAC: svchost.exe -> WmiPrvSE.exe Access=1000	
00011241	117.27129364	System	PAC: svchost.exe -> WmiPrvSE.exe Access=1000	
00011242	117.27144623	System	PAC: svchost.exe -> WmiPrvSE.exe Access=1000	
00011243	117.27149963	System	PAC: svchost.exe -> WmiPrvSE.exe Access=1000	
00011244	117.27155304	System	PAC: svchost.exe -> WmiPrvSE.exe Access=1000	
00011245	117.27161407	System	PAC: svchost.exe -> WmiPrvSE.exe Access=1000	
00011246	117.27765656	System	PAC: svchost.exe -> svchost.exe Access=1000	
00011247	117.27773285	System	PAC: svchost.exe -> svchost.exe Access=1000	
00011248	117.28670502	System	PAC: svchost.exe -> svchost.exe Access=40	
00011249	117.28679657	System	PAC: svchost.exe -> svchost.exe Access=1000	
00011250	117.28679657	System	PAC: svchost.exe -> svchost.exe Access=40	
00011251	117.40835571	System	8171406250 - STORMINI: StorAHCI - LPM: SystemIoBusNumber:0 Port:00 - IDLE	
00011252	117.42385864	5008	HandleCommandAsync unhandled function: cid	
00011253	117.44029236	System	PAC: svchost.exe -> WmiPrvSE.exe Access=1000	
00011254	117.44033051	System	PAC: svchost.exe -> WmiPrvSE.exe Access=1000	
00011255	117.44043732	System	PAC: svchost.exe -> WmiPrvSE.exe Access=1000	
00011256	117.44047546	System	PAC: svchost.exe -> WmiPrvSE.exe Access=1000	
00011257	117.44068146	System	PAC: svchost.exe -> WmiPrvSE.exe Access=1000	
00011258	117.44138336	System	PAC: svchost.exe -> WmiPrvSE.exe Access=1000	
00011259	117.49211121	System	PAC: svchost.exe -> svchost.exe Access=1000	
00011260	117.49266052	System	PAC: svchost.exe -> svchost.exe Access=1000	
00011261	117.51079559	System	PAC: svchost.exe -> svchost.exe Access=1000	
00011262	117.51230621	System	PAC: svchost.exe -> svchost.exe Access=1000	
00011263	117.51873016	System	PAC: svchost.exe -> svchost.exe Access=1000	
00011264	117.51940155	System	PAC: svchost.exe -> svchost.exe Access=1000	
00011265	117.52358246	System	PAC: svchost.exe -> svchost.exe Access=1000	
00011266	117.52424622	System	PAC: svchost.exe -> svchost.exe Access=1000	
00011267	117.52692413	System	PAC: svchost.exe -> svchost.exe Access=1000	
00011268	117.52911377	System	PAC: svchost.exe -> svchost.exe Access=1000	
00011269	117.53406525	System	PAC: svchost.exe -> svchost.exe Access=1000	
00011270	117.53461456	System	PAC: svchost.exe -> svchost.exe Access=1000	
00011271	117.53821564	System	PAC: svchost.exe -> svchost.exe Access=1000	
00011272	117.53889465	System	PAC: svchost.exe -> svchost.exe Access=1000	
00011273	117.54160309	System	PAC: svchost.exe -> svchost.exe Access=1000	
00011274	117.54251862	System	PAC: svchost.exe -> svchost.exe Access=1000	
00011275	117.54630280	System	PAC: svchost.exe -> svchost.exe Access=1000	
00011276	117.54720306	System	PAC: svchost.exe -> svchost.exe Access=1000	
00011277	117.55109406	System	PAC: svchost.exe -> svchost.exe Access=1000	
00011278	117.55149841	System	PAC: svchost.exe -> svchost.exe Access=1000	
00011279	117.55349731	System	PAC: svchost.exe -> svchost.exe Access=1000	
00011280	117.55394745	System	PAC: svchost.exe -> svchost.exe Access=1000	
00011281	117.55793762	System	PAC: svchost.exe -> svchost.exe Access=1000	
00011282	117.55844116	System	PAC: svchost.exe -> svchost.exe Access=1000	
00011283	117.56267548	System	PAC: svchost.exe -> svchost.exe Access=1000	
00011284	117.56307220	System	PAC: svchost.exe -> svchost.exe Access=1000	
00011285	117.57004547	System	PAC: svchost.exe -> svchost.exe Access=1000	
00011286	117.57077789	System	PAC: svchost.exe -> svchost.exe Access=1000	
00011287	117.57525635	System	PAC: svchost.exe -> svchost.exe Access=1000	
00011288	117.57566833	System	PAC: svchost.exe -> svchost.exe Access=1000	
00011289	117.63494110	System	8173593750 - STORMINI: StorAHCI - LPM: SystemIoBusNumber:0 Port:00 - ACTIVE	
00011290	117.63495636	System	8173593750 - STORMINI: StorAHCI - LPM: SystemIoBusNumber:0 Port:00 - Transit into Slumber from Partial - Canceled	
00011291	117.68287659	System	PAC: svchost.exe -> M365Copilot.ex Access=1040	
00011292	117.70381927	System	PAC: svchost.exe -> svchost.exe Access=40	
00011293	117.70393372	System	PAC: svchost.exe -> svchost.exe Access=1000	
00011294	117.70394897	System	PAC: svchost.exe -> svchost.exe Access=40	
00011295	117.71199799	System	PAC: svchost.exe -> WmiPrvSE.exe Access=1000	
00011296	117.71211243	System	PAC: svchost.exe -> WmiPrvSE.exe Access=1000	
00011297	117.71218872	System	PAC: svchost.exe -> WmiPrvSE.exe Access=1000	
00011298	117.71222687	System	PAC: svchost.exe -> WmiPrvSE.exe Access=1000	
00011299	117.71229553	System	PAC: svchost.exe -> WmiPrvSE.exe Access=1000	
00011300	117.71235657	System	PAC: svchost.exe -> WmiPrvSE.exe Access=1000	
00011301	117.73764801	System	PAC: svchost.exe -> svchost.exe Access=40	
00011302	117.73821259	System	PAC: svchost.exe -> svchost.exe Access=1000	
00011303	117.73822784	System	PAC: svchost.exe -> svchost.exe Access=40	
00011304	117.86518860	System	PAC: svchost.exe -> WmiPrvSE.exe Access=1000	
00011305	117.86521912	System	PAC: svchost.exe -> WmiPrvSE.exe Access=1000	
00011306	117.86529541	System	PAC: svchost.exe -> WmiPrvSE.exe Access=1000	
00011307	117.86533356	System	PAC: svchost.exe -> WmiPrvSE.exe Access=1000	
00011308	117.86539459	System	PAC: svchost.exe -> WmiPrvSE.exe Access=1000	
00011309	117.86544800	System	PAC: svchost.exe -> WmiPrvSE.exe Access=1000	
00011310	117.90439606	System	PAC: svchost.exe -> svchost.exe Access=1000	
00011311	117.90489960	System	PAC: svchost.exe -> svchost.exe Access=1000	
00011312	117.91950989	System	PAC: svchost.exe -> svchost.exe Access=1000	
00011313	117.92015076	System	PAC: svchost.exe -> svchost.exe Access=1000	
00011314	117.92482758	System	PAC: svchost.exe -> svchost.exe Access=1000	
00011315	117.92543030	System	PAC: svchost.exe -> svchost.exe Access=1000	
00011316	117.92934418	System	PAC: svchost.exe -> svchost.exe Access=1000	
00011317	117.93008423	System	PAC: svchost.exe -> svchost.exe Access=1000	
00011318	117.93236542	System	PAC: svchost.exe -> svchost.exe Access=1000	
00011319	117.93344116	System	PAC: svchost.exe -> svchost.exe Access=1000	
00011320	117.93940735	System	PAC: svchost.exe -> svchost.exe Access=1000	
00011321	117.94016266	System	PAC: svchost.exe -> svchost.exe Access=1000	
00011322	117.94020081	System	8176718750 - STORMINI: StorAHCI - LPM: Port 01 - Port Stopped	
00011323	117.94071960	System	8176718750 - STORMINI: StorAHCI - LPM: Port 01 - Port Started	
00011324	117.94296265	System	PAC: svchost.exe -> svchost.exe Access=1000	
00011325	117.94342041	System	PAC: svchost.exe -> svchost.exe Access=1000	
00011326	117.94547272	System	PAC: svchost.exe -> svchost.exe Access=1000	
00011327	117.94586945	System	PAC: svchost.exe -> svchost.exe Access=1000	
00011328	117.95081329	System	PAC: svchost.exe -> svchost.exe Access=1000	
00011329	117.95130920	System	PAC: svchost.exe -> svchost.exe Access=1000	
00011330	117.95420074	System	PAC: svchost.exe -> svchost.exe Access=1000	
00011331	117.95471191	System	PAC: svchost.exe -> svchost.exe Access=1000	
00011332	117.95805359	System	PAC: svchost.exe -> svchost.exe Access=1000	
00011333	117.95860291	System	PAC: svchost.exe -> svchost.exe Access=1000	
00011334	117.96340179	System	PAC: svchost.exe -> svchost.exe Access=1000	
00011335	117.96389008	System	PAC: svchost.exe -> svchost.exe Access=1000	
00011336	117.96689606	System	PAC: svchost.exe -> svchost.exe Access=1000	
00011337	117.96736145	System	PAC: svchost.exe -> svchost.exe Access=1000	
00011338	117.97278595	System	PAC: svchost.exe -> svchost.exe Access=1000	
00011339	117.97325897	System	PAC: svchost.exe -> svchost.exe Access=1000	
00011340	117.97680664	System	PAC: svchost.exe -> svchost.exe Access=1000	
00011341	117.97731781	System	PAC: svchost.exe -> svchost.exe Access=1000	
00011342	118.07124329	System	PAC: svchost.exe -> svchost.exe Access=1000	
00011343	118.07492828	System	PAC: svchost.exe -> M365Copilot.ex Access=1040	
00011344	118.14048004	System	PAC: svchost.exe -> WmiPrvSE.exe Access=1000	
00011345	118.14050293	System	PAC: svchost.exe -> WmiPrvSE.exe Access=1000	
00011346	118.14067078	System	PAC: svchost.exe -> WmiPrvSE.exe Access=1000	
00011347	118.14070892	System	PAC: svchost.exe -> WmiPrvSE.exe Access=1000	
00011348	118.14077759	System	PAC: svchost.exe -> WmiPrvSE.exe Access=1000	
00011349	118.14082336	System	PAC: svchost.exe -> WmiPrvSE.exe Access=1000	
00011350	118.15691376	System	PAC: svchost.exe -> WmiPrvSE.exe Access=1000	
00011351	118.15694427	System	PAC: svchost.exe -> WmiPrvSE.exe Access=1000	
00011352	118.15700531	System	PAC: svchost.exe -> WmiPrvSE.exe Access=1000	
00011353	118.15702820	System	PAC: svchost.exe -> WmiPrvSE.exe Access=1000	
00011354	118.15718079	System	PAC: svchost.exe -> WmiPrvSE.exe Access=1000	
00011355	118.15724945	System	PAC: svchost.exe -> WmiPrvSE.exe Access=1000	
00011356	118.16139221	System	PAC: svchost.exe -> svchost.exe Access=1000	
00011357	118.16143036	System	PAC: svchost.exe -> svchost.exe Access=1000	
00011358	118.17636871	System	PAC: svchost.exe -> svchost.exe Access=1000	
00011359	118.17670441	System	PAC: svchost.exe -> svchost.exe Access=1000	
00011360	118.17672729	System	PAC: svchost.exe -> svchost.exe Access=1000	
00011361	118.19464874	System	PAC: svchost.exe -> WmiPrvSE.exe Access=1000	
00011362	118.19467163	System	PAC: svchost.exe -> WmiPrvSE.exe Access=1000	
00011363	118.19475555	System	PAC: svchost.exe -> WmiPrvSE.exe Access=1000	
00011364	118.19479370	System	PAC: svchost.exe -> WmiPrvSE.exe Access=1000	
00011365	118.19493103	System	PAC: svchost.exe -> WmiPrvSE.exe Access=1000	
00011366	118.19499207	System	PAC: svchost.exe -> WmiPrvSE.exe Access=1000	
00011367	118.20420074	System	PAC: svchost.exe -> VBoxService.ex Access=1000	
00011368	118.20422363	System	PAC: svchost.exe -> VBoxService.ex Access=1000	
00011369	118.20495605	System	PAC: svchost.exe -> VBoxService.ex Access=1000	
00011370	118.21347809	System	PAC: svchost.exe -> WmiPrvSE.exe Access=1000	
00011371	118.21349335	System	PAC: svchost.exe -> WmiPrvSE.exe Access=1000	
00011372	118.21355438	System	PAC: svchost.exe -> WmiPrvSE.exe Access=1000	
00011373	118.21357727	System	PAC: svchost.exe -> WmiPrvSE.exe Access=1000	
00011374	118.21373749	System	PAC: svchost.exe -> WmiPrvSE.exe Access=1000	
00011375	118.21379852	System	PAC: svchost.exe -> WmiPrvSE.exe Access=1000	
00011376	118.29187775	System	PAC: svchost.exe -> WmiPrvSE.exe Access=1000	
00011377	118.29190063	System	PAC: svchost.exe -> WmiPrvSE.exe Access=1000	
00011378	118.29198456	System	PAC: svchost.exe -> WmiPrvSE.exe Access=1000	
00011379	118.29214478	System	PAC: svchost.exe -> WmiPrvSE.exe Access=1000	
00011380	118.29229736	System	PAC: svchost.exe -> WmiPrvSE.exe Access=1000	
00011381	118.29238129	System	PAC: svchost.exe -> WmiPrvSE.exe Access=1000	
00011382	118.31055450	System	PAC: svchost.exe -> WmiPrvSE.exe Access=1000	
00011383	118.31056976	System	PAC: svchost.exe -> WmiPrvSE.exe Access=1000	
00011384	118.31064606	System	PAC: svchost.exe -> WmiPrvSE.exe Access=1000	
00011385	118.31076050	System	PAC: svchost.exe -> WmiPrvSE.exe Access=1000	
00011386	118.31082153	System	PAC: svchost.exe -> WmiPrvSE.exe Access=1000	
00011387	118.31089020	System	PAC: svchost.exe -> WmiPrvSE.exe Access=1000	
00011388	118.38230133	System	PAC: svchost.exe -> WmiPrvSE.exe Access=1000	
00011389	118.38238525	System	PAC: svchost.exe -> WmiPrvSE.exe Access=1000	
00011390	118.38249207	System	PAC: svchost.exe -> WmiPrvSE.exe Access=1000	
00011391	118.38253021	System	PAC: svchost.exe -> WmiPrvSE.exe Access=1000	
00011392	118.38294983	System	PAC: svchost.exe -> WmiPrvSE.exe Access=1000	
00011393	118.38320923	System	PAC: svchost.exe -> WmiPrvSE.exe Access=1000	
00011394	118.39733887	System	PAC: svchost.exe -> WmiPrvSE.exe Access=1000	
00011395	118.39735413	System	PAC: svchost.exe -> WmiPrvSE.exe Access=1000	
00011396	118.39743042	System	PAC: svchost.exe -> WmiPrvSE.exe Access=1000	
00011397	118.39745331	System	PAC: svchost.exe -> WmiPrvSE.exe Access=1000	
00011398	118.39751434	System	PAC: svchost.exe -> WmiPrvSE.exe Access=1000	
00011399	118.39758301	System	PAC: svchost.exe -> WmiPrvSE.exe Access=1000	
00011400	118.41220093	System	PAC: svchost.exe -> WmiPrvSE.exe Access=1000	
00011401	118.41222382	System	PAC: svchost.exe -> WmiPrvSE.exe Access=1000	
00011402	118.41228485	System	PAC: svchost.exe -> WmiPrvSE.exe Access=1000	
00011403	118.41231537	System	PAC: svchost.exe -> WmiPrvSE.exe Access=1000	
00011404	118.41237640	System	PAC: svchost.exe -> WmiPrvSE.exe Access=1000	
00011405	118.41242981	System	PAC: svchost.exe -> WmiPrvSE.exe Access=1000	
00011406	118.43088531	System	PAC: svchost.exe -> WmiPrvSE.exe Access=1000	
00011407	118.43090057	System	PAC: svchost.exe -> WmiPrvSE.exe Access=1000	
00011408	118.43096161	System	PAC: svchost.exe -> WmiPrvSE.exe Access=1000	
00011409	118.43106842	System	PAC: svchost.exe -> WmiPrvSE.exe Access=1000	
00011410	118.43114471	System	PAC: svchost.exe -> WmiPrvSE.exe Access=1000	
00011411	118.43120575	System	PAC: svchost.exe -> WmiPrvSE.exe Access=1000	
00011412	118.46640778	System	PAC: svchost.exe -> WmiPrvSE.exe Access=1000	
00011413	118.46644592	System	PAC: svchost.exe -> WmiPrvSE.exe Access=1000	
00011414	118.46652222	System	PAC: svchost.exe -> WmiPrvSE.exe Access=1000	
00011415	118.46656036	System	PAC: svchost.exe -> WmiPrvSE.exe Access=1000	
00011416	118.46662140	System	PAC: svchost.exe -> WmiPrvSE.exe Access=1000	
00011417	118.46667480	System	PAC: svchost.exe -> WmiPrvSE.exe Access=1000	
00011418	118.50049591	System	PAC: svchost.exe -> svchost.exe Access=1000	
00011419	118.50414276	System	PAC: svchost.exe -> AppHostRegistr Access=1FFFFF	
00011420	118.50431061	System	PAC: csrss.exe -> AppHostRegistr Access=1FFFFF	
00011421	118.50447083	System	PAC: MsMpEng.exe -> AppHostRegistr Access=1000	
00011422	118.50611115	System	PAC: svchost.exe -> svchost.exe Access=1000	
00011423	118.50749207	System	PAC: csrss.exe -> AppHostRegistr Access=1FFFFF	
00011424	118.52735901	System	PAC: svchost.exe -> AppHostRegistr Access=1000	
00011425	118.52746582	System	PAC: svchost.exe -> AppHostRegistr Access=100000	
00011426	118.53315735	System	PAC: svchost.exe -> AppHostRegistr Access=1000	
00011427	118.53871155	System	PAC: svchost.exe -> svchost.exe Access=1000	
00011428	118.53938293	System	PAC: svchost.exe -> svchost.exe Access=1000	
00011429	118.54003143	System	PAC: svchost.exe -> svchost.exe Access=1000	
00011430	118.54004669	System	PAC: svchost.exe -> svchost.exe Access=40	
00011431	118.54033661	System	PAC: svchost.exe -> svchost.exe Access=1000	
00011432	118.54033661	System	PAC: svchost.exe -> svchost.exe Access=40	
00011433	118.54342651	System	PAC: svchost.exe -> AppHostRegistr Access=1000	
00011434	118.54364014	System	PAC: svchost.exe -> svchost.exe Access=1000	
00011435	118.54505157	System	PAC: svchost.exe -> svchost.exe Access=1000	
00011436	118.54511261	System	PAC: svchost.exe -> WmiPrvSE.exe Access=1000	
00011437	118.54513550	System	PAC: svchost.exe -> WmiPrvSE.exe Access=1000	
00011438	118.54539490	System	PAC: svchost.exe -> WmiPrvSE.exe Access=1000	
00011439	118.54544830	System	PAC: svchost.exe -> WmiPrvSE.exe Access=1000	
00011440	118.54558563	System	PAC: svchost.exe -> WmiPrvSE.exe Access=1000	
00011441	118.54565430	System	PAC: svchost.exe -> WmiPrvSE.exe Access=1000	
00011442	118.55340576	System	PAC: svchost.exe -> AppHostRegistr Access=1000	
00011443	118.55404663	System	PAC: svchost.exe -> svchost.exe Access=1000	
00011444	118.55419922	System	PAC: svchost.exe -> svchost.exe Access=1000	
00011445	118.55431366	System	PAC: svchost.exe -> svchost.exe Access=1000	
00011446	118.55696869	System	PAC: MsMpEng.exe -> AppHostRegistr Access=1000	
00011447	118.55701447	System	PAC: svchost.exe -> AppHostRegistr Access=1FFFFF	
00011448	118.55725098	System	PAC: csrss.exe -> AppHostRegistr Access=1FFFFF	
00011449	118.55982208	System	PAC: csrss.exe -> AppHostRegistr Access=1FFFFF	
00011450	118.56454468	System	PAC: svchost.exe -> WmiPrvSE.exe Access=1000	
00011451	118.56455994	System	PAC: svchost.exe -> WmiPrvSE.exe Access=1000	
00011452	118.56463623	System	PAC: svchost.exe -> WmiPrvSE.exe Access=1000	
00011453	118.56465912	System	PAC: svchost.exe -> WmiPrvSE.exe Access=1000	
00011454	118.56472015	System	PAC: svchost.exe -> WmiPrvSE.exe Access=1000	
00011455	118.56477356	System	PAC: svchost.exe -> WmiPrvSE.exe Access=1000	
00011456	118.57933807	System	PAC: MsMpEng.exe -> backgroundTask Access=1000	
00011457	118.57950592	System	PAC: svchost.exe -> backgroundTask Access=1FFFFF	
00011458	118.58020020	System	PAC: csrss.exe -> backgroundTask Access=1FFFFF	
00011459	118.58036804	System	PAC: svchost.exe -> backgroundTask Access=1101	
00011460	118.58065796	System	PAC: svchost.exe -> backgroundTask Access=101001	
00011461	118.58087921	System	PAC: svchost.exe -> AppHostRegistr Access=1000	
00011462	118.58088684	System	PAC: svchost.exe -> AppHostRegistr Access=100000	
00011463	118.58283234	System	PAC: csrss.exe -> backgroundTask Access=1FFFFF	
00011464	118.58753204	System	PAC: svchost.exe -> AppHostRegistr Access=1000	
00011465	118.59304047	System	PAC: svchost.exe -> AppHostRegistr Access=1000	
00011466	118.59776306	System	PAC: svchost.exe -> AppHostRegistr Access=1000	
00011467	118.60773468	System	PAC: svchost.exe -> backgroundTask Access=101000	
00011468	118.60792542	System	PAC: svchost.exe -> backgroundTask Access=1000	
00011469	118.60793304	System	PAC: svchost.exe -> backgroundTask Access=100000	
00011470	118.60987854	System	PAC: svchost.exe -> WmiPrvSE.exe Access=1000	
00011471	118.60991669	System	PAC: svchost.exe -> WmiPrvSE.exe Access=1000	
00011472	118.61017609	System	PAC: svchost.exe -> WmiPrvSE.exe Access=1000	
00011473	118.61029053	System	PAC: svchost.exe -> WmiPrvSE.exe Access=1000	
00011474	118.61061096	System	PAC: svchost.exe -> WmiPrvSE.exe Access=1000	
00011475	118.61068726	System	PAC: svchost.exe -> WmiPrvSE.exe Access=1000	
00011476	118.61228943	System	PAC: svchost.exe -> backgroundTask Access=101001	
00011477	118.62037659	System	PAC: sihost.exe -> backgroundTask Access=101000	
00011478	118.62632751	System	PAC: svchost.exe -> WmiPrvSE.exe Access=1000	
00011479	118.62635803	System	PAC: svchost.exe -> WmiPrvSE.exe Access=1000	
00011480	118.62641907	System	PAC: svchost.exe -> WmiPrvSE.exe Access=1000	
00011481	118.62644196	System	PAC: svchost.exe -> WmiPrvSE.exe Access=1000	
00011482	118.62651062	System	PAC: svchost.exe -> WmiPrvSE.exe Access=1000	
00011483	118.62655640	System	PAC: svchost.exe -> WmiPrvSE.exe Access=1000	
00011484	118.64154816	System	PAC: svchost.exe -> WmiPrvSE.exe Access=1000	
00011485	118.64156342	System	PAC: svchost.exe -> WmiPrvSE.exe Access=1000	
00011486	118.64170074	System	PAC: svchost.exe -> WmiPrvSE.exe Access=1000	
00011487	118.64173889	System	PAC: svchost.exe -> WmiPrvSE.exe Access=1000	
00011488	118.64184570	System	PAC: svchost.exe -> backgroundTask Access=1478	
00011489	118.64189148	System	PAC: svchost.exe -> WmiPrvSE.exe Access=1000	
00011490	118.64189148	System	8183750000 - STORMINI: StorAHCI - LPM: SystemIoBusNumber:0 Port:00 - IDLE	
00011491	118.64192963	System	PAC: svchost.exe -> backgroundTask Access=1400	
00011492	118.64194489	System	PAC: svchost.exe -> WmiPrvSE.exe Access=1000	
00011493	118.64608002	System	PAC: svchost.exe -> backgroundTask Access=101000	
00011494	118.64961243	System	8183750000 - STORMINI: StorAHCI - LPM: SystemIoBusNumber:0 Port:00 - ACTIVE	
00011495	118.64961243	System	8183750000 - STORMINI: StorAHCI - LPM: SystemIoBusNumber:0 Port:00 - Transit into Slumber from Partial - Canceled	
00011496	118.65648651	System	PAC: svchost.exe -> WmiPrvSE.exe Access=1000	
00011497	118.65650940	System	PAC: svchost.exe -> WmiPrvSE.exe Access=1000	
00011498	118.65656281	System	PAC: svchost.exe -> WmiPrvSE.exe Access=1000	
00011499	118.65660095	System	PAC: svchost.exe -> WmiPrvSE.exe Access=1000	
00011500	118.65666199	System	PAC: svchost.exe -> WmiPrvSE.exe Access=1000	
00011501	118.65671539	System	PAC: svchost.exe -> WmiPrvSE.exe Access=1000	
00011502	118.68814087	System	PAC: svchost.exe -> svchost.exe Access=1000	
00011503	118.68815613	System	PAC: svchost.exe -> svchost.exe Access=40	
00011504	118.68840027	System	PAC: svchost.exe -> svchost.exe Access=1000	
00011505	118.68840027	System	PAC: svchost.exe -> svchost.exe Access=40	
00011506	118.68927002	System	PAC: svchost.exe -> svchost.exe Access=1000	
00011507	118.68927002	System	PAC: svchost.exe -> svchost.exe Access=40	
00011508	118.69197083	System	PAC: MsMpEng.exe -> RuntimeBroker. Access=1000	
00011509	118.69229126	System	PAC: svchost.exe -> RuntimeBroker. Access=1FFFFF	
00011510	118.69252777	System	PAC: csrss.exe -> RuntimeBroker. Access=1FFFFF	
00011511	118.69272614	System	PAC: svchost.exe -> RuntimeBroker. Access=1101	
00011512	118.69320679	System	PAC: svchost.exe -> RuntimeBroker. Access=101001	
00011513	118.69380188	System	PAC: MsMpEng.exe -> RuntimeBroker. Access=101000	
00011514	118.69928741	System	PAC: svchost.exe -> WmiPrvSE.exe Access=1000	
00011515	118.69928741	System	PAC: csrss.exe -> RuntimeBroker. Access=1FFFFF	
00011516	118.69953156	System	PAC: svchost.exe -> WmiPrvSE.exe Access=1000	
00011517	118.69960785	System	PAC: svchost.exe -> WmiPrvSE.exe Access=1000	
00011518	118.69964600	System	PAC: svchost.exe -> WmiPrvSE.exe Access=1000	
00011519	118.69971466	System	PAC: svchost.exe -> WmiPrvSE.exe Access=1000	
00011520	118.69976044	System	PAC: svchost.exe -> WmiPrvSE.exe Access=1000	
00011521	118.72279358	System	PAC: svchost.exe -> RuntimeBroker. Access=1000	
00011522	118.72280121	System	PAC: svchost.exe -> RuntimeBroker. Access=100000	
00011523	118.72793579	System	PAC: svchost.exe -> RuntimeBroker. Access=101001	
00011524	118.73365784	System	PAC: RuntimeBroker. -> backgroundTask Access=1000	
00011525	118.78864288	System	PAC: svchost.exe -> WmiPrvSE.exe Access=1000	
00011526	118.78869629	System	PAC: svchost.exe -> WmiPrvSE.exe Access=1000	
00011527	118.78881073	System	PAC: svchost.exe -> WmiPrvSE.exe Access=1000	
00011528	118.78884888	System	PAC: svchost.exe -> WmiPrvSE.exe Access=1000	
00011529	118.78891754	System	PAC: svchost.exe -> WmiPrvSE.exe Access=1000	
00011530	118.78905487	System	PAC: svchost.exe -> WmiPrvSE.exe Access=1000	
00011531	118.80364990	System	PAC: svchost.exe -> WmiPrvSE.exe Access=1000	
00011532	118.80365753	System	PAC: svchost.exe -> WmiPrvSE.exe Access=1000	
00011533	118.80373383	System	PAC: svchost.exe -> WmiPrvSE.exe Access=1000	
00011534	118.80384064	System	PAC: svchost.exe -> WmiPrvSE.exe Access=1000	
00011535	118.80406952	System	PAC: svchost.exe -> WmiPrvSE.exe Access=1000	
00011536	118.80414581	System	PAC: svchost.exe -> WmiPrvSE.exe Access=1000	
00011537	118.89302063	System	PAC: svchost.exe -> WmiPrvSE.exe Access=1000	
00011538	118.89305878	System	PAC: svchost.exe -> WmiPrvSE.exe Access=1000	
00011539	118.89313507	System	PAC: svchost.exe -> WmiPrvSE.exe Access=1000	
00011540	118.89317322	System	PAC: svchost.exe -> WmiPrvSE.exe Access=1000	
00011541	118.89323425	System	PAC: svchost.exe -> WmiPrvSE.exe Access=1000	
00011542	118.89328766	System	PAC: svchost.exe -> WmiPrvSE.exe Access=1000	
00011543	118.90749359	System	PAC: svchost.exe -> WmiPrvSE.exe Access=1000	
00011544	118.90750885	System	PAC: svchost.exe -> WmiPrvSE.exe Access=1000	
00011545	118.90764618	System	PAC: svchost.exe -> WmiPrvSE.exe Access=1000	
00011546	118.90769958	System	PAC: svchost.exe -> WmiPrvSE.exe Access=1000	
00011547	118.90783691	System	PAC: svchost.exe -> WmiPrvSE.exe Access=1000	
00011548	118.90790558	System	PAC: svchost.exe -> WmiPrvSE.exe Access=1000	
00011549	118.92121887	System	PAC: svchost.exe -> WmiPrvSE.exe Access=1000	
00011550	118.92124176	System	PAC: svchost.exe -> WmiPrvSE.exe Access=1000	
00011551	118.92137909	System	PAC: svchost.exe -> WmiPrvSE.exe Access=1000	
00011552	118.92141724	System	PAC: svchost.exe -> WmiPrvSE.exe Access=1000	
00011553	118.92161560	System	PAC: svchost.exe -> WmiPrvSE.exe Access=1000	
00011554	118.92167664	System	PAC: svchost.exe -> WmiPrvSE.exe Access=1000	
00011555	118.93498993	System	PAC: svchost.exe -> WmiPrvSE.exe Access=1000	
00011556	118.93501282	System	PAC: svchost.exe -> WmiPrvSE.exe Access=1000	
00011557	118.93508148	System	PAC: svchost.exe -> WmiPrvSE.exe Access=1000	
00011558	118.93511963	System	PAC: svchost.exe -> WmiPrvSE.exe Access=1000	
00011559	118.93531036	System	PAC: svchost.exe -> WmiPrvSE.exe Access=1000	
00011560	118.93537140	System	PAC: svchost.exe -> WmiPrvSE.exe Access=1000	
00011561	118.94600677	System	8186718750 - STORMINI: StorAHCI - LPM: Port 01 - Port Stopped	
00011562	118.94654846	System	8186718750 - STORMINI: StorAHCI - LPM: Port 01 - Port Started	
00011563	118.97368622	System	PAC: svchost.exe -> WmiPrvSE.exe Access=1000	
00011564	118.97370911	System	PAC: svchost.exe -> WmiPrvSE.exe Access=1000	
00011565	118.97386169	System	PAC: svchost.exe -> WmiPrvSE.exe Access=1000	
00011566	118.97389984	System	PAC: svchost.exe -> WmiPrvSE.exe Access=1000	
00011567	118.97404480	System	PAC: svchost.exe -> WmiPrvSE.exe Access=1000	
00011568	118.97410583	System	PAC: svchost.exe -> WmiPrvSE.exe Access=1000	
00011569	119.04815674	System	PAC: svchost.exe -> WmiPrvSE.exe Access=1000	
00011570	119.04819489	System	PAC: svchost.exe -> WmiPrvSE.exe Access=1000	
00011571	119.04827118	System	PAC: svchost.exe -> WmiPrvSE.exe Access=1000	
00011572	119.04838562	System	PAC: svchost.exe -> WmiPrvSE.exe Access=1000	
00011573	119.04853821	System	PAC: svchost.exe -> WmiPrvSE.exe Access=1000	
00011574	119.04859924	System	PAC: svchost.exe -> WmiPrvSE.exe Access=1000	
00011575	119.06415558	System	PAC: svchost.exe -> WmiPrvSE.exe Access=1000	
00011576	119.06416321	System	PAC: svchost.exe -> WmiPrvSE.exe Access=1000	
00011577	119.06442261	System	PAC: svchost.exe -> WmiPrvSE.exe Access=1000	
00011578	119.06446075	System	PAC: svchost.exe -> WmiPrvSE.exe Access=1000	
00011579	119.06452179	System	PAC: svchost.exe -> WmiPrvSE.exe Access=1000	
00011580	119.06466675	System	PAC: svchost.exe -> WmiPrvSE.exe Access=1000	
00011581	119.08510590	System	PAC: MsMpEng.exe -> backgroundTask Access=101000	
00011582	119.09089661	System	PAC: svchost.exe -> WmiPrvSE.exe Access=1000	
00011583	119.09098053	System	PAC: svchost.exe -> WmiPrvSE.exe Access=1000	
00011584	119.09105682	System	PAC: svchost.exe -> WmiPrvSE.exe Access=1000	
00011585	119.09108734	System	PAC: svchost.exe -> WmiPrvSE.exe Access=1000	
00011586	119.09126282	System	PAC: svchost.exe -> WmiPrvSE.exe Access=1000	
00011587	119.09133148	System	PAC: svchost.exe -> WmiPrvSE.exe Access=1000	
00011588	119.10848236	System	PAC: svchost.exe -> WmiPrvSE.exe Access=1000	
00011589	119.10852051	System	PAC: svchost.exe -> WmiPrvSE.exe Access=1000	
00011590	119.10865021	System	PAC: svchost.exe -> WmiPrvSE.exe Access=1000	
00011591	119.10868835	System	PAC: svchost.exe -> WmiPrvSE.exe Access=1000	
00011592	119.10874939	System	PAC: svchost.exe -> WmiPrvSE.exe Access=1000	
00011593	119.10880280	System	PAC: svchost.exe -> WmiPrvSE.exe Access=1000	
00011594	119.12737274	System	PAC: svchost.exe -> WmiPrvSE.exe Access=1000	
00011595	119.12739563	System	PAC: svchost.exe -> WmiPrvSE.exe Access=1000	
00011596	119.12744904	System	PAC: svchost.exe -> WmiPrvSE.exe Access=1000	
00011597	119.12748718	System	PAC: svchost.exe -> WmiPrvSE.exe Access=1000	
00011598	119.12754822	System	PAC: svchost.exe -> WmiPrvSE.exe Access=1000	
00011599	119.12767792	System	PAC: svchost.exe -> WmiPrvSE.exe Access=1000	
00011600	119.14385986	System	PAC: svchost.exe -> WmiPrvSE.exe Access=1000	
00011601	119.14388275	System	PAC: svchost.exe -> WmiPrvSE.exe Access=1000	
00011602	119.14395142	System	PAC: svchost.exe -> WmiPrvSE.exe Access=1000	
00011603	119.14397430	System	PAC: svchost.exe -> WmiPrvSE.exe Access=1000	
00011604	119.14403534	System	PAC: svchost.exe -> WmiPrvSE.exe Access=1000	
00011605	119.14408875	System	PAC: svchost.exe -> WmiPrvSE.exe Access=1000	
00011606	119.18584442	System	PAC: svchost.exe -> WmiPrvSE.exe Access=1000	
00011607	119.18585968	System	PAC: svchost.exe -> WmiPrvSE.exe Access=1000	
00011608	119.18605804	System	PAC: svchost.exe -> WmiPrvSE.exe Access=1000	
00011609	119.18616486	System	PAC: svchost.exe -> WmiPrvSE.exe Access=1000	
00011610	119.18630219	System	PAC: svchost.exe -> WmiPrvSE.exe Access=1000	
00011611	119.18637085	System	PAC: svchost.exe -> WmiPrvSE.exe Access=1000	
00011612	119.21049500	System	PAC: svchost.exe -> VBoxService.ex Access=1000	
00011613	119.21053314	System	PAC: svchost.exe -> VBoxService.ex Access=1000	
00011614	119.21060944	System	PAC: svchost.exe -> VBoxService.ex Access=1000	
00011615	119.26358795	System	PAC: svchost.exe -> WmiPrvSE.exe Access=1000	
00011616	119.26361847	System	PAC: svchost.exe -> WmiPrvSE.exe Access=1000	
00011617	119.26370239	System	PAC: svchost.exe -> WmiPrvSE.exe Access=1000	
00011618	119.26374054	System	PAC: svchost.exe -> WmiPrvSE.exe Access=1000	
00011619	119.26382446	System	PAC: svchost.exe -> WmiPrvSE.exe Access=1000	
00011620	119.26398468	System	PAC: svchost.exe -> WmiPrvSE.exe Access=1000	
00011621	119.28455353	System	PAC: svchost.exe -> WmiPrvSE.exe Access=1000	
00011622	119.28458405	System	PAC: svchost.exe -> WmiPrvSE.exe Access=1000	
00011623	119.28464508	System	PAC: svchost.exe -> WmiPrvSE.exe Access=1000	
00011624	119.28468323	System	PAC: svchost.exe -> WmiPrvSE.exe Access=1000	
00011625	119.28482819	System	PAC: svchost.exe -> WmiPrvSE.exe Access=1000	
00011626	119.28488922	System	PAC: svchost.exe -> WmiPrvSE.exe Access=1000	
00011627	119.42731476	System	PAC: msedgewebview2 -> msedgewebview2 Access=1000	
00011628	119.42761993	System	PAC: msedgewebview2 -> msedgewebview2 Access=1000	
00011629	119.42773438	System	PAC: msedgewebview2 -> msedgewebview2 Access=1000	
00011630	119.42852783	System	PAC: msedgewebview2 -> msedgewebview2 Access=1000	
00011631	119.42877197	System	PAC: msedgewebview2 -> msedgewebview2 Access=1000	
00011632	119.43305969	System	PAC: msedgewebview2 -> msedgewebview2 Access=1410	
00011633	119.45790863	System	PAC: msedgewebview2 -> msedgewebview2 Access=1410	
00011634	119.46926117	System	PAC: svchost.exe -> msedgewebview2 Access=101000	
00011635	119.47120667	System	PAC: msedgewebview2 -> M365Copilot.ex Access=1000	
00011636	119.47201538	System	PAC: msedgewebview2 -> explorer.exe Access=40	
00011637	119.47202301	System	PAC: msedgewebview2 -> explorer.exe Access=40	
00011638	119.47230530	System	PAC: msedgewebview2 -> explorer.exe Access=40	
00011639	119.47380829	System	PAC: msedgewebview2 -> explorer.exe Access=40	
00011640	119.47385406	System	PAC: msedgewebview2 -> explorer.exe Access=40	
00011641	119.47473907	System	PAC: msedgewebview2 -> explorer.exe Access=40	
00011642	119.47583008	System	PAC: msedgewebview2 -> explorer.exe Access=40	
00011643	119.48140717	System	PAC: msedgewebview2 -> explorer.exe Access=40	
00011644	119.48198700	System	PAC: msedgewebview2 -> msedgewebview2 Access=1410	
00011645	119.48199463	System	PAC: msedgewebview2 -> msedgewebview2 Access=1410	
00011646	119.48761749	System	PAC: svchost.exe -> svchost.exe Access=1000	
00011647	119.55676270	System	PAC: MsMpEng.exe -> svchost.exe Access=1000	
00011648	119.55748749	System	PAC: MsMpEng.exe -> svchost.exe Access=1000	
00011649	119.55757141	System	PAC: MsMpEng.exe -> svchost.exe Access=1000	
00011650	119.55757904	System	PAC: MsMpEng.exe -> svchost.exe Access=1000	
00011651	119.55759430	System	PAC: MsMpEng.exe -> svchost.exe Access=1000	
00011652	119.59434509	System	PAC: svchost.exe -> explorer.exe Access=1000	
00011653	119.59442139	System	PAC: svchost.exe -> svchost.exe Access=1000	
00011654	119.59449768	System	PAC: svchost.exe -> svchost.exe Access=1000	
00011655	119.59454346	System	PAC: svchost.exe -> RuntimeBroker. Access=1000	
00011656	119.59455872	System	PAC: svchost.exe -> explorer.exe Access=1000	
00011657	119.60001373	System	PAC: svchost.exe -> WmiPrvSE.exe Access=1000	
00011658	119.60003662	System	PAC: svchost.exe -> WmiPrvSE.exe Access=1000	
00011659	119.60018921	System	PAC: svchost.exe -> WmiPrvSE.exe Access=1000	
00011660	119.60024261	System	PAC: svchost.exe -> WmiPrvSE.exe Access=1000	
00011661	119.60030365	System	PAC: svchost.exe -> WmiPrvSE.exe Access=1000	
00011662	119.60035706	System	PAC: svchost.exe -> WmiPrvSE.exe Access=1000	
00011663	119.61901093	System	PAC: svchost.exe -> WmiPrvSE.exe Access=1000	
00011664	119.61901855	System	PAC: svchost.exe -> WmiPrvSE.exe Access=1000	
00011665	119.61916351	System	PAC: svchost.exe -> WmiPrvSE.exe Access=1000	
00011666	119.61920929	System	PAC: svchost.exe -> WmiPrvSE.exe Access=1000	
00011667	119.61926270	System	PAC: svchost.exe -> WmiPrvSE.exe Access=1000	
00011668	119.61933136	System	PAC: svchost.exe -> WmiPrvSE.exe Access=1000	
00011669	119.64530182	System	PAC: svchost.exe -> WmiPrvSE.exe Access=1000	
00011670	119.64532471	System	PAC: svchost.exe -> WmiPrvSE.exe Access=1000	
00011671	119.64538574	System	PAC: svchost.exe -> WmiPrvSE.exe Access=1000	
00011672	119.64541626	System	PAC: svchost.exe -> WmiPrvSE.exe Access=1000	
00011673	119.64547729	System	PAC: svchost.exe -> WmiPrvSE.exe Access=1000	
00011674	119.64562225	System	PAC: svchost.exe -> WmiPrvSE.exe Access=1000	
00011675	119.65031433	System	PAC: svchost.exe -> svchost.exe Access=1000	
00011676	119.65032959	System	PAC: svchost.exe -> svchost.exe Access=1000	
00011677	119.66214752	System	8193906250 - STORMINI: StorAHCI - LPM: SystemIoBusNumber:0 Port:00 - IDLE	
00011678	119.67207336	System	8193906250 - STORMINI: StorAHCI - LPM: SystemIoBusNumber:0 Port:00 - ACTIVE	
00011679	119.67207336	System	8193906250 - STORMINI: StorAHCI - LPM: SystemIoBusNumber:0 Port:00 - Transit into Slumber from Partial - Canceled	
00011680	119.70942688	System	PAC: svchost.exe -> svchost.exe Access=40	
00011681	119.70957947	System	PAC: svchost.exe -> svchost.exe Access=1000	
00011682	119.70959473	System	PAC: svchost.exe -> svchost.exe Access=40	
00011683	119.71431732	System	PAC: svchost.exe -> WmiPrvSE.exe Access=1000	
00011684	119.71434021	System	PAC: svchost.exe -> WmiPrvSE.exe Access=1000	
00011685	119.71441650	System	PAC: svchost.exe -> WmiPrvSE.exe Access=1000	
00011686	119.71444702	System	PAC: svchost.exe -> WmiPrvSE.exe Access=1000	
00011687	119.71459961	System	PAC: svchost.exe -> WmiPrvSE.exe Access=1000	
00011688	119.71466064	System	PAC: svchost.exe -> WmiPrvSE.exe Access=1000	
00011689	119.73987579	System	PAC: svchost.exe -> svchost.exe Access=40	
00011690	119.74007416	System	PAC: svchost.exe -> svchost.exe Access=1000	
00011691	119.74008179	System	PAC: svchost.exe -> svchost.exe Access=40	
00011692	119.87181091	System	PAC: svchost.exe -> WmiPrvSE.exe Access=1000	
00011693	119.87193298	System	PAC: svchost.exe -> WmiPrvSE.exe Access=1000	
00011694	119.87204742	System	PAC: svchost.exe -> WmiPrvSE.exe Access=1000	
00011695	119.87213135	System	PAC: svchost.exe -> WmiPrvSE.exe Access=1000	
00011696	119.87224579	System	PAC: svchost.exe -> WmiPrvSE.exe Access=1000	
00011697	119.87236786	System	PAC: svchost.exe -> WmiPrvSE.exe Access=1000	
00011698	119.87960052	System	PAC: svchost.exe -> svchost.exe Access=1000	
00011699	119.87961578	System	PAC: svchost.exe -> svchost.exe Access=1000	
00011700	119.91521454	System	PAC: svchost.exe -> svchost.exe Access=1000	
00011701	119.91622162	System	PAC: svchost.exe -> svchost.exe Access=1000	
00011702	119.93382263	System	PAC: svchost.exe -> svchost.exe Access=1000	
00011703	119.93437195	System	PAC: svchost.exe -> svchost.exe Access=1000	
00011704	119.93914795	System	PAC: svchost.exe -> svchost.exe Access=1000	
00011705	119.93968964	System	PAC: svchost.exe -> svchost.exe Access=1000	
00011706	119.94265747	System	PAC: svchost.exe -> svchost.exe Access=1000	
00011707	119.94313049	System	PAC: svchost.exe -> svchost.exe Access=1000	
00011708	119.94630432	System	PAC: svchost.exe -> svchost.exe Access=1000	
00011709	119.94681549	System	PAC: svchost.exe -> svchost.exe Access=1000	
00011710	119.95125580	System	PAC: svchost.exe -> svchost.exe Access=1000	
00011711	119.95193481	System	PAC: svchost.exe -> svchost.exe Access=1000	
00011712	119.95601654	System	PAC: svchost.exe -> svchost.exe Access=1000	
00011713	119.95619965	System	8196875000 - STORMINI: StorAHCI - LPM: Port 01 - Port Stopped	
00011714	119.95654297	System	PAC: svchost.exe -> svchost.exe Access=1000	
00011715	119.95767212	System	8196875000 - STORMINI: StorAHCI - LPM: Port 01 - Port Started	
00011716	119.95903015	System	PAC: svchost.exe -> svchost.exe Access=1000	
00011717	119.95946503	System	PAC: svchost.exe -> svchost.exe Access=1000	
00011718	119.96317291	System	PAC: svchost.exe -> svchost.exe Access=1000	
00011719	119.96369934	System	PAC: svchost.exe -> svchost.exe Access=1000	
00011720	119.96721649	System	PAC: svchost.exe -> svchost.exe Access=1000	
00011721	119.96768951	System	PAC: svchost.exe -> svchost.exe Access=1000	
00011722	119.96971893	System	PAC: svchost.exe -> svchost.exe Access=1000	
00011723	119.97010040	System	PAC: svchost.exe -> svchost.exe Access=1000	
00011724	119.97488403	System	PAC: svchost.exe -> svchost.exe Access=1000	
00011725	119.97543335	System	PAC: svchost.exe -> svchost.exe Access=1000	
00011726	119.97912598	System	PAC: svchost.exe -> svchost.exe Access=1000	
00011727	119.98043823	System	PAC: svchost.exe -> svchost.exe Access=1000	
00011728	119.98370361	System	PAC: svchost.exe -> svchost.exe Access=1000	
00011729	119.98421478	System	PAC: svchost.exe -> svchost.exe Access=1000	
00011730	119.98972321	System	PAC: svchost.exe -> svchost.exe Access=1000	
00011731	119.99033356	System	PAC: svchost.exe -> svchost.exe Access=1000	
00011732	120.08578491	System	PAC: svchost.exe -> svchost.exe Access=1000	
00011733	120.09025574	System	PAC: svchost.exe -> M365Copilot.ex Access=1040	
00011734	120.15891266	System	PAC: svchost.exe -> WmiPrvSE.exe Access=1000	
00011735	120.15893555	System	PAC: svchost.exe -> WmiPrvSE.exe Access=1000	
00011736	120.15901184	System	PAC: svchost.exe -> WmiPrvSE.exe Access=1000	
00011737	120.15916443	System	PAC: svchost.exe -> WmiPrvSE.exe Access=1000	
00011738	120.15943909	System	PAC: svchost.exe -> WmiPrvSE.exe Access=1000	
00011739	120.15951538	System	PAC: svchost.exe -> WmiPrvSE.exe Access=1000	
00011740	120.16516876	System	PAC: svchost.exe -> svchost.exe Access=1000	
00011741	120.16522217	System	PAC: svchost.exe -> svchost.exe Access=1000	
00011742	120.17449188	System	PAC: svchost.exe -> WmiPrvSE.exe Access=1000	
00011743	120.17451477	System	PAC: svchost.exe -> WmiPrvSE.exe Access=1000	
00011744	120.17457581	System	PAC: svchost.exe -> WmiPrvSE.exe Access=1000	
00011745	120.17461395	System	PAC: svchost.exe -> WmiPrvSE.exe Access=1000	
00011746	120.17466736	System	PAC: svchost.exe -> WmiPrvSE.exe Access=1000	
00011747	120.17473602	System	PAC: svchost.exe -> WmiPrvSE.exe Access=1000	
00011748	120.19874573	System	PAC: svchost.exe -> svchost.exe Access=1000	
00011749	120.19902802	System	PAC: svchost.exe -> svchost.exe Access=1000	
00011750	120.19905090	System	PAC: svchost.exe -> svchost.exe Access=1000	
00011751	120.21022797	System	PAC: svchost.exe -> WmiPrvSE.exe Access=1000	
00011752	120.21025085	System	PAC: svchost.exe -> WmiPrvSE.exe Access=1000	
00011753	120.21041870	System	PAC: svchost.exe -> WmiPrvSE.exe Access=1000	
00011754	120.21047211	System	PAC: svchost.exe -> WmiPrvSE.exe Access=1000	
00011755	120.21056366	System	PAC: svchost.exe -> WmiPrvSE.exe Access=1000	
00011756	120.21062469	System	PAC: svchost.exe -> WmiPrvSE.exe Access=1000	
00011757	120.21500397	System	PAC: svchost.exe -> svchost.exe Access=1000	
00011758	120.21501160	System	PAC: svchost.exe -> svchost.exe Access=1000	
00011759	120.22178650	System	PAC: svchost.exe -> VBoxService.ex Access=1000	
00011760	120.22180939	System	PAC: svchost.exe -> VBoxService.ex Access=1000	
00011761	120.22206879	System	PAC: svchost.exe -> VBoxService.ex Access=1000	
00011762	120.22624207	System	PAC: svchost.exe -> WmiPrvSE.exe Access=1000	
00011763	120.22635651	System	PAC: svchost.exe -> WmiPrvSE.exe Access=1000	
00011764	120.22643280	System	PAC: svchost.exe -> WmiPrvSE.exe Access=1000	
00011765	120.22647095	System	PAC: svchost.exe -> WmiPrvSE.exe Access=1000	
00011766	120.22653198	System	PAC: svchost.exe -> WmiPrvSE.exe Access=1000	
00011767	120.22658539	System	PAC: svchost.exe -> WmiPrvSE.exe Access=1000	
00011768	120.24948120	System	PAC: svchost.exe -> WmiPrvSE.exe Access=1000	
00011769	120.24951172	System	PAC: svchost.exe -> WmiPrvSE.exe Access=1000	
00011770	120.24992371	System	PAC: svchost.exe -> WmiPrvSE.exe Access=1000	
00011771	120.25011444	System	PAC: svchost.exe -> WmiPrvSE.exe Access=1000	
00011772	120.25019836	System	PAC: svchost.exe -> WmiPrvSE.exe Access=1000	
00011773	120.25036621	System	PAC: svchost.exe -> WmiPrvSE.exe Access=1000	
00011774	120.32657623	System	PAC: svchost.exe -> WmiPrvSE.exe Access=1000	
00011775	120.32660675	System	PAC: svchost.exe -> WmiPrvSE.exe Access=1000	
00011776	120.32669067	System	PAC: svchost.exe -> WmiPrvSE.exe Access=1000	
00011777	120.32682037	System	PAC: svchost.exe -> WmiPrvSE.exe Access=1000	
00011778	120.32689667	System	PAC: svchost.exe -> WmiPrvSE.exe Access=1000	
00011779	120.32695007	System	PAC: svchost.exe -> WmiPrvSE.exe Access=1000	
00011780	120.34474182	System	PAC: svchost.exe -> WmiPrvSE.exe Access=1000	
00011781	120.34476471	System	PAC: svchost.exe -> WmiPrvSE.exe Access=1000	
00011782	120.34498596	System	PAC: svchost.exe -> WmiPrvSE.exe Access=1000	
00011783	120.34510040	System	PAC: svchost.exe -> WmiPrvSE.exe Access=1000	
00011784	120.34524536	System	PAC: svchost.exe -> WmiPrvSE.exe Access=1000	
00011785	120.34530640	System	PAC: svchost.exe -> WmiPrvSE.exe Access=1000	
00011786	120.40013123	System	PAC: svchost.exe -> WmiPrvSE.exe Access=1000	
00011787	120.40025330	System	PAC: svchost.exe -> WmiPrvSE.exe Access=1000	
00011788	120.40038300	System	PAC: svchost.exe -> WmiPrvSE.exe Access=1000	
00011789	120.40045929	System	PAC: svchost.exe -> WmiPrvSE.exe Access=1000	
00011790	120.40057373	System	PAC: svchost.exe -> WmiPrvSE.exe Access=1000	
00011791	120.40066528	System	PAC: svchost.exe -> WmiPrvSE.exe Access=1000	
00011792	120.40563202	System	PAC: svchost.exe -> svchost.exe Access=1000	
00011793	120.40569305	System	PAC: svchost.exe -> svchost.exe Access=1000	
00011794	120.41736603	System	PAC: svchost.exe -> WmiPrvSE.exe Access=1000	
00011795	120.41739655	System	PAC: svchost.exe -> WmiPrvSE.exe Access=1000	
00011796	120.41747284	System	PAC: svchost.exe -> WmiPrvSE.exe Access=1000	
00011797	120.41749573	System	PAC: svchost.exe -> WmiPrvSE.exe Access=1000	
00011798	120.41756439	System	PAC: svchost.exe -> WmiPrvSE.exe Access=1000	
00011799	120.41768646	System	PAC: svchost.exe -> WmiPrvSE.exe Access=1000	
00011800	120.42228699	System	PAC: svchost.exe -> svchost.exe Access=1000	
00011801	120.42230988	System	PAC: svchost.exe -> svchost.exe Access=1000	
00011802	120.42514038	System	PAC: msedgewebview2 -> msedgewebview2 Access=1FFFFF	
00011803	120.42527771	System	PAC: msedgewebview2 -> msedgewebview2 Access=1FFFFF	
00011804	120.42529297	System	PAC: msedgewebview2 -> msedgewebview2 Access=1FFFFF	
00011805	120.42529297	System	PAC: msedgewebview2 -> msedgewebview2 Access=1FFFFF	
00011806	120.42530823	System	PAC: msedgewebview2 -> msedgewebview2 Access=1FFFFF	
00011807	120.42530823	System	PAC: msedgewebview2 -> msedgewebview2 Access=1FFFFF	
00011808	120.42530823	System	PAC: msedgewebview2 -> msedgewebview2 Access=1FFFFF	
00011809	120.42530823	System	PAC: msedgewebview2 -> msedgewebview2 Access=1FFFFF	
00011810	120.42531586	System	PAC: msedgewebview2 -> msedgewebview2 Access=1FFFFF	
00011811	120.42531586	System	PAC: msedgewebview2 -> msedgewebview2 Access=1FFFFF	
00011812	120.42531586	System	PAC: msedgewebview2 -> msedgewebview2 Access=1FFFFF	
00011813	120.42531586	System	PAC: msedgewebview2 -> msedgewebview2 Access=1FFFFF	
00011814	120.42533112	System	PAC: msedgewebview2 -> msedgewebview2 Access=1FFFFF	
00011815	120.42533112	System	PAC: msedgewebview2 -> msedgewebview2 Access=1FFFFF	
00011816	120.42533112	System	PAC: msedgewebview2 -> msedgewebview2 Access=1FFFFF	
00011817	120.42533112	System	PAC: msedgewebview2 -> msedgewebview2 Access=1FFFFF	
00011818	120.42533112	System	PAC: msedgewebview2 -> msedgewebview2 Access=1FFFFF	
00011819	120.42534637	System	PAC: msedgewebview2 -> msedgewebview2 Access=1FFFFF	
00011820	120.42534637	System	PAC: msedgewebview2 -> msedgewebview2 Access=1FFFFF	
00011821	120.42534637	System	PAC: msedgewebview2 -> msedgewebview2 Access=1FFFFF	
00011822	120.42534637	System	PAC: msedgewebview2 -> msedgewebview2 Access=1FFFFF	
00011823	120.43575287	System	PAC: svchost.exe -> WmiPrvSE.exe Access=1000	
00011824	120.43579102	System	PAC: svchost.exe -> WmiPrvSE.exe Access=1000	
00011825	120.43598175	System	PAC: svchost.exe -> WmiPrvSE.exe Access=1000	
00011826	120.43604279	System	PAC: svchost.exe -> WmiPrvSE.exe Access=1000	
00011827	120.43611908	System	PAC: svchost.exe -> WmiPrvSE.exe Access=1000	
00011828	120.43617249	System	PAC: svchost.exe -> WmiPrvSE.exe Access=1000	
00011829	120.45418549	System	PAC: svchost.exe -> WmiPrvSE.exe Access=1000	
00011830	120.45419312	System	PAC: svchost.exe -> WmiPrvSE.exe Access=1000	
00011831	120.45426941	System	PAC: svchost.exe -> WmiPrvSE.exe Access=1000	
00011832	120.45429993	System	PAC: svchost.exe -> WmiPrvSE.exe Access=1000	
00011833	120.45445251	System	PAC: svchost.exe -> WmiPrvSE.exe Access=1000	
00011834	120.45455170	System	PAC: svchost.exe -> WmiPrvSE.exe Access=1000	
00011835	120.48574829	System	PAC: svchost.exe -> WmiPrvSE.exe Access=1000	
00011836	120.48577118	System	PAC: svchost.exe -> WmiPrvSE.exe Access=1000	
00011837	120.48584747	System	PAC: svchost.exe -> WmiPrvSE.exe Access=1000	
00011838	120.48595428	System	PAC: svchost.exe -> WmiPrvSE.exe Access=1000	
00011839	120.48657990	System	PAC: svchost.exe -> WmiPrvSE.exe Access=1000	
00011840	120.48667145	System	PAC: svchost.exe -> WmiPrvSE.exe Access=1000	
00011841	120.56371307	System	PAC: svchost.exe -> WmiPrvSE.exe Access=1000	
00011842	120.56373596	System	PAC: svchost.exe -> WmiPrvSE.exe Access=1000	
00011843	120.56381226	System	PAC: svchost.exe -> WmiPrvSE.exe Access=1000	
00011844	120.56385040	System	PAC: svchost.exe -> WmiPrvSE.exe Access=1000	
00011845	120.56390381	System	PAC: svchost.exe -> WmiPrvSE.exe Access=1000	
00011846	120.56396484	System	PAC: svchost.exe -> WmiPrvSE.exe Access=1000	
00011847	120.57973480	System	PAC: svchost.exe -> WmiPrvSE.exe Access=1000	
00011848	120.57975006	System	PAC: svchost.exe -> WmiPrvSE.exe Access=1000	
00011849	120.57981110	System	PAC: svchost.exe -> WmiPrvSE.exe Access=1000	
00011850	120.57984924	System	PAC: svchost.exe -> WmiPrvSE.exe Access=1000	
00011851	120.57999420	System	PAC: svchost.exe -> WmiPrvSE.exe Access=1000	
00011852	120.58005524	System	PAC: svchost.exe -> WmiPrvSE.exe Access=1000	
00011853	120.61157227	System	PAC: svchost.exe -> WmiPrvSE.exe Access=1000	
00011854	120.61159515	System	PAC: svchost.exe -> WmiPrvSE.exe Access=1000	
00011855	120.61174774	System	PAC: svchost.exe -> WmiPrvSE.exe Access=1000	
00011856	120.61178589	System	PAC: svchost.exe -> WmiPrvSE.exe Access=1000	
00011857	120.61185455	System	PAC: svchost.exe -> WmiPrvSE.exe Access=1000	
00011858	120.61190033	System	PAC: svchost.exe -> WmiPrvSE.exe Access=1000	
00011859	120.62566376	System	PAC: svchost.exe -> WmiPrvSE.exe Access=1000	
00011860	120.62567902	System	PAC: svchost.exe -> WmiPrvSE.exe Access=1000	
00011861	120.62574005	System	PAC: svchost.exe -> WmiPrvSE.exe Access=1000	
00011862	120.62586975	System	PAC: svchost.exe -> WmiPrvSE.exe Access=1000	
00011863	120.62602234	System	PAC: svchost.exe -> WmiPrvSE.exe Access=1000	
00011864	120.62609863	System	PAC: svchost.exe -> WmiPrvSE.exe Access=1000	
00011865	120.64077759	System	PAC: svchost.exe -> WmiPrvSE.exe Access=1000	
00011866	120.64080811	System	PAC: svchost.exe -> WmiPrvSE.exe Access=1000	
00011867	120.64086914	System	PAC: svchost.exe -> WmiPrvSE.exe Access=1000	
00011868	120.64090729	System	PAC: svchost.exe -> WmiPrvSE.exe Access=1000	
00011869	120.64097595	System	PAC: svchost.exe -> WmiPrvSE.exe Access=1000	
00011870	120.64102173	System	PAC: svchost.exe -> WmiPrvSE.exe Access=1000	
00011871	120.65669250	System	PAC: svchost.exe -> WmiPrvSE.exe Access=1000	
00011872	120.65673065	System	PAC: svchost.exe -> WmiPrvSE.exe Access=1000	
00011873	120.65686798	System	PAC: svchost.exe -> WmiPrvSE.exe Access=1000	
00011874	120.65690613	System	PAC: svchost.exe -> WmiPrvSE.exe Access=1000	
00011875	120.65697479	System	PAC: svchost.exe -> WmiPrvSE.exe Access=1000	
00011876	120.65703583	System	PAC: svchost.exe -> WmiPrvSE.exe Access=1000	
00011877	120.67469025	System	8204062500 - STORMINI: StorAHCI - LPM: SystemIoBusNumber:0 Port:00 - IDLE	
00011878	120.68760681	System	8204062500 - STORMINI: StorAHCI - LPM: SystemIoBusNumber:0 Port:00 - ACTIVE	
00011879	120.68760681	System	8204062500 - STORMINI: StorAHCI - LPM: SystemIoBusNumber:0 Port:00 - Transit into Slumber from Partial - Canceled	
00011880	120.69239044	System	PAC: svchost.exe -> WmiPrvSE.exe Access=1000	
00011881	120.69248199	System	PAC: svchost.exe -> WmiPrvSE.exe Access=1000	
00011882	120.69256592	System	PAC: svchost.exe -> WmiPrvSE.exe Access=1000	
00011883	120.69261169	System	PAC: svchost.exe -> WmiPrvSE.exe Access=1000	
00011884	120.69265747	System	PAC: svchost.exe -> WmiPrvSE.exe Access=1000	
00011885	120.69272614	System	PAC: svchost.exe -> WmiPrvSE.exe Access=1000	
00011886	120.76638794	System	PAC: svchost.exe -> WmiPrvSE.exe Access=1000	
00011887	120.76641083	System	PAC: svchost.exe -> WmiPrvSE.exe Access=1000	
00011888	120.76648712	System	PAC: svchost.exe -> WmiPrvSE.exe Access=1000	
00011889	120.76652527	System	PAC: svchost.exe -> WmiPrvSE.exe Access=1000	
00011890	120.76657867	System	PAC: svchost.exe -> WmiPrvSE.exe Access=1000	
00011891	120.76673126	System	PAC: svchost.exe -> WmiPrvSE.exe Access=1000	
00011892	120.78137970	System	PAC: svchost.exe -> WmiPrvSE.exe Access=1000	
00011893	120.78140259	System	PAC: svchost.exe -> WmiPrvSE.exe Access=1000	
00011894	120.78146362	System	PAC: svchost.exe -> WmiPrvSE.exe Access=1000	
00011895	120.78150177	System	PAC: svchost.exe -> WmiPrvSE.exe Access=1000	
00011896	120.78164673	System	PAC: svchost.exe -> WmiPrvSE.exe Access=1000	
00011897	120.78170776	System	PAC: svchost.exe -> WmiPrvSE.exe Access=1000	
00011898	120.87071991	System	PAC: svchost.exe -> WmiPrvSE.exe Access=1000	
00011899	120.87077332	System	PAC: svchost.exe -> WmiPrvSE.exe Access=1000	
00011900	120.87097931	System	PAC: svchost.exe -> WmiPrvSE.exe Access=1000	
00011901	120.87102509	System	PAC: svchost.exe -> WmiPrvSE.exe Access=1000	
00011902	120.87110138	System	PAC: svchost.exe -> WmiPrvSE.exe Access=1000	
00011903	120.87136078	System	PAC: svchost.exe -> WmiPrvSE.exe Access=1000	
00011904	120.87423706	System	PAC: svchost.exe -> Dbgview.exe Access=2000	
00011905	120.88730621	System	PAC: svchost.exe -> WmiPrvSE.exe Access=1000	
00011906	120.88733673	System	PAC: svchost.exe -> WmiPrvSE.exe Access=1000	
00011907	120.88739777	System	PAC: svchost.exe -> WmiPrvSE.exe Access=1000	
00011908	120.88754272	System	PAC: svchost.exe -> WmiPrvSE.exe Access=1000	
00011909	120.88766479	System	PAC: svchost.exe -> WmiPrvSE.exe Access=1000	
00011910	120.88773346	System	PAC: svchost.exe -> WmiPrvSE.exe Access=1000	
00011911	120.91143799	System	PAC: svchost.exe -> WmiPrvSE.exe Access=1000	
00011912	120.91145325	System	PAC: svchost.exe -> WmiPrvSE.exe Access=1000	
00011913	120.91151428	System	PAC: svchost.exe -> WmiPrvSE.exe Access=1000	
00011914	120.91155243	System	PAC: svchost.exe -> WmiPrvSE.exe Access=1000	
00011915	120.91161346	System	PAC: svchost.exe -> WmiPrvSE.exe Access=1000	
00011916	120.91166687	System	PAC: svchost.exe -> WmiPrvSE.exe Access=1000	
00011917	120.93370819	System	PAC: svchost.exe -> WmiPrvSE.exe Access=1000	
00011918	120.93373108	System	PAC: svchost.exe -> WmiPrvSE.exe Access=1000	
00011919	120.93379974	System	PAC: svchost.exe -> WmiPrvSE.exe Access=1000	
00011920	120.93382263	System	PAC: svchost.exe -> WmiPrvSE.exe Access=1000	
00011921	120.93389130	System	PAC: svchost.exe -> WmiPrvSE.exe Access=1000	
00011922	120.93393707	System	PAC: svchost.exe -> WmiPrvSE.exe Access=1000	
00011923	120.96977997	System	8207031250 - STORMINI: StorAHCI - LPM: Port 01 - Port Stopped	
00011924	120.96998596	System	PAC: svchost.exe -> WmiPrvSE.exe Access=1000	
00011925	120.97000885	System	PAC: svchost.exe -> WmiPrvSE.exe Access=1000	
00011926	120.97006989	System	PAC: svchost.exe -> WmiPrvSE.exe Access=1000	
00011927	120.97011566	System	PAC: svchost.exe -> WmiPrvSE.exe Access=1000	
00011928	120.97027588	System	PAC: svchost.exe -> WmiPrvSE.exe Access=1000	
00011929	120.97029114	System	8207031250 - STORMINI: StorAHCI - LPM: Port 01 - Port Started	
00011930	120.97035217	System	PAC: svchost.exe -> WmiPrvSE.exe Access=1000	
00011931	121.04885864	System	PAC: svchost.exe -> Dbgview.exe Access=2000	
00011932	121.05413055	System	PAC: svchost.exe -> WmiPrvSE.exe Access=1000	
00011933	121.05415344	System	PAC: svchost.exe -> WmiPrvSE.exe Access=1000	
00011934	121.05431366	System	PAC: svchost.exe -> WmiPrvSE.exe Access=1000	
00011935	121.05435944	System	PAC: svchost.exe -> WmiPrvSE.exe Access=1000	
00011936	121.05442810	System	PAC: svchost.exe -> WmiPrvSE.exe Access=1000	
00011937	121.05447388	System	PAC: svchost.exe -> WmiPrvSE.exe Access=1000	
00011938	121.06940460	System	PAC: explorer.exe -> Dbgview.exe Access=1000	
00011939	121.06942749	System	PAC: explorer.exe -> Dbgview.exe Access=1000	
00011940	121.07056427	System	PAC: svchost.exe -> WmiPrvSE.exe Access=1000	
00011941	121.07057953	System	PAC: svchost.exe -> WmiPrvSE.exe Access=1000	
00011942	121.07065582	System	PAC: svchost.exe -> WmiPrvSE.exe Access=1000	
00011943	121.07067871	System	PAC: svchost.exe -> WmiPrvSE.exe Access=1000	
00011944	121.07074738	System	PAC: svchost.exe -> WmiPrvSE.exe Access=1000	
00011945	121.07079315	System	PAC: svchost.exe -> WmiPrvSE.exe Access=1000	
00011946	121.07514954	System	PAC: svchost.exe -> svchost.exe Access=1000	
00011947	121.07526398	System	PAC: svchost.exe -> svchost.exe Access=1000	
00011948	121.07539368	System	PAC: explorer.exe -> explorer.exe Access=1000	
00011949	121.08493042	System	PAC: explorer.exe -> explorer.exe Access=1000	
00011950	121.09123993	System	PAC: explorer.exe -> explorer.exe Access=1000	
00011951	121.09664154	System	PAC: explorer.exe -> explorer.exe Access=1000	
00011952	121.09715271	System	PAC: explorer.exe -> Dbgview.exe Access=1000	
00011953	121.09719086	System	PAC: explorer.exe -> FangameTale-Wi Access=1000	
00011954	121.09721375	System	PAC: explorer.exe -> explorer.exe Access=1000	
00011955	121.09724426	System	PAC: explorer.exe -> cmd.exe Access=1000	
00011956	121.10002899	System	PAC: explorer.exe -> explorer.exe Access=1000	
00011957	121.10243988	System	PAC: svchost.exe -> WmiPrvSE.exe Access=1000	
00011958	121.10246277	System	PAC: svchost.exe -> WmiPrvSE.exe Access=1000	
00011959	121.10253906	System	PAC: svchost.exe -> WmiPrvSE.exe Access=1000	
00011960	121.10256958	System	PAC: svchost.exe -> WmiPrvSE.exe Access=1000	
00011961	121.10263062	System	PAC: svchost.exe -> WmiPrvSE.exe Access=1000	
00011962	121.10279846	System	PAC: svchost.exe -> WmiPrvSE.exe Access=1000	
00011963	121.10297394	System	PAC: explorer.exe -> explorer.exe Access=1000	
00011964	121.10300446	System	PAC: explorer.exe -> explorer.exe Access=1000	
00011965	121.10314178	System	PAC: explorer.exe -> Dbgview.exe Access=1000	
00011966	121.11627197	System	PAC: svchost.exe -> WmiPrvSE.exe Access=1000	
00011967	121.11630249	System	PAC: svchost.exe -> WmiPrvSE.exe Access=1000	
00011968	121.11636353	System	PAC: svchost.exe -> WmiPrvSE.exe Access=1000	
00011969	121.11639404	System	PAC: svchost.exe -> WmiPrvSE.exe Access=1000	
00011970	121.11645508	System	PAC: svchost.exe -> WmiPrvSE.exe Access=1000	
00011971	121.11650848	System	PAC: svchost.exe -> WmiPrvSE.exe Access=1000	
00011972	121.11664581	System	PAC: explorer.exe -> explorer.exe Access=2000	
00011973	121.11666107	System	PAC: explorer.exe -> TextInputHost. Access=2000	
00011974	121.11673737	System	PAC: explorer.exe -> SearchApp.exe Access=2000	
00011975	121.11673737	System	PAC: explorer.exe -> StartMenuExper Access=2000	
00011976	121.11673737	System	PAC: explorer.exe -> FangameTale-Wi Access=2000	
00011977	121.11696625	System	PAC: explorer.exe -> Dbgview.exe Access=1000	
00011978	121.11975861	System	PAC: explorer.exe -> Dbgview.exe Access=1000	
00011979	121.13171387	System	PAC: svchost.exe -> WmiPrvSE.exe Access=1000	
00011980	121.13173676	System	PAC: svchost.exe -> WmiPrvSE.exe Access=1000	
00011981	121.13191986	System	PAC: svchost.exe -> WmiPrvSE.exe Access=1000	
00011982	121.13195801	System	PAC: svchost.exe -> WmiPrvSE.exe Access=1000	
00011983	121.13209534	System	PAC: svchost.exe -> WmiPrvSE.exe Access=1000	
00011984	121.13230133	System	PAC: svchost.exe -> WmiPrvSE.exe Access=1000	
00011985	121.14608765	System	PAC: ctfmon.exe -> Dbgview.exe Access=1000	
00011986	121.14782715	System	PAC: svchost.exe -> WmiPrvSE.exe Access=1000	
00011987	121.14785004	System	PAC: svchost.exe -> WmiPrvSE.exe Access=1000	
00011988	121.14792633	System	PAC: svchost.exe -> WmiPrvSE.exe Access=1000	
00011989	121.14795685	System	PAC: svchost.exe -> WmiPrvSE.exe Access=1000	
00011990	121.14800262	System	PAC: svchost.exe -> WmiPrvSE.exe Access=1000	
00011991	121.14820862	System	PAC: svchost.exe -> WmiPrvSE.exe Access=1000	
00011992	121.18456268	System	PAC: svchost.exe -> WmiPrvSE.exe Access=1000	
00011993	121.18460083	System	PAC: svchost.exe -> WmiPrvSE.exe Access=1000	
00011994	121.18482208	System	PAC: svchost.exe -> WmiPrvSE.exe Access=1000	
00011995	121.18492126	System	PAC: svchost.exe -> WmiPrvSE.exe Access=1000	
00011996	121.18507385	System	PAC: svchost.exe -> WmiPrvSE.exe Access=1000	
00011997	121.18514252	System	PAC: svchost.exe -> WmiPrvSE.exe Access=1000	
00011998	121.23403168	System	PAC: svchost.exe -> VBoxService.ex Access=1000	
00011999	121.23416138	System	PAC: svchost.exe -> VBoxService.ex Access=1000	
00012000	121.23425293	System	PAC: svchost.exe -> VBoxService.ex Access=1000	
00012001	121.25332642	System	PAC: svchost.exe -> WmiPrvSE.exe Access=1000	
00012002	121.25334930	System	PAC: svchost.exe -> WmiPrvSE.exe Access=1000	
00012003	121.25350189	System	PAC: svchost.exe -> WmiPrvSE.exe Access=1000	
00012004	121.25354004	System	PAC: svchost.exe -> WmiPrvSE.exe Access=1000	
00012005	121.25361633	System	PAC: svchost.exe -> WmiPrvSE.exe Access=1000	
00012006	121.25366974	System	PAC: svchost.exe -> WmiPrvSE.exe Access=1000	
00012007	121.26679230	System	PAC: svchost.exe -> WmiPrvSE.exe Access=1000	
00012008	121.26681519	System	PAC: svchost.exe -> WmiPrvSE.exe Access=1000	
00012009	121.26689148	System	PAC: svchost.exe -> WmiPrvSE.exe Access=1000	
00012010	121.26692200	System	PAC: svchost.exe -> WmiPrvSE.exe Access=1000	
00012011	121.26705933	System	PAC: svchost.exe -> WmiPrvSE.exe Access=1000	
00012012	121.26718903	System	PAC: svchost.exe -> WmiPrvSE.exe Access=1000	
00012013	121.49040985	System	PAC: svchost.exe -> svchost.exe Access=1000	
00012014	121.58099365	System	PAC: svchost.exe -> explorer.exe Access=1000	
00012015	121.58105469	System	PAC: svchost.exe -> svchost.exe Access=1000	
00012016	121.58106995	System	PAC: svchost.exe -> svchost.exe Access=1000	
00012017	121.58114624	System	PAC: svchost.exe -> RuntimeBroker. Access=1000	
00012018	121.58116913	System	PAC: svchost.exe -> explorer.exe Access=1000	
00012019	121.58609772	System	PAC: svchost.exe -> WmiPrvSE.exe Access=1000	
00012020	121.58612823	System	PAC: svchost.exe -> WmiPrvSE.exe Access=1000	
00012021	121.58628082	System	PAC: svchost.exe -> WmiPrvSE.exe Access=1000	
00012022	121.58632660	System	PAC: svchost.exe -> WmiPrvSE.exe Access=1000	
00012023	121.58639526	System	PAC: svchost.exe -> WmiPrvSE.exe Access=1000	
00012024	121.58644104	System	PAC: svchost.exe -> WmiPrvSE.exe Access=1000	
00012025	121.60047150	System	PAC: svchost.exe -> WmiPrvSE.exe Access=1000	
00012026	121.60050201	System	PAC: svchost.exe -> WmiPrvSE.exe Access=1000	
00012027	121.60056305	System	PAC: svchost.exe -> WmiPrvSE.exe Access=1000	
00012028	121.60058594	System	PAC: svchost.exe -> WmiPrvSE.exe Access=1000	
00012029	121.60065460	System	PAC: svchost.exe -> WmiPrvSE.exe Access=1000	
00012030	121.60078430	System	PAC: svchost.exe -> WmiPrvSE.exe Access=1000	
00012031	121.62561035	System	PAC: svchost.exe -> WmiPrvSE.exe Access=1000	
00012032	121.62562561	System	PAC: svchost.exe -> WmiPrvSE.exe Access=1000	
00012033	121.62568665	System	PAC: svchost.exe -> WmiPrvSE.exe Access=1000	
00012034	121.62572479	System	PAC: svchost.exe -> WmiPrvSE.exe Access=1000	
00012035	121.62579346	System	PAC: svchost.exe -> WmiPrvSE.exe Access=1000	
00012036	121.62584686	System	PAC: svchost.exe -> WmiPrvSE.exe Access=1000	
00012037	121.66471863	System	PAC: svchost.exe -> svchost.exe Access=40	
00012038	121.66481018	System	PAC: svchost.exe -> svchost.exe Access=1000	
00012039	121.66481781	System	PAC: svchost.exe -> svchost.exe Access=40	
00012040	121.70272064	System	8214218750 - STORMINI: StorAHCI - LPM: SystemIoBusNumber:0 Port:00 - IDLE	
00012041	121.75943756	System	PAC: svchost.exe -> svchost.exe Access=1000	
00012042	121.76032257	System	PAC: svchost.exe -> svchost.exe Access=1000	
00012043	121.76212311	System	PAC: svchost.exe -> svchost.exe Access=1000	
00012044	121.76280212	System	PAC: svchost.exe -> svchost.exe Access=1000	
00012045	121.76541138	System	PAC: svchost.exe -> svchost.exe Access=1000	
00012046	121.76608276	System	PAC: svchost.exe -> svchost.exe Access=1000	
00012047	121.76805115	System	PAC: svchost.exe -> svchost.exe Access=1000	
00012048	121.76846313	System	PAC: svchost.exe -> svchost.exe Access=1000	
00012049	121.77156067	System	PAC: svchost.exe -> svchost.exe Access=1000	
00012050	121.77224731	System	PAC: svchost.exe -> svchost.exe Access=1000	
00012051	121.77853394	System	PAC: svchost.exe -> svchost.exe Access=1000	
00012052	121.77902985	System	PAC: svchost.exe -> svchost.exe Access=1000	
00012053	121.78182220	System	PAC: svchost.exe -> svchost.exe Access=1000	
00012054	121.78301239	System	PAC: svchost.exe -> svchost.exe Access=1000	
00012055	121.78872681	System	PAC: svchost.exe -> svchost.exe Access=1000	
00012056	121.78924561	System	PAC: svchost.exe -> svchost.exe Access=1000	
00012057	121.79277802	System	PAC: svchost.exe -> svchost.exe Access=1000	
00012058	121.79330444	System	PAC: svchost.exe -> svchost.exe Access=1000	
00012059	121.79934692	System	PAC: svchost.exe -> svchost.exe Access=1000	
00012060	121.79972076	System	PAC: svchost.exe -> svchost.exe Access=1000	
00012061	121.80387878	System	PAC: svchost.exe -> svchost.exe Access=1000	
00012062	121.80457306	System	PAC: svchost.exe -> svchost.exe Access=1000	
00012063	121.81031799	System	PAC: svchost.exe -> svchost.exe Access=1000	
00012064	121.81116486	System	PAC: svchost.exe -> svchost.exe Access=1000	
00012065	121.81459045	System	PAC: svchost.exe -> svchost.exe Access=1000	
00012066	121.81526947	System	PAC: svchost.exe -> svchost.exe Access=1000	
00012067	121.87300873	System	PAC: svchost.exe -> svchost.exe Access=1000	
00012068	121.87384033	System	PAC: svchost.exe -> svchost.exe Access=1000	
00012069	121.87804413	System	PAC: svchost.exe -> svchost.exe Access=1000	
00012070	121.87859344	System	PAC: svchost.exe -> svchost.exe Access=1000	
00012071	121.88462067	System	8216093750 - STORMINI: StorAHCI - LPM: SystemIoBusNumber:0 Port:00 - ACTIVE	
00012072	121.88462067	System	8216093750 - STORMINI: StorAHCI - LPM: SystemIoBusNumber:0 Port:00 - Transit into Slumber from Partial - Canceled	
00012073	121.91837311	System	PAC: svchost.exe -> svchost.exe Access=1000	
00012074	121.91863251	System	PAC: svchost.exe -> svchost.exe Access=1000	
00012075	121.91874695	System	PAC: svchost.exe -> svchost.exe Access=1000	
00012076	121.91921997	System	PAC: svchost.exe -> svchost.exe Access=1000	
00012077	121.93976593	System	PAC: VBoxService.ex -> winlogon.exe Access=1400	
00012078	121.93977356	System	PAC: VBoxService.ex -> lsass.exe Access=1400	
00012079	121.93977356	System	PAC: VBoxService.ex -> svchost.exe Access=1400	
00012080	121.93978882	System	PAC: VBoxService.ex -> fontdrvhost.ex Access=1400	
00012081	121.93978882	System	PAC: VBoxService.ex -> fontdrvhost.ex Access=1400	
00012082	121.93978882	System	PAC: VBoxService.ex -> svchost.exe Access=1400	
00012083	121.93980408	System	PAC: VBoxService.ex -> svchost.exe Access=1400	
00012084	121.93980408	System	PAC: VBoxService.ex -> dwm.exe Access=1400	
00012085	121.93981171	System	PAC: VBoxService.ex -> svchost.exe Access=1400	
00012086	121.93981171	System	PAC: VBoxService.ex -> svchost.exe Access=1400	
00012087	121.93981171	System	PAC: VBoxService.ex -> svchost.exe Access=1400	
00012088	121.93982697	System	PAC: VBoxService.ex -> svchost.exe Access=1400	
00012089	121.93982697	System	PAC: VBoxService.ex -> svchost.exe Access=1400	
00012090	121.93982697	System	PAC: VBoxService.ex -> svchost.exe Access=1400	
00012091	121.93984222	System	PAC: VBoxService.ex -> svchost.exe Access=1400	
00012092	121.93984222	System	PAC: VBoxService.ex -> svchost.exe Access=1400	
00012093	121.93984222	System	PAC: VBoxService.ex -> svchost.exe Access=1400	
00012094	121.93984985	System	PAC: VBoxService.ex -> svchost.exe Access=1400	
00012095	121.93984985	System	PAC: VBoxService.ex -> svchost.exe Access=1400	
00012096	121.93984985	System	PAC: VBoxService.ex -> svchost.exe Access=1400	
00012097	121.93986511	System	PAC: VBoxService.ex -> VBoxService.ex Access=1400	
00012098	121.93986511	System	PAC: VBoxService.ex -> svchost.exe Access=1400	
00012099	121.93986511	System	PAC: VBoxService.ex -> svchost.exe Access=1400	
00012100	121.93986511	System	PAC: VBoxService.ex -> svchost.exe Access=1400	
00012101	121.93988037	System	PAC: VBoxService.ex -> svchost.exe Access=1400	
00012102	121.93988037	System	PAC: VBoxService.ex -> svchost.exe Access=1400	
00012103	121.93988037	System	PAC: VBoxService.ex -> svchost.exe Access=1400	
00012104	121.93988800	System	PAC: VBoxService.ex -> svchost.exe Access=1400	
00012105	121.93988800	System	PAC: VBoxService.ex -> svchost.exe Access=1400	
00012106	121.93988800	System	PAC: VBoxService.ex -> svchost.exe Access=1400	
00012107	121.93990326	System	PAC: VBoxService.ex -> svchost.exe Access=1400	
00012108	121.93990326	System	PAC: VBoxService.ex -> svchost.exe Access=1400	
00012109	121.93990326	System	PAC: VBoxService.ex -> svchost.exe Access=1400	
00012110	121.93991852	System	PAC: VBoxService.ex -> svchost.exe Access=1400	
00012111	121.93991852	System	PAC: VBoxService.ex -> svchost.exe Access=1400	
00012112	121.93999481	System	PAC: VBoxService.ex -> svchost.exe Access=1400	
00012113	121.93999481	System	PAC: VBoxService.ex -> svchost.exe Access=1400	
00012114	121.94001007	System	PAC: VBoxService.ex -> spoolsv.exe Access=1400	
00012115	121.94001007	System	PAC: VBoxService.ex -> svchost.exe Access=1400	
00012116	121.94001007	System	PAC: VBoxService.ex -> svchost.exe Access=1400	
00012117	121.94001770	System	PAC: VBoxService.ex -> svchost.exe Access=1400	
00012118	121.94001770	System	PAC: VBoxService.ex -> svchost.exe Access=1400	
00012119	121.94001770	System	PAC: VBoxService.ex -> svchost.exe Access=1400	
00012120	121.94003296	System	PAC: VBoxService.ex -> svchost.exe Access=1400	
00012121	121.94003296	System	PAC: VBoxService.ex -> svchost.exe Access=1400	
00012122	121.94003296	System	PAC: VBoxService.ex -> svchost.exe Access=1400	
00012123	121.94004822	System	PAC: VBoxService.ex -> wallpaperservi Access=1400	
00012124	121.94004822	System	PAC: VBoxService.ex -> svchost.exe Access=1400	
00012125	121.94004822	System	PAC: VBoxService.ex -> svchost.exe Access=1400	
00012126	121.94005585	System	PAC: VBoxService.ex -> svchost.exe Access=1400	
00012127	121.94005585	System	PAC: VBoxService.ex -> svchost.exe Access=1400	
00012128	121.94007111	System	PAC: VBoxService.ex -> svchost.exe Access=1400	
00012129	121.94007111	System	PAC: VBoxService.ex -> svchost.exe Access=1400	
00012130	121.94007111	System	PAC: VBoxService.ex -> dllhost.exe Access=1400	
00012131	121.94008636	System	PAC: VBoxService.ex -> WmiPrvSE.exe Access=1400	
00012132	121.94008636	System	PAC: VBoxService.ex -> svchost.exe Access=1400	
00012133	121.94008636	System	PAC: VBoxService.ex -> sihost.exe Access=1400	
00012134	121.94009399	System	PAC: VBoxService.ex -> svchost.exe Access=1400	
00012135	121.94009399	System	PAC: VBoxService.ex -> svchost.exe Access=1400	
00012136	121.94009399	System	PAC: VBoxService.ex -> MicrosoftEdgeU Access=1400	
00012137	121.94010925	System	PAC: VBoxService.ex -> svchost.exe Access=1400	
00012138	121.94010925	System	PAC: VBoxService.ex -> svchost.exe Access=1400	
00012139	121.94010925	System	PAC: VBoxService.ex -> ctfmon.exe Access=1400	
00012140	121.94012451	System	PAC: VBoxService.ex -> taskhostw.exe Access=1400	
00012141	121.94012451	System	PAC: VBoxService.ex -> svchost.exe Access=1400	
00012142	121.94012451	System	PAC: VBoxService.ex -> explorer.exe Access=1400	
00012143	121.94013214	System	PAC: VBoxService.ex -> svchost.exe Access=1400	
00012144	121.94013214	System	PAC: VBoxService.ex -> svchost.exe Access=1400	
00012145	121.94013214	System	PAC: VBoxService.ex -> svchost.exe Access=1400	
00012146	121.94014740	System	PAC: VBoxService.ex -> svchost.exe Access=1400	
00012147	121.94014740	System	PAC: VBoxService.ex -> StartMenuExper Access=1400	
00012148	121.94014740	System	PAC: VBoxService.ex -> RuntimeBroker. Access=1400	
00012149	121.94016266	System	PAC: VBoxService.ex -> svchost.exe Access=1400	
00012150	121.94016266	System	PAC: VBoxService.ex -> SearchApp.exe Access=1400	
00012151	121.94016266	System	PAC: VBoxService.ex -> SearchIndexer. Access=1400	
00012152	121.94017029	System	PAC: VBoxService.ex -> RuntimeBroker. Access=1400	
00012153	121.94017029	System	PAC: VBoxService.ex -> svchost.exe Access=1400	
00012154	121.94018555	System	PAC: VBoxService.ex -> RuntimeBroker. Access=1400	
00012155	121.94018555	System	PAC: VBoxService.ex -> TextInputHost. Access=1400	
00012156	121.94018555	System	PAC: VBoxService.ex -> SecurityHealth Access=1400	
00012157	121.94020081	System	PAC: VBoxService.ex -> VBoxTray.exe Access=1400	
00012158	121.94020081	System	PAC: VBoxService.ex -> OneDrive.exe Access=1400	
00012159	121.94020081	System	PAC: VBoxService.ex -> svchost.exe Access=1400	
00012160	121.94020844	System	PAC: VBoxService.ex -> RuntimeBroker. Access=1400	
00012161	121.94020844	System	PAC: VBoxService.ex -> svchost.exe Access=1400	
00012162	121.94020844	System	PAC: VBoxService.ex -> dllhost.exe Access=1400	
00012163	121.94022369	System	PAC: VBoxService.ex -> audiodg.exe Access=1400	
00012164	121.94022369	System	PAC: VBoxService.ex -> cmd.exe Access=1400	
00012165	121.94022369	System	PAC: VBoxService.ex -> conhost.exe Access=1400	
00012166	121.94023895	System	PAC: VBoxService.ex -> svchost.exe Access=1400	
00012167	121.94023895	System	PAC: VBoxService.ex -> svchost.exe Access=1400	
00012168	121.94023895	System	PAC: VBoxService.ex -> svchost.exe Access=1400	
00012169	121.94024658	System	PAC: VBoxService.ex -> backgroundTask Access=1400	
00012170	121.94024658	System	PAC: VBoxService.ex -> PhoneExperienc Access=1400	
00012171	121.94024658	System	PAC: VBoxService.ex -> FangameTale.ex Access=1400	
00012172	121.94026184	System	PAC: VBoxService.ex -> rundll32.exe Access=1400	
00012173	121.94026184	System	PAC: VBoxService.ex -> UserOOBEBroker Access=1400	
00012174	121.94026184	System	PAC: VBoxService.ex -> smartscreen.ex Access=1400	
00012175	121.94027710	System	PAC: VBoxService.ex -> Dbgview.exe Access=1400	
00012176	121.94033813	System	PAC: VBoxService.ex -> FangameTale.ex Access=1400	
00012177	121.94033813	System	PAC: VBoxService.ex -> FangameTale-Wi Access=1400	
00012178	121.94033813	System	PAC: VBoxService.ex -> EpicWebHelper. Access=1400	
00012179	121.94035339	System	PAC: VBoxService.ex -> EpicWebHelper. Access=1400	
00012180	121.94035339	System	PAC: VBoxService.ex -> M365Copilot.ex Access=1400	
00012181	121.94035339	System	PAC: VBoxService.ex -> msedgewebview2 Access=1400	
00012182	121.94036102	System	PAC: VBoxService.ex -> msedgewebview2 Access=1400	
00012183	121.94036102	System	PAC: VBoxService.ex -> msedgewebview2 Access=1400	
00012184	121.94036102	System	PAC: VBoxService.ex -> msedgewebview2 Access=1400	
00012185	121.94037628	System	PAC: VBoxService.ex -> msedgewebview2 Access=1400	
00012186	121.94037628	System	PAC: VBoxService.ex -> msedgewebview2 Access=1400	
00012187	121.94037628	System	PAC: VBoxService.ex -> backgroundTask Access=1400	
00012188	121.94039154	System	PAC: VBoxService.ex -> RuntimeBroker. Access=1400	
00012189	121.94064331	System	PAC: svchost.exe -> VBoxService.ex Access=1000	
00012190	121.94095612	System	PAC: svchost.exe -> VBoxService.ex Access=1000	
00012191	121.98468781	System	8217187500 - STORMINI: StorAHCI - LPM: Port 01 - Port Stopped	
00012192	121.98504639	System	8217187500 - STORMINI: StorAHCI - LPM: Port 01 - Port Started	
00012193	122.03289795	System	PAC: svchost.exe -> svchost.exe Access=1000	
00012194	122.03554535	System	PAC: svchost.exe -> svchost.exe Access=1000	
00012195	122.03997803	System	PAC: svchost.exe -> svchost.exe Access=1000	
00012196	122.04103851	System	PAC: svchost.exe -> svchost.exe Access=1000	
00012197	122.05518341	8936	D3D11: Removing Device.	
00012198	122.05836487	System	PAC: svchost.exe -> svchost.exe Access=1000	
00012199	122.06229401	System	PAC: svchost.exe -> svchost.exe Access=1000	
00012200	122.06340027	System	PAC: sihost.exe -> M365Copilot.ex Access=21410	
00012201	122.06372833	System	PAC: svchost.exe -> svchost.exe Access=1000	
00012202	122.06427002	System	PAC: svchost.exe -> svchost.exe Access=1000	
00012203	122.06591034	System	PAC: lsass.exe -> M365Copilot.ex Access=1000	
00012204	122.07412720	System	PAC: MsMpEng.exe -> FangameTale-Wi Access=1000	
00012205	122.07549286	5008	[MultiModalUtils] Stopping wake word detection	
00012206	122.07582855	5008	[20:35:54.237] [SessionId: ] StopWakeWordDetection called with pause: 0	
00012207	122.07594299	5008	[20:35:54.238] [SessionId: ] [MultiModalUtils#StopWakeWordDetection] Wake word detection is already stopped	
00012208	122.07607269	5008	[20:35:54.238] [SessionId: ] MultiModal instance was already null during destroy	
00012209	122.09815979	System	PAC: M365Copilot.ex -> explorer.exe Access=40	
00012210	122.09821320	System	PAC: M365Copilot.ex -> explorer.exe Access=40	
00012211	122.09828186	System	PAC: M365Copilot.ex -> explorer.exe Access=40	
00012212	122.09830475	System	PAC: M365Copilot.ex -> explorer.exe Access=40	
00012213	122.12029266	System	PAC: explorer.exe -> explorer.exe Access=1000	
00012214	122.16905212	System	PAC: MsMpEng.exe -> FangameTale-Wi Access=1000	
00012215	122.17765045	System	PAC: explorer.exe -> FangameTale-Wi Access=1000	
00012216	122.18572998	System	PAC: explorer.exe -> explorer.exe Access=1000	
00012217	122.18943024	System	PAC: explorer.exe -> explorer.exe Access=1000	
00012218	122.19300079	System	PAC: explorer.exe -> explorer.exe Access=1000	
00012219	122.19572449	System	PAC: explorer.exe -> explorer.exe Access=1000	
00012220	122.19905090	System	PAC: explorer.exe -> Dbgview.exe Access=1000	
00012221	122.20120239	System	PAC: explorer.exe -> FangameTale-Wi Access=1000	
00012222	122.20362091	System	PAC: explorer.exe -> explorer.exe Access=1000	
00012223	122.20760345	System	PAC: explorer.exe -> cmd.exe Access=1000	
00012224	122.20777893	System	PAC: explorer.exe -> explorer.exe Access=1000	
00012225	122.20779419	System	PAC: explorer.exe -> explorer.exe Access=1000	
00012226	122.20780945	System	PAC: explorer.exe -> explorer.exe Access=1000	
00012227	122.21073914	System	PAC: explorer.exe -> FangameTale-Wi Access=1000	
00012228	122.21428680	System	PAC: explorer.exe -> explorer.exe Access=1000	
00012229	122.21665192	System	PAC: explorer.exe -> explorer.exe Access=1000	
00012230	122.22067261	System	PAC: explorer.exe -> explorer.exe Access=1000	
00012231	122.22354126	System	PAC: explorer.exe -> explorer.exe Access=1000	
00012232	122.22557068	System	PAC: explorer.exe -> Dbgview.exe Access=1000	
00012233	122.22773743	System	PAC: explorer.exe -> FangameTale-Wi Access=1000	
00012234	122.23037720	System	PAC: explorer.exe -> explorer.exe Access=1000	
00012235	122.23121643	System	PAC: explorer.exe -> cmd.exe Access=1000	
00012236	122.23467255	System	PAC: explorer.exe -> explorer.exe Access=1000	
00012237	122.23751831	System	PAC: svchost.exe -> VBoxService.ex Access=1000	
00012238	122.23755646	System	PAC: svchost.exe -> VBoxService.ex Access=1000	
00012239	122.23764801	System	PAC: svchost.exe -> VBoxService.ex Access=1000	
00012240	122.23857880	System	PAC: explorer.exe -> explorer.exe Access=1000	
00012241	122.24126434	System	PAC: explorer.exe -> explorer.exe Access=1000	
00012242	122.24522400	System	PAC: explorer.exe -> FangameTale-Wi Access=1000	
00012243	122.28313446	System	PAC: ctfmon.exe -> FangameTale-Wi Access=1000	
00012244	122.29512787	System	PAC: explorer.exe -> FangameTale-Wi Access=1000	
00012245	122.31138611	System	PAC: explorer.exe -> FangameTale-Wi Access=1000	
00012246	122.31243896	System	PAC: explorer.exe -> FangameTale-Wi Access=1000	
00012247	122.31388092	System	PAC: explorer.exe -> FangameTale-Wi Access=1000	
00012248	122.31516266	System	PAC: explorer.exe -> FangameTale-Wi Access=1000	
00012249	122.31517792	System	PAC: explorer.exe -> FangameTale-Wi Access=1000	
00012250	122.31539154	System	PAC: explorer.exe -> FangameTale-Wi Access=1410	
00012251	122.31600952	System	PAC: explorer.exe -> FangameTale-Wi Access=2000	
00012252	122.32450867	System	PAC: explorer.exe -> explorer.exe Access=1000	
00012253	122.32740021	System	PAC: explorer.exe -> explorer.exe Access=1000	
00012254	122.33116150	System	PAC: explorer.exe -> explorer.exe Access=1000	
00012255	122.33452606	System	PAC: explorer.exe -> explorer.exe Access=1000	
00012256	122.33805084	System	PAC: explorer.exe -> FangameTale-Wi Access=1000	
00012257	122.34051514	System	PAC: explorer.exe -> Dbgview.exe Access=1000	
00012258	122.34285736	System	PAC: explorer.exe -> FangameTale-Wi Access=1000	
00012259	122.34666443	System	PAC: explorer.exe -> explorer.exe Access=1000	
00012260	122.35005188	System	PAC: explorer.exe -> cmd.exe Access=1000	
00012261	122.35116577	System	PAC: explorer.exe -> explorer.exe Access=1000	
00012262	122.35407257	System	PAC: explorer.exe -> explorer.exe Access=1000	
00012263	122.35788727	System	PAC: explorer.exe -> explorer.exe Access=1000	
00012264	122.36124420	System	PAC: explorer.exe -> FangameTale-Wi Access=1000	
00012265	122.36124420	System	PAC: explorer.exe -> FangameTale-Wi Access=1000	
00012266	122.41455078	System	PAC: explorer.exe -> FangameTale-Wi Access=1000	
00012267	122.41456604	System	PAC: explorer.exe -> FangameTale-Wi Access=1000	
00012268	122.41665649	System	PAC: explorer.exe -> FangameTale-Wi Access=1000	
00012269	122.41665649	System	PAC: explorer.exe -> FangameTale-Wi Access=1000	
00012270	122.41666412	System	PAC: explorer.exe -> FangameTale-Wi Access=1000	
00012271	122.41669464	System	PAC: explorer.exe -> FangameTale-Wi Access=1000	
00012272	122.41669464	System	PAC: explorer.exe -> FangameTale-Wi Access=1000	
00012273	122.41707611	System	PAC: explorer.exe -> FangameTale-Wi Access=1410	
00012274	122.41844177	System	PAC: explorer.exe -> FangameTale-Wi Access=1000	
00012275	122.42364502	System	PAC: explorer.exe -> explorer.exe Access=1000	
00012276	122.42497253	System	PAC: explorer.exe -> explorer.exe Access=1000	
00012277	122.42555237	System	PAC: explorer.exe -> explorer.exe Access=1000	
00012278	122.42595673	System	PAC: explorer.exe -> explorer.exe Access=1000	
00012279	122.42598724	System	PAC: explorer.exe -> FangameTale-Wi Access=1000	
00012280	122.42727661	System	PAC: explorer.exe -> Dbgview.exe Access=1000	
00012281	122.42977142	System	PAC: explorer.exe -> FangameTale-Wi Access=1000	
00012282	122.42991638	System	PAC: explorer.exe -> explorer.exe Access=1000	
00012283	122.42993927	System	PAC: explorer.exe -> cmd.exe Access=1000	
00012284	122.43023682	System	PAC: explorer.exe -> explorer.exe Access=1000	
00012285	122.43025970	System	PAC: explorer.exe -> explorer.exe Access=1000	
00012286	122.43027496	System	PAC: explorer.exe -> explorer.exe Access=1000	
00012287	122.50074768	System	PAC: svchost.exe -> explorer.exe Access=2000	
00012288	122.55541992	System	PAC: explorer.exe -> explorer.exe Access=1410	
00012289	122.55542755	System	PAC: explorer.exe -> explorer.exe Access=1000	
00012290	122.56269073	System	PAC: svchost.exe -> explorer.exe Access=2000	
00012291	122.58650970	System	PAC: ctfmon.exe -> explorer.exe Access=1000	
00012292	122.63561249	System	PAC: lsass.exe -> dwm.exe Access=1000	
00012293	122.63581085	System	PAC: lsass.exe -> dwm.exe Access=1000	
00012294	122.74778748	System	PAC: svchost.exe -> dwm.exe Access=1000	
00012295	122.74780273	System	PAC: svchost.exe -> dwm.exe Access=1000	
00012296	122.74790192	System	PAC: svchost.exe -> dwm.exe Access=1000	
00012297	122.74791718	System	PAC: svchost.exe -> dwm.exe Access=1000	
00012298	122.80266571	System	PAC: svchost.exe -> dwm.exe Access=1000	
00012299	122.80271149	System	PAC: svchost.exe -> dwm.exe Access=1000	
00012300	122.80287933	System	PAC: svchost.exe -> dwm.exe Access=1000	
00012301	122.80298615	System	PAC: svchost.exe -> dwm.exe Access=1000	
00012302	122.86650848	System	PAC: svchost.exe -> explorer.exe Access=2000	
00012303	122.88027191	System	PAC: explorer.exe -> explorer.exe Access=1000	
00012304	122.88647461	System	PAC: explorer.exe -> explorer.exe Access=1000	
00012305	122.89202881	System	PAC: explorer.exe -> explorer.exe Access=1000	
00012306	122.89786530	System	PAC: explorer.exe -> explorer.exe Access=1000	
00012307	122.89829254	System	8226250000 - STORMINI: StorAHCI - LPM: SystemIoBusNumber:0 Port:00 - IDLE	
00012308	122.90260315	System	PAC: explorer.exe -> explorer.exe Access=1000	
00012309	122.90422821	System	PAC: ctfmon.exe -> explorer.exe Access=1000	
00012310	122.90708160	System	PAC: explorer.exe -> FangameTale-Wi Access=1000	
00012311	122.91117859	System	PAC: explorer.exe -> Dbgview.exe Access=1000	
00012312	122.91570282	System	PAC: explorer.exe -> FangameTale-Wi Access=1000	
00012313	122.91918182	System	PAC: explorer.exe -> explorer.exe Access=1000	
00012314	122.92382812	System	PAC: explorer.exe -> cmd.exe Access=1000	
00012315	122.93076324	System	PAC: explorer.exe -> explorer.exe Access=1000	
00012316	122.93570709	System	PAC: explorer.exe -> explorer.exe Access=1000	
00012317	122.93914795	System	PAC: explorer.exe -> explorer.exe Access=1000	
00012318	122.94465637	System	PAC: explorer.exe -> explorer.exe Access=1000	
00012319	122.94964600	System	PAC: explorer.exe -> explorer.exe Access=2000	
00012320	122.99252319	System	8227187500 - STORMINI: StorAHCI - LPM: Port 01 - Port Stopped	
00012321	122.99291992	System	8227187500 - STORMINI: StorAHCI - LPM: Port 01 - Port Started	
00012322	123.03960419	System	PAC: explorer.exe -> explorer.exe Access=2000	
00012323	123.03960419	System	PAC: explorer.exe -> TextInputHost. Access=2000	
00012324	123.03961945	System	PAC: explorer.exe -> SearchApp.exe Access=2000	
00012325	123.03961945	System	PAC: explorer.exe -> StartMenuExper Access=2000	
00012326	123.03961945	System	PAC: explorer.exe -> FangameTale-Wi Access=2000	
00012327	123.05824280	System	PAC: MsMpEng.exe -> FangameTale-Wi Access=1000	
00012328	123.05828094	System	PAC: MsMpEng.exe -> FangameTale-Wi Access=1000	
00012329	123.09654999	System	PAC: msedgewebview2 -> msedgewebview2 Access=1FFFFF	
00012330	123.09667969	System	PAC: msedgewebview2 -> msedgewebview2 Access=1FFFFF	
00012331	123.09681702	System	PAC: msedgewebview2 -> msedgewebview2 Access=1000	
00012332	123.10055542	System	PAC: svchost.exe -> svchost.exe Access=1000	
00012333	123.10057068	System	PAC: svchost.exe -> svchost.exe Access=1000	
00012334	123.10058594	System	PAC: svchost.exe -> RuntimeBroker. Access=1000	
00012335	123.10059357	System	PAC: svchost.exe -> RuntimeBroker. Access=1000	
00012336	123.10060883	System	PAC: svchost.exe -> svchost.exe Access=1000	
00012337	123.10062408	System	PAC: svchost.exe -> svchost.exe Access=1000	
00012338	123.10543060	System	PAC: msedgewebview2 -> msedgewebview2 Access=1000	
00012339	123.11161804	System	8228437500 - STORMINI: StorAHCI - LPM: SystemIoBusNumber:0 Port:00 - ACTIVE	
00012340	123.11161804	System	8228437500 - STORMINI: StorAHCI - LPM: SystemIoBusNumber:0 Port:00 - Transit into Slumber from Partial - Canceled	
00012341	123.11560822	System	PAC: msedgewebview2 -> msedgewebview2 Access=1000	
00012342	123.12578583	System	PAC: msedgewebview2 -> msedgewebview2 Access=1000	
00012343	123.22855377	System	PAC: msedgewebview2 -> msedgewebview2 Access=101451	
00012344	123.23947144	System	PAC: svchost.exe -> VBoxService.ex Access=1000	
00012345	123.23951721	System	PAC: svchost.exe -> VBoxService.ex Access=1000	
00012346	123.23960114	System	PAC: svchost.exe -> VBoxService.ex Access=1000	
00012347	123.23997498	System	PAC: svchost.exe -> svchost.exe Access=1000	
00012348	123.24169922	System	PAC: MsMpEng.exe -> AppHostRegistr Access=1000	
00012349	123.24176788	System	PAC: msedgewebview2 -> msedgewebview2 Access=1000	
00012350	123.24189758	System	PAC: svchost.exe -> AppHostRegistr Access=1FFFFF	
00012351	123.24205017	System	PAC: csrss.exe -> AppHostRegistr Access=1FFFFF	
00012352	123.24311066	System	PAC: msedgewebview2 -> msedgewebview2 Access=1000	
00012353	123.24324036	System	PAC: msedgewebview2 -> msedgewebview2 Access=1000	
00012354	123.24344635	System	PAC: svchost.exe -> svchost.exe Access=1000	
00012355	123.24356842	System	PAC: msedgewebview2 -> msedgewebview2 Access=1000	
00012356	123.24377441	System	PAC: msedgewebview2 -> msedgewebview2 Access=1000	
00012357	123.24380493	System	PAC: msedgewebview2 -> msedgewebview2 Access=1FFFFF	
00012358	123.24381256	System	PAC: msedgewebview2 -> msedgewebview2 Access=1000	
00012359	123.24399567	System	PAC: msedgewebview2 -> msedgewebview2 Access=1FFFFF	
00012360	123.24399567	System	PAC: msedgewebview2 -> msedgewebview2 Access=1000	
00012361	123.24407959	System	PAC: msedgewebview2 -> msedgewebview2 Access=1000	
00012362	123.24420166	System	PAC: msedgewebview2 -> msedgewebview2 Access=1000	
00012363	123.24465942	System	PAC: msedgewebview2 -> msedgewebview2 Access=1000	
00012364	123.24569702	System	PAC: csrss.exe -> AppHostRegistr Access=1FFFFF	
00012365	123.24987030	System	PAC: msedgewebview2 -> msedgewebview2 Access=1000	
00012366	123.26322937	System	PAC: svchost.exe -> AppHostRegistr Access=1000	
00012367	123.26324463	System	PAC: svchost.exe -> AppHostRegistr Access=100000	
00012368	123.26802826	System	PAC: svchost.exe -> AppHostRegistr Access=1000	
00012369	123.27605438	System	PAC: svchost.exe -> AppHostRegistr Access=1000	
00012370	123.28538513	System	PAC: svchost.exe -> AppHostRegistr Access=1000	
00012371	123.28575897	System	PAC: svchost.exe -> svchost.exe Access=1000	
00012372	123.28826904	System	PAC: MsMpEng.exe -> AppHostRegistr Access=1000	
00012373	123.28856659	System	PAC: svchost.exe -> AppHostRegistr Access=1FFFFF	
00012374	123.28876495	System	PAC: csrss.exe -> AppHostRegistr Access=1FFFFF	
00012375	123.29108429	System	PAC: csrss.exe -> AppHostRegistr Access=1FFFFF	
00012376	123.30088806	688	D3D11: Removing Device.	
00012377	123.30758667	System	PAC: svchost.exe -> AppHostRegistr Access=1000	
00012378	123.30760956	System	PAC: svchost.exe -> AppHostRegistr Access=100000	
00012379	123.31262970	System	PAC: svchost.exe -> AppHostRegistr Access=1000	
00012380	123.31782532	System	PAC: svchost.exe -> AppHostRegistr Access=1000	
00012381	123.32553864	System	PAC: svchost.exe -> AppHostRegistr Access=1000	
00012382	123.33148193	System	PAC: msedgewebview2 -> msedgewebview2 Access=1000	
00012383	123.42308044	System	PAC: svchost.exe -> svchost.exe Access=1000	
00012384	123.42308044	System	PAC: svchost.exe -> svchost.exe Access=1000	
00012385	123.42314148	System	PAC: svchost.exe -> svchost.exe Access=1000	
00012386	123.42315674	System	PAC: svchost.exe -> svchost.exe Access=1000	
00012387	123.42319489	System	PAC: svchost.exe -> RuntimeBroker. Access=1000	
00012388	123.42321014	System	PAC: svchost.exe -> RuntimeBroker. Access=1000	
00012389	123.42324829	System	PAC: svchost.exe -> RuntimeBroker. Access=1000	
00012390	123.42324829	System	PAC: svchost.exe -> RuntimeBroker. Access=1000	
00012391	123.44848633	System	PAC: svchost.exe -> sihost.exe Access=1014C0	
00012392	123.46658325	System	PAC: svchost.exe -> sihost.exe Access=1014C0	
00012393	123.47006989	System	PAC: svchost.exe -> SearchIndexer. Access=1000	
00012394	123.47074890	System	PAC: svchost.exe -> SearchIndexer. Access=1000	
00012395	123.47118378	System	PAC: svchost.exe -> SearchIndexer. Access=1000	
00012396	123.47138214	System	PAC: svchost.exe -> SearchIndexer. Access=1000	
00012397	123.47146606	System	PAC: svchost.exe -> SearchIndexer. Access=1000	
00012398	123.48353577	System	PAC: svchost.exe -> svchost.exe Access=101000	
00012399	123.48376465	System	PAC: svchost.exe -> svchost.exe Access=101000	
00012400	123.48391724	System	PAC: svchost.exe -> svchost.exe Access=101000	
00012401	123.51181793	System	PAC: svchost.exe -> svchost.exe Access=101000	
00012402	123.51207733	System	PAC: svchost.exe -> svchost.exe Access=101000	
00012403	123.51213837	System	PAC: svchost.exe -> svchost.exe Access=101000	
00012404	123.52244568	System	PAC: svchost.exe -> svchost.exe Access=1000	
00012405	123.52250671	System	PAC: svchost.exe -> svchost.exe Access=1000	
00012406	123.52299500	System	PAC: svchost.exe -> svchost.exe Access=1000	
00012407	123.52310944	System	PAC: svchost.exe -> svchost.exe Access=1000	
00012408	123.52357483	System	PAC: svchost.exe -> svchost.exe Access=1000	
00012409	123.52365112	System	PAC: svchost.exe -> svchost.exe Access=1000	
00012410	123.52423859	System	PAC: svchost.exe -> svchost.exe Access=1000	
00012411	123.52429962	System	PAC: svchost.exe -> svchost.exe Access=1000	
00012412	123.52486420	System	PAC: svchost.exe -> svchost.exe Access=1000	
00012413	123.52495575	System	PAC: svchost.exe -> svchost.exe Access=1000	
00012414	123.52546692	System	PAC: svchost.exe -> svchost.exe Access=1000	
00012415	123.52554321	System	PAC: svchost.exe -> svchost.exe Access=1000	
00012416	123.52579498	System	PAC: svchost.exe -> svchost.exe Access=1000	
00012417	123.52866364	System	PAC: svchost.exe -> svchost.exe Access=1000	
00012418	123.52873230	System	PAC: svchost.exe -> svchost.exe Access=1000	
00012419	123.52877045	System	PAC: svchost.exe -> svchost.exe Access=1000	
00012420	123.52949524	System	PAC: svchost.exe -> svchost.exe Access=1000	
00012421	123.52957153	System	PAC: svchost.exe -> svchost.exe Access=1000	
00012422	123.52958679	System	PAC: svchost.exe -> svchost.exe Access=1000	
00012423	123.52968597	System	PAC: svchost.exe -> svchost.exe Access=1000	
00012424	123.52985382	System	PAC: svchost.exe -> svchost.exe Access=1000	
00012425	123.52998352	System	PAC: svchost.exe -> svchost.exe Access=1000	
00012426	123.53049469	System	PAC: svchost.exe -> svchost.exe Access=1000	
00012427	123.53182983	System	PAC: svchost.exe -> svchost.exe Access=1000	
00012428	123.53302765	System	PAC: svchost.exe -> svchost.exe Access=1000	
00012429	123.53424835	System	PAC: svchost.exe -> svchost.exe Access=1000	
00012430	123.53572083	System	PAC: svchost.exe -> svchost.exe Access=1000	
00012431	123.53704834	System	PAC: svchost.exe -> svchost.exe Access=1000	
00012432	123.53833008	System	PAC: svchost.exe -> svchost.exe Access=1000	
00012433	123.53978729	System	PAC: svchost.exe -> svchost.exe Access=1000	
00012434	123.54096985	System	PAC: svchost.exe -> svchost.exe Access=1000	
00012435	123.54242706	System	PAC: svchost.exe -> svchost.exe Access=1000	
00012436	123.54369354	System	PAC: svchost.exe -> svchost.exe Access=1000	
00012437	123.54576874	System	PAC: svchost.exe -> svchost.exe Access=1000	
00012438	123.54586792	System	PAC: svchost.exe -> svchost.exe Access=1000	
00012439	123.54594421	System	PAC: svchost.exe -> svchost.exe Access=1000	
00012440	123.54601288	System	PAC: svchost.exe -> svchost.exe Access=1000	
00012441	123.54622650	System	PAC: svchost.exe -> svchost.exe Access=1000	
00012442	123.54635620	System	PAC: svchost.exe -> svchost.exe Access=1000	
00012443	123.54669952	System	PAC: svchost.exe -> svchost.exe Access=1000	
00012444	123.54701996	System	PAC: svchost.exe -> svchost.exe Access=1000	
00012445	123.54717255	System	PAC: svchost.exe -> svchost.exe Access=1000	
00012446	123.55961609	System	PAC: svchost.exe -> svchost.exe Access=1000	
00012447	123.55963135	System	PAC: svchost.exe -> svchost.exe Access=1000	
00012448	123.55963135	System	PAC: svchost.exe -> svchost.exe Access=1000	
00012449	123.58203888	System	PAC: svchost.exe -> svchost.exe Access=1000	
00012450	123.58358002	System	PAC: svchost.exe -> svchost.exe Access=1000	
00012451	123.58451080	System	PAC: svchost.exe -> svchost.exe Access=1000	
00012452	123.58471680	System	PAC: svchost.exe -> svchost.exe Access=1000	
00012453	123.58548737	System	PAC: svchost.exe -> svchost.exe Access=1000	
00012454	123.58553314	System	PAC: svchost.exe -> svchost.exe Access=1000	
00012455	123.58609772	System	PAC: svchost.exe -> svchost.exe Access=1000	
00012456	123.58618927	System	PAC: svchost.exe -> svchost.exe Access=1000	
00012457	123.58624268	System	PAC: svchost.exe -> svchost.exe Access=1000	
00012458	123.58626556	System	PAC: svchost.exe -> svchost.exe Access=1000	
00012459	123.58658600	System	PAC: svchost.exe -> svchost.exe Access=1000	
00012460	123.58660126	System	PAC: svchost.exe -> svchost.exe Access=1000	
00012461	123.58667755	System	PAC: svchost.exe -> svchost.exe Access=1000	
00012462	123.58677673	System	PAC: svchost.exe -> svchost.exe Access=1000	
00012463	123.58695984	System	PAC: svchost.exe -> svchost.exe Access=1000	
00012464	123.58731842	System	PAC: svchost.exe -> svchost.exe Access=1000	
00012465	123.58781433	System	PAC: svchost.exe -> svchost.exe Access=1000	
00012466	123.58785248	System	PAC: svchost.exe -> svchost.exe Access=1000	
00012467	123.58815765	System	PAC: svchost.exe -> svchost.exe Access=1000	
00012468	123.58826447	System	PAC: svchost.exe -> svchost.exe Access=1000	
00012469	123.58830261	System	PAC: svchost.exe -> svchost.exe Access=1000	
00012470	123.58858490	System	PAC: svchost.exe -> svchost.exe Access=1000	
00012471	123.58874512	System	PAC: svchost.exe -> svchost.exe Access=1000	
00012472	123.58876038	System	PAC: svchost.exe -> svchost.exe Access=1000	
00012473	123.58890533	System	PAC: svchost.exe -> svchost.exe Access=1000	
00012474	123.58895111	System	PAC: svchost.exe -> svchost.exe Access=1000	
00012475	123.58898163	System	PAC: svchost.exe -> svchost.exe Access=1000	
00012476	123.58901978	System	PAC: svchost.exe -> svchost.exe Access=1000	
00012477	123.58904266	System	PAC: svchost.exe -> svchost.exe Access=1000	
00012478	123.58908081	System	PAC: svchost.exe -> svchost.exe Access=1000	
00012479	123.58910370	System	PAC: svchost.exe -> svchost.exe Access=1000	
00012480	123.58924866	System	PAC: svchost.exe -> svchost.exe Access=1000	
00012481	123.58930206	System	PAC: svchost.exe -> svchost.exe Access=1000	
00012482	123.58945465	System	PAC: svchost.exe -> svchost.exe Access=1000	
00012483	123.58964539	System	PAC: svchost.exe -> svchost.exe Access=1000	
00012484	123.58992767	System	PAC: svchost.exe -> svchost.exe Access=1000	
00012485	123.59011841	System	PAC: svchost.exe -> svchost.exe Access=1000	
00012486	123.59019470	System	PAC: svchost.exe -> svchost.exe Access=1000	
00012487	123.59027100	System	PAC: svchost.exe -> svchost.exe Access=1000	
00012488	123.59034729	System	PAC: svchost.exe -> svchost.exe Access=1000	
00012489	123.59056854	System	PAC: svchost.exe -> svchost.exe Access=1000	
00012490	123.59064484	System	PAC: svchost.exe -> svchost.exe Access=1000	
00012491	123.59072113	System	PAC: svchost.exe -> svchost.exe Access=1000	
00012492	123.59100342	System	PAC: svchost.exe -> svchost.exe Access=1000	
00012493	123.59140015	System	PAC: svchost.exe -> svchost.exe Access=1000	
00012494	123.59156799	System	PAC: svchost.exe -> svchost.exe Access=1000	
00012982	124.13294983	3804	[ConsumerHandoffRouter] App.cpp checkpoint, launchInfo.type=Normal	
00012983	124.16671753	3804	[ConsumerHandoffRouter] EvaluateAndRouteForBoot ENTRY	
00012986	124.19625092	3804	[ConsumerHandoffRouter] gateOn=false	
00012987	124.23085785	3804	[ConsumerHandoffRouter] activeAccount type=None, otherCached count=0, allTypes=, hasLoginName=false	
00013107	124.39591980	3804	[ConsumerHandoffRouter] decision=stay, reason=gate off	
